ticker,trade_number,entry_date,exit_date,return_pct,winner,rsi14_signal,volume_ratio_signal,volume_percentile60_signal,rsi14_prior,volume_ratio_prior,volume_percentile60_prior,atr_pct_prior,above_sma200_prior,sma50_over_200_prior,return_5d_prior,return_20d_prior,body_pct_signal,close_location_signal,anchor_span,bars_after_anchor,line_drop_pct,breakout_pct
AAPL,1,2021-10-05,2021-10-06,-1.315,0,,,,,,,,0,0,-4.285616014308324,,1.1613735751666818,0.6076388888888898,6.0,1.0,3.5121154369725,2.0171546792337838e-14
AAPL,2,2021-10-07,2021-10-08,-0.3,0,,,,,,,,0,0,-0.5811104109780918,,0.16077170418005715,0.37999999999999545,,,,
AAPL,3,2021-10-15,2021-10-18,-0.703,0,34.80869145400254,,,31.162967270329943,,,1.76764081037282,0,0,0.32800614139159023,,0.7442442790568221,0.9568345323740995,,,,
AAPL,4,2021-10-19,2021-11-26,8.244,1,46.38855444596924,,,40.20826956891397,,,1.7373958616187364,0,0,2.6188642251943284,,1.1903952112101217,0.8435114503816793,,,,
AAPL,5,2021-11-29,2021-12-02,-0.82,0,63.37332318392359,1.1427891535713788,0.7555555555555555,57.3778904010809,0.9764588556522092,0.6590909090909091,2.0050063986216116,0,0,-0.6714385253689725,2.779052238316848,0.5458994791993503,0.6041666666666723,,,,
AAPL,6,2021-12-03,2021-12-08,4.645,1,60.95376979306463,1.3249121337019236,0.8979591836734694,65.91797993975162,1.6092917191959002,0.9375,2.3286795488686045,0,0,1.123873039397294,8.099544524391034,-1.3291062065601795,0.4045801526717559,,,,
AAPL,7,2021-12-10,2021-12-14,-0.3,0,78.1193321861965,1.1255546323535939,0.8148148148148148,74.39453972698252,1.0855158516605077,0.7924528301886793,2.4019923716435416,0,0,6.595017098192479,18.009734991887516,2.41995319901831,0.9635627530364359,,,,
AAPL,8,2021-12-15,2021-12-16,-0.38,0,71.4302959466416,1.1423699587799263,0.8947368421052632,66.91153579760764,1.2588386808459773,0.9464285714285714,2.582513449455195,0,0,1.8401682439537437,16.220000000000013,2.3927816800868014,0.9721835883171087,,,,
AAPL,9,2021-12-21,2021-12-29,4.229,1,59.09094458185221,0.73668600726063,0.6,55.298490641162694,0.8650527356656745,0.7,2.8935673769012364,0,0,-3.4084442927051373,5.730302086577388,0.8335276288179103,0.9485294117647107,2.0,1.0,5.3157072735385995,3.9852107767372718
AAPL,10,2021-12-30,2021-12-31,-1.069,0,62.435587266051144,0.5150776968246454,0.18333333333333332,64.8114179906517,0.512604749771708,0.25,2.372532015438705,0,0,3.693855136135027,8.517846339987889,-0.707639159748153,0.04435483870967164,,,,
AAPL,11,2022-01-03,2022-01-05,-0.446,0,66.40932994724308,0.9692867496144436,0.6833333333333333,61.14680088875724,0.5748973179705633,0.3,2.2384339951323513,0,0,0.7317903335602338,8.433072789447982,2.350559523140065,0.831721470019341,,,,
AAPL,12,2022-01-10,2022-01-13,3.387,1,49.25907755034933,1.0335109179677282,0.6833333333333333,49.22618287020791,0.8304313983135967,0.5166666666666667,2.352312096591614,0,0,-3.0410542321338108,-1.3691567369385926,1.8393659806008902,0.9284064665127018,2.0,1.0,3.741439786203456,1.6765002908278188e-14
AAPL,13,2022-01-26,2022-01-27,-2.63,0,32.060789684322444,1.1717679329102355,0.6666666666666666,32.165521739746325,1.281530952637204,0.7166666666666667,2.7906301666410513,0,0,-5.901060070671383,-11.395774413575122,-2.3302752293577993,0.2846270928462719,3.0,5.0,3.2882011605415866,1.95385574724589
AAPL,14,2022-01-28,2022-02-02,5.155,1,52.99968562768722,1.8580682402555964,0.9833333333333333,31.484258858597627,1.2993257025642948,0.8166666666666667,2.9377874048094896,0,0,-3.215609993313473,-11.238711116066447,2.7880031380121926,0.9973509933774859,,,,
AAPL,15,2022-02-09,2022-02-10,-1.385,0,59.31173895486212,0.7076054056347864,0.13333333333333333,57.30021784077326,0.7311966586798969,0.16666666666666666,2.5713562064984763,0,0,0.12599507473798344,1.533190080724789,0.1306447032093097,0.7885714285714259,,,,
AAPL,16,2022-02-15,2022-02-17,-0.3,0,53.0935737173441,0.611233806652735,0.03333333333333333,46.863414772782946,0.8448747909391834,0.2833333333333333,2.5388767131312058,0,0,-1.6194803681696346,-2.420985728318026,1.064514242264721,0.9407407407407418,2.0,1.0,3.020558171586075,2.8390977443609016
AAPL,17,2022-02-23,2022-02-24,-8.129,0,35.41089008702572,0.9726337483245394,0.4166666666666667,40.382919284165574,0.9486410322928676,0.4666666666666667,2.5997948109513267,0,0,-2.700142112742776,1.6705853235985613,-3.304337320285127,0.04999999999999889,2.0,1.0,3.537391100976443,2.213577845697884
AAPL,18,2022-02-25,2022-02-28,-0.776,0,44.039538610279685,0.9900784609692551,0.48333333333333334,40.377427215218525,1.5467836084278899,0.8833333333333333,3.000482486265284,0,0,-5.685308606201101,1.9099505291502394,0.6164550781249944,0.9364705882352917,,,,
AAPL,19,2022-03-02,2022-03-04,-0.742,0,47.766344388753105,0.9319138905898203,0.23333333333333334,41.82113176357363,0.9577926241004386,0.2833333333333333,2.880131624152211,0,0,-0.6815968841285325,-6.62547202197048,1.3200316320944194,0.8185941043083885,,,,
AAPL,20,2022-03-09,2022-03-10,-1.093,0,45.46351587090878,1.0401849871871884,0.55,35.59784363433637,1.5388132691892737,0.8833333333333333,3.066575483587632,0,0,-3.529411764705881,-8.283816847256208,0.9103294525637844,0.884999999999998,2.0,1.0,3.447018055808873,3.5227746257653014
AAPL,21,2022-03-15,2022-03-18,6.068,1,39.73838217778925,1.0186285572280385,0.6,32.53074781508158,1.198003197625062,0.8166666666666667,3.3248704117540995,0,0,-5.448838669177658,-10.685483870967726,2.7766732935719003,0.907514450867054,2.0,1.0,5.461922596754057,2.6007139214686505
AAPL,22,2022-03-21,2022-03-28,4.695,1,53.273387705571004,0.9876468125172534,0.6666666666666666,51.58388237327936,1.3095844228715119,0.9333333333333333,3.001524535099355,0,0,5.978155496671622,-2.901468498342019,1.1436609381689222,0.709580838323354,,,,
AAPL,23,2022-03-29,2022-03-31,-0.3,0,67.48083577154964,1.0675287321251017,0.75,64.22845219683889,0.9567148308165797,0.4666666666666667,2.574625638359175,0,0,6.179707340669971,6.346899224806202,1.2847359782670271,0.9812734082397067,,,,
AAPL,24,2022-04-04,2022-04-06,-3.381,0,63.75053446301813,0.7899886804144309,0.13333333333333333,58.98738881722011,0.811483199354946,0.16666666666666666,2.4016112983384437,0,0,-0.23466117216116578,6.827235398663989,2.216875751847399,0.9876543209876516,,,,
AAPL,25,2022-04-19,2022-04-22,-0.3,0,47.67503974797107,0.8105479742494309,0.03333333333333333,44.00145636644327,0.8000220683273199,0.03333333333333333,2.5410044101930285,0,0,-2.951378681874306,0.6647152091718622,1.4422494243122017,0.8925831202046067,2.0,1.0,3.127934272300477,1.6101721006126894
AAPL,26,2022-04-28,2022-04-29,-0.3,0,46.62777514183963,1.6061140895695176,0.9666666666666667,34.679530855183884,1.077858625116804,0.5333333333333333,2.8672845552832107,0,0,-6.374454344316205,-12.51117568171659,2.756671899529034,0.8425760286225361,3.0,1.0,5.941367295446362,3.89935192031666
AAPL,27,2022-05-04,2022-05-05,-1.641,0,51.778071639294375,1.24104829440048,0.8833333333333333,42.82136013293828,1.0272677160135595,0.5166666666666667,3.1264601850181206,0,0,1.7091836734693722,-10.625420309347689,3.976952464457959,0.9362880886426621,,,,
AAPL,28,2022-05-10,2022-05-11,-1.599,0,41.05773991728887,1.2052195428120602,0.85,37.7557006029988,1.41523552571063,0.9666666666666667,3.659167018919173,0,0,-3.7351228159027583,-10.600270445058502,-0.6494341563786132,0.4146981627296544,2.0,1.0,5.444003661885864,3.356150727719799
AAPL,29,2022-05-16,2022-05-18,-0.307,0,36.688062134301695,0.7979571571794299,0.36666666666666664,37.87886104938936,1.0688422656220369,0.8,4.0136877862347875,0,0,-6.46617497456764,-10.998850505172719,-0.006870491240136946,0.40718562874251013,2.0,1.0,4.162866449511392,1.136087273737964
AAPL,30,2022-05-23,2022-05-26,-0.59,0,40.11561327237,1.0048775607876992,0.8166666666666667,33.10990102740489,1.1999378141625756,0.95,4.349339914634038,0,0,-6.471347970906127,-14.957661165708625,3.860947819145092,0.9732620320855655,2.0,1.0,5.284303711269998,1.9081428888395708
AAPL,31,2022-05-27,2022-06-03,-0.3,0,49.084606599624905,0.7782289055473033,0.45,42.38746942554303,0.7620916006320881,0.45,4.084333647379058,0,0,4.68147069530398,-12.136396968956243,2.9231721576449554,0.9909502262443393,,,,
AAPL,32,2022-06-06,2022-06-07,-2.123,0,45.62630997670719,0.655230473546835,0.06666666666666667,44.66684545681234,0.7952808765497408,0.36666666666666664,3.8592608837895566,0,0,1.1128112393935075,-7.2654206799770416,-0.6053186424539311,0.33787465940054084,,,,
AAPL,33,2022-06-15,2022-06-16,-1.946,0,38.17219246720561,0.9854416613271935,0.5666666666666667,34.238549247913525,0.9118725964131603,0.35,3.8273339844300924,0,0,-10.72557326339857,-8.781091108973483,0.8489090773698822,0.6312741312741325,3.0,3.0,5.668751260843257,1.8505877891543405
AAPL,34,2022-06-21,2022-06-27,6.176,1,41.98905498725789,0.8673788588416548,0.3333333333333333,36.00201365402908,1.4392717891589224,0.9333333333333333,3.834521570158845,0,0,-4.061839130751832,-4.215507826720055,1.8363064008394672,0.6818181818181832,,,,
AAPL,35,2022-07-01,2022-07-07,5.029,1,47.29598747836639,0.8484719370494572,0.16666666666666666,44.16829776385991,1.1994713403197907,0.6666666666666666,3.4572443732584426,0,0,-1.1209951544080554,-8.062672315244445,2.1243751837694904,0.9674556213017794,3.0,1.0,3.8192011212333488,0.4479448683238899
AAPL,36,2022-07-08,2022-07-11,-1.045,0,57.629807270765454,0.7780538660650637,0.016666666666666666,56.81302196138881,0.7978691279885831,0.03333333333333333,3.0451867628719818,0,0,5.113840407958059,-1.586981373142371,1.225388957730966,0.7999999999999933,,,,
AAPL,37,2022-07-12,2022-07-13,-2.2,0,55.47739505746432,0.9328504414065519,0.36666666666666664,54.16057261639251,0.7562732316961722,0.016666666666666666,2.9300041340416096,0,0,4.275534441805218,1.5633763320246796,0.06860592755215611,0.23823529411764932,,,,
AAPL,38,2022-07-14,2022-07-22,5.989,1,58.916297700596424,0.9776097592954667,0.36666666666666664,54.8432877903358,0.8630499699720307,0.21666666666666667,2.89140354389546,0,0,1.7982087881332376,10.319987867758584,3.046918378678502,0.9157894736842122,,,,
AAPL,39,2022-07-27,2022-08-01,3.317,1,64.3512736909768,1.109185517738275,0.45,57.889576797932676,0.7697180691039972,0.03333333333333333,2.53442683861774,0,0,0.3973509933774766,7.016800790625433,2.759208284178778,0.8955512572533812,,,,
AAPL,40,2022-08-03,2022-08-11,4.367,1,70.8346977631036,1.153582870474067,0.55,64.91513279516369,0.8297924680823479,0.05,2.441063246472653,1,0,5.547493403693937,13.033342752189881,3.288982840089525,0.9212328767123275,,,,
AAPL,41,2022-08-12,2022-08-22,-0.518,0,74.22198569869494,0.9854037591370428,0.31666666666666665,70.76675944969132,0.8152896554985637,0.08333333333333333,2.238530031817186,1,0,1.6163078222061422,13.484205563413498,1.3425980449888124,0.9747292418772586,,,,
AAPL,42,2022-08-25,2022-08-26,-0.836,0,61.945432683494886,0.7736802317980307,0.0,57.8648261800492,0.7983651171613395,0.016666666666666666,1.9306943765026845,1,0,-4.021770266399316,6.849926653485561,0.7406090769048466,0.9385474860335276,,,,
AAPL,43,2022-08-31,2022-09-01,-2.589,0,39.31511639529615,1.3594480885887432,0.8666666666666667,41.6424117687654,1.220609678131729,0.6833333333333333,2.273649972044466,0,0,-4.9751838784906965,-0.6874570339353792,-1.9275154388372548,0.02325581395349183,2.0,1.0,4.948115143342908,1.5198530808688528
AAPL,44,2022-09-02,2022-09-06,-2.766,0,37.83372059547045,1.167131184305762,0.65,40.87333614875796,1.1420022389304827,0.6333333333333333,2.286250012362084,0,0,-7.098747279891782,-4.734334479223201,-2.466353677621282,0.15584415584415606,,,,
AAPL,45,2022-09-09,2022-09-13,-0.939,0,43.75372250998275,0.9777641332024833,0.38333333333333336,37.24438407908334,1.2336723141353971,0.85,2.374981175402721,0,0,-1.7555018445490345,-8.733160009454032,1.2221007268283306,0.8534201954397428,,,,
AAPL,46,2022-09-19,2022-09-28,-1.478,0,44.36403700081851,0.9873298195074294,0.7833333333333333,38.27897762988244,2.0933715366573957,1.0,2.8001691805609066,0,0,-4.23841901251828,-13.465403387884024,3.4625946018350997,0.9853479853479831,2.0,2.0,3.2833020637898684,0.0
AAPL,47,2022-10-03,2022-10-06,5.199,1,36.04935868055545,1.1371509941666544,0.9166666666666666,28.534190901821276,1.27487967506847,0.95,3.5358796444644027,0,0,-8.130027255201766,-12.509496074955695,3.067795383836177,0.8847583643122667,2.0,1.0,5.712760277629473,0.8832116788321225
AAPL,48,2022-10-11,2022-10-12,-0.958,0,34.62701491721725,0.7607133297720532,0.48333333333333334,36.07910527438107,0.7288168240414677,0.45,3.293425066468196,0,0,-1.4250614250614246,-14.079422382671492,-0.6576125804145931,0.24281150159744153,2.0,1.0,3.696591454632751,1.5792339807587878
AAPL,49,2022-10-13,2022-10-18,3.279,1,42.478839470237624,1.1540826882958979,0.9,33.97257687343931,0.7115669471229373,0.4,3.146093932423792,0,0,-5.5054644808743225,-10.92653402871676,5.926364915919698,0.9349240780911069,,,,
AAPL,50,2022-10-21,2022-10-26,3.46,1,51.35681014000219,0.9385198808673149,0.65,45.253037580077226,0.6913710206010819,0.21666666666666667,3.260116065843642,0,0,0.2797398419469799,-6.121513683383539,3.0797228249457587,0.8884615384615413,,,,
AAPL,51,2022-10-28,2022-11-02,-2.128,0,59.54365408152494,1.9043720050297066,1.0,46.811991793340894,1.24826060725172,0.8833333333333333,3.174109931504777,0,0,0.9833321710021714,1.628298708590692,5.087719298245628,0.8181818181818192,,,,
AAPL,52,2022-11-07,2022-11-09,-1.418,0,41.097926640647486,0.9038307049485118,0.4666666666666667,40.362018016487,1.5733259010436211,0.95,4.037547818477098,0,0,-11.146783100038537,-1.2206438717967116,1.320107942527878,0.9339080459770066,2.0,1.0,4.605572339711303,-2.049741052243185e-14
AAPL,53,2022-11-10,2022-11-15,7.177,1,51.89304389374779,1.2706556105709002,0.8833333333333333,37.4020305348424,0.802862741965015,0.2833333333333333,3.9295338067273167,0,0,-7.005447148865751,-2.508312852392658,3.986122911356553,1.0,,,,
AAPL,54,2022-11-18,2022-11-21,-1.712,0,55.90138016088187,0.7965066350006663,0.2,55.281022070753146,0.8629743455639578,0.36666666666666664,3.5441890910088465,0,0,2.6213658337305157,5.111932491805571,-0.669686822926932,0.48351648351648285,,,,
AAPL,55,2022-11-22,2022-11-25,-1.652,0,54.06679416224694,0.560054011745068,0.0,51.47610827748226,0.6289983782357763,0.0,3.4065352170657315,0,0,-0.1820879417318677,-0.9635329541652693,1.3839195301424503,0.9312320916905495,,,,
AAPL,56,2022-12-08,2022-12-09,-0.314,0,45.00666894420809,0.8402416007520591,0.08333333333333333,42.307575883442425,0.9302302930746235,0.2,3.268280110544007,0,0,-4.789569681821259,1.0322580645161228,0.20370890699634167,0.6404958677685956,2.0,1.0,3.776138593760582,2.123385939741777
AAPL,57,2022-12-12,2022-12-15,-1.414,0,48.14527148580698,0.9901498896838794,0.25,44.366144928557,1.0381367262234125,0.36666666666666664,3.148891820434873,0,0,-3.822474798728104,-3.206917682304089,1.254379817799594,0.9970930232558166,,,,
AAPL,58,2022-12-20,2022-12-23,-1.201,0,33.630162683628,1.010914624016481,0.4166666666666667,33.700601412521266,1.04235245199871,0.43333333333333335,3.5034026976149963,0,0,-8.388123745587928,-12.505783594421304,0.6925945657965029,0.7172619047619093,2.0,1.0,4.252001984267592,0.0
AAPL,59,2023-01-05,2023-01-10,2.162,1,33.46800535246693,0.9687789215765753,0.55,34.8780752568597,1.0794119423003676,0.7166666666666667,3.4809330049111664,0,0,-2.8224255940936693,-13.823910523085313,-1.6597183984897346,0.08637873754152547,6.0,1.0,3.76914909752769,0.8474688313920394
AAPL,60,2023-01-11,2023-01-19,1.856,1,48.89483888245023,0.8161223013767905,0.25,44.08423449586323,0.7454191473402733,0.11666666666666667,3.2513776493913267,0,0,4.525465739186063,-8.040236353404618,1.7066666666666737,0.9934426229508256,,,,
AAPL,61,2023-01-20,2023-01-25,3.847,1,56.70093286520833,1.064612100866342,0.5666666666666667,51.85975331813756,0.7626290264455633,0.05,2.824430023236312,0,0,1.3334332159712359,2.190828737629369,1.9145476049674772,0.9605263157894723,,,,
AAPL,62,2023-01-26,2023-01-27,-0.307,0,65.2789541854353,0.7231920049503908,0.03333333333333333,62.197511057209574,0.8806696640537401,0.21666666666666667,2.7131543264982185,0,0,4.918275275497375,7.58380100106173,0.5517915764475941,0.8765957446808541,,,,
AAPL,63,2023-02-02,2023-02-03,-0.884,0,70.77460407136806,1.6795219637601115,0.95,64.14665339094955,1.0759320542859172,0.6,2.5617551292284206,0,0,2.516565628084022,16.278883825057978,1.2894560107454582,0.8803986710963417,,,,
AAPL,64,2023-02-07,2023-02-10,-3.562,0,70.65057100267299,1.1154878078657644,0.75,67.70450313785472,0.9241624623483267,0.4,2.791907479582866,1,0,6.104895104895092,17.057552846782897,2.6619755708975172,0.873638344226583,,,,
AAPL,65,2023-02-13,2023-02-21,-0.836,0,66.25584177118373,0.8409263534061986,0.16666666666666666,62.70899234787672,0.7694842730113008,0.06666666666666667,2.673358379162029,1,0,-2.2588996763754143,13.192414361741989,1.9211659489897357,0.8772455089820371,,,,
AAPL,66,2023-03-03,2023-03-09,1.937,1,56.98423687983208,1.057875087754563,0.6,47.118543531677474,0.7666976913619866,0.06666666666666667,2.2861002680255744,0,0,-2.336010709504688,0.3300556968988344,2.0197243988111384,0.9788359788359755,,,,
AAPL,67,2023-03-16,2023-03-22,3.269,1,61.8207198512448,1.239102389361965,0.6666666666666666,57.396317550809435,1.2714732751024358,0.6833333333333333,2.3384124864244797,1,0,0.07849807025577249,-0.13707571801565566,2.4250788643533108,0.8734439834024874,,,,
AAPL,68,2023-03-24,2023-03-27,-0.576,0,65.85769524108937,0.8808049426196792,0.2833333333333333,63.96427471150032,1.020774424009463,0.4666666666666667,2.272291262087494,1,1,1.9762592236124643,6.378848728246322,0.8749842628729613,0.9638554216867458,,,,
AAPL,69,2023-03-29,2023-04-04,3.428,1,64.1385102460172,0.7596852439170113,0.1,59.14306552632232,0.6787193227711615,0.016666666666666666,2.167104365579438,1,1,-1.0233550979407258,6.9466114917576816,0.8784589320449305,0.8352941176470599,,,,
AAPL,70,2023-04-13,2023-05-01,4.433,1,63.26836657091865,1.1257834216953315,0.65,53.83512397771498,0.8089071417340183,0.15,1.9186921909585268,1,1,-3.3387671315582956,4.921685562618783,2.431479304584549,0.945205479452053,5.0,1.0,3.2292917166866717,0.9279148766110438
AAPL,71,2023-05-02,2023-05-03,-1.211,0,62.434716422652706,0.9474342511166307,0.2,65.8434157257266,1.010526263083204,0.4,1.6298420871993113,1,1,2.5766648521139413,2.8441479684657267,-0.9112822623317134,0.35587188612099613,,,,
AAPL,72,2023-05-05,2023-05-31,3.414,1,67.61731331534803,2.1360315291577496,1.0,54.159312145884336,1.5734809669010847,0.9333333333333333,1.724947733000914,1,1,-1.5557270945905866,1.2396189545676561,1.5147970522868193,0.7937853107344593,,,,
AAPL,73,2023-06-01,2023-06-15,3.223,1,71.37315197942047,1.1733297368055153,0.8166666666666667,66.68285296343981,1.7738497498144918,0.9833333333333333,1.4801698365086342,1,1,3.3166239216600557,5.167912661682683,1.3449634214969133,0.9905956112852661,,,,
AAPL,74,2023-06-16,2023-06-20,-1.542,0,69.8914827780163,1.635665369333645,0.9666666666666667,74.1101800346835,1.063416279159531,0.8166666666666667,1.5095992047367643,1,1,3.0126820623580963,7.713243384098667,-0.969313982755852,0.23897058823528586,,,,
AAPL,75,2023-06-22,2023-07-03,3.989,1,71.21575364004697,0.8046063818596041,0.45,65.8748138884468,0.781095161490305,0.35,1.4836315746573614,1,1,0.35459058425617584,5.602755453501729,1.7742462174812184,0.9852071005917127,,,,
AAPL,76,2023-07-17,2023-08-03,-1.44,0,68.73055994335724,0.942083975862084,0.4166666666666667,62.55898602415696,0.7647458559007864,0.05,1.3890854343340908,1,1,0.005244388504288544,3.6640391410709405,1.0891089108910907,0.8685258964143485,,,,
AAPL,77,2023-08-08,2023-08-09,-0.3,0,31.99230244776909,1.2044184325405898,0.85,29.563856085455072,1.792718347693597,0.9333333333333333,1.9199177285495326,1,1,-8.959022652074323,-5.174699114575054,0.06121653959597843,0.8252788104089223,2.0,1.0,4.927702667432269,1.2851586720027062
AAPL,78,2023-08-21,2023-09-01,7.937,1,33.03263953324965,0.825918326074372,0.18333333333333332,28.788559004483858,1.0805481045205896,0.7333333333333333,1.8133949649584318,1,1,-1.8561223915855685,-9.091382723767838,0.43982407037185717,0.8786610878661114,7.0,1.0,3.5273953668380575,0.8592239002510018
AAPL,79,2023-09-05,2023-09-06,-0.939,0,62.29227551447908,0.8190524478462294,0.18333333333333332,61.94967870504472,0.7784356991344704,0.2,1.6638225895452057,1,1,6.074687867420625,4.104621133029296,0.7541958784788546,0.8818565400843865,,,,
AAPL,80,2023-09-11,2023-09-12,-0.694,0,44.58975571421679,1.0431598632302652,0.6666666666666666,42.44197427408156,1.1711707607250894,0.8333333333333334,2.1320783247594344,1,1,-5.15782189812104,0.11799741529472385,-0.39429110901315023,0.682432432432434,2.0,1.0,5.3343949044586045,3.891533246790714
AAPL,81,2023-09-29,2023-10-04,-0.841,0,38.24573136126162,0.7701630376510555,0.43333333333333335,37.0071719072331,0.8332036410920968,0.5333333333333333,2.1372652931769878,1,1,-1.8628183752084193,-9.038102851052498,-0.4708754795953972,0.31868131868132155,5.0,2.0,3.7041169251366655,1.209667929679233
AAPL,82,2023-10-05,2023-10-13,4.036,1,47.36407988446652,0.73538257801314,0.31666666666666665,44.62607130605349,0.7863388997665319,0.5,2.0164031861801135,1,1,1.8952062430323213,-5.05713192280356,0.6444559525864576,0.8050541516245503,,,,
AAPL,83,2023-10-19,2023-10-20,-0.715,0,45.75221820578846,1.1054401305287596,0.6666666666666666,46.615116405997945,1.0173582558649215,0.5333333333333333,1.86376761903025,1,1,-2.20244716351502,0.1994415636218605,-0.32947057486933884,0.10188679245283383,3.0,1.0,3.075735861536757,1.184044143004928
AAPL,84,2023-10-30,2023-11-03,2.788,1,40.2982962955784,0.9496490611092698,0.25,34.41959863004237,1.0932348372769662,0.6,1.9364799675968987,0,1,-2.6955113373438255,-1.7463933181473101,0.7513903680037758,0.6173913043478252,5.0,1.0,4.0442644458388015,1.3297202671430906
AAPL,85,2023-11-06,2023-11-09,3.272,1,59.164627948677854,1.133604381902545,0.7666666666666667,54.547675768018735,1.4464703224639202,0.9166666666666666,1.915865315024971,1,1,5.0112947330876345,-0.47326609949857046,1.6158294591223463,0.9378881987577586,,,,
AAPL,86,2023-11-10,2023-11-17,3.114,1,69.00361536747427,1.1271772530178308,0.8166666666666667,63.46395521585548,0.9140238530074671,0.4166666666666667,1.7556061718306113,1,1,2.7256856450977196,0.940733772342428,1.3208675327499086,0.944078947368425,,,,
AAPL,87,2023-11-20,2023-11-27,-0.489,0,73.12718304560336,0.8000020642950497,0.15,70.96533285326092,0.8660722288391183,0.21666666666666667,1.5896751267431883,1,1,1.765021459227456,9.72350763535401,0.8215282531992218,0.7733990147783213,,,,
AAPL,88,2023-11-28,2023-11-29,-0.374,0,67.45695220775684,0.7211419961956237,0.03333333333333333,66.3998932402161,0.7486511067372341,0.05,1.425546133325877,1,1,0.052717591860407254,12.822494352633452,0.3266940668142083,0.5952380952380928,,,,
AAPL,89,2023-12-01,2023-12-04,-0.782,0,67.43491097481913,0.8766484702891975,0.18333333333333332,64.95667697127234,0.9286590033355626,0.25,1.383922610857945,1,1,-0.710888087397421,9.185491751451401,0.4781169547627786,0.8626609442060122,,,,
AAPL,90,2023-12-05,2023-12-15,3.548,1,68.21045342705466,1.3672314181442102,0.85,60.92457927526942,0.8582745673541151,0.11666666666666667,1.421047807455312,1,1,-0.18968333421148786,7.234644777809218,1.687608432784806,0.7677725118483368,,,,
AAPL,91,2024-01-03,2024-01-04,-1.424,0,33.15880660577713,1.062115516210469,0.7333333333333333,35.37236594240508,1.5517336085325812,0.9833333333333333,1.6202781138868545,1,1,-4.111570247933893,-2.9282576866764387,0.016284876777766334,0.3346938775510192,2.0,1.0,3.6004944885134345,0.30764204622796504
AAPL,92,2024-01-08,2024-01-17,-0.783,0,41.34010635032595,1.036136496480093,0.7166666666666667,28.79448623754618,1.113579893627438,0.7833333333333333,1.6379809028268455,1,1,-6.405620415332169,-5.792429284525779,1.9056510516777412,0.9902439024390263,,,,
AAPL,93,2024-01-18,2024-01-23,4.499,1,51.588580665750335,1.5406389344627351,0.95,36.70937444410422,0.8651429173227512,0.36666666666666664,1.6973076503967823,1,1,-1.3287242087069107,-7.536569317204023,1.364930947391043,0.8459214501510589,,,,
AAPL,94,2024-01-24,2024-01-25,-0.771,0,60.919758594761795,1.0054148233883478,0.55,62.6196634735626,0.7909718993729179,0.18333333333333332,1.6734998862433723,1,1,6.289821924522143,0.2568317238545337,-0.4707808822024294,0.07843137254901825,,,,
AAPL,95,2024-02-01,2024-02-02,-3.076,0,45.07366651194734,1.174394148210216,0.8,39.60345967502022,0.979976555246669,0.6333333333333333,1.7620632793852242,1,1,-5.1928020565552675,-0.6679594914888898,1.5598673840969641,0.9712460063897843,4.0,1.0,4.1901444524126665,0.0
AAPL,96,2024-02-05,2024-02-06,-0.986,0,47.29775340206626,1.220075179430933,0.8833333333333333,43.33813365210407,1.8453295761570456,0.9833333333333333,1.9297226535951582,1,1,-3.414405986903646,2.165906217360236,-0.2498006909380807,0.5395894428152508,,,,
AAPL,97,2024-02-07,2024-02-08,-0.956,0,50.81417732990045,0.9427557155855308,0.55,50.58952890697791,0.7568025272458689,0.26666666666666666,1.848889663956401,1,1,0.6700701978302526,2.015520586333275,-0.6451951321863145,0.3278688524590097,,,,
AAPL,98,2024-02-21,2024-02-26,-0.3,0,37.74078166850786,0.7550743587104197,0.18333333333333332,35.225130772072845,0.9737097673346842,0.6,1.7219844043042818,0,1,-2.986908896606999,-6.359275878075188,0.20886006375728014,0.7443946188340826,6.0,2.0,3.1522255662917784,0.28110014881773654
AAPL,99,2024-02-27,2024-02-29,-0.926,0,41.92467698814928,1.0058395240534672,0.6,37.44287043493536,0.7541519518175674,0.1,1.6292882045845218,0,1,-0.6307937030332944,-5.851782558985552,0.8448371065709559,0.7041284403669733,,,,
AAPL,100,2024-03-06,2024-03-07,-1.434,0,22.132593356369554,1.1677948861842797,0.8,23.058041427396006,1.6556432463363748,0.95,2.0151029747886873,0,1,-6.8499151289492355,-9.356351236146631,-1.134104992400326,0.17187499999999897,3.0,1.0,5.79798091245105,2.273950216234535
AAPL,101,2024-03-08,2024-03-21,3.67,1,27.80230177865785,1.2522533483537401,0.8833333333333333,22.01838940852052,1.1963341365839435,0.85,1.944172646842401,0,1,-6.500691562932226,-10.775566231983525,1.0236686390532483,0.3760504201680663,,,,
AAPL,102,2024-03-26,2024-04-02,-0.841,0,37.366740434214485,0.7704315718477341,0.55,39.05293432921748,0.735438481841626,0.43333333333333335,2.119422512951052,0,0,-1.6520838130324678,-5.691101788474273,-0.17058823529411296,0.07065217391304197,2.0,1.0,3.501835639649826,1.3412816691505216
AAPL,103,2024-04-03,2024-04-08,-0.472,0,40.327898095612156,0.6943799163774491,0.25,38.37297518490825,0.7017851101684329,0.2833333333333333,1.927076697870738,0,0,-1.17647058823529,-3.57509994288977,0.5095088571597924,0.5095238095238076,,,,
AAPL,104,2024-04-09,2024-04-10,-0.495,0,42.22343792798482,0.6818960836573001,0.13333333333333333,38.92240586247279,0.5840140823146903,0.0,1.739311102404073,0,0,-0.9292477798035659,-1.3354419258478356,0.5749851807943087,0.7630057803468089,,,,
AAPL,105,2024-04-11,2024-04-17,-0.573,0,54.35029788856037,1.499172387794963,0.9166666666666666,38.731114390481245,0.8115425803417653,0.31666666666666665,1.6830773117856672,0,0,-1.1022693781314485,-3.146106332621368,3.9800403944398175,0.9424657534246554,,,,
AAPL,106,2024-04-25,2024-04-26,-0.347,0,48.48324892385247,0.8849777330295088,0.3333333333333333,46.69553966815591,0.8379042997908009,0.25,1.8604533627470123,0,0,0.6071428571428727,-0.4065759236344335,0.21235179614226699,0.7073170731707216,,,,
AAPL,107,2024-04-29,2024-04-30,-0.323,0,55.48329627862905,1.2260243539822626,0.7,47.32411587275414,0.7915865680408293,0.15,1.7890201196337714,0,0,2.6060606060606117,-1.271285281082335,0.07498413797081124,0.13651877133105964,,,,
AAPL,108,2024-05-03,2024-05-06,-2.604,0,66.84288681179069,2.734585047781158,1.0,54.15572347658745,1.6338804897918129,0.9166666666666666,2.009533348449315,0,0,1.8482547530755289,2.4937803577775197,-1.7519421376908706,0.16589861751152035,,,,
AAPL,109,2024-05-07,2024-05-17,3.003,1,64.50073626947929,1.1401703268968197,0.8333333333333334,63.77600174259192,1.1950715771818485,0.85,2.308452772434246,1,0,4.731988472622484,7.871772039180769,-0.5723630417007267,0.30167597765363374,,,,
AAPL,110,2024-05-20,2024-05-23,-0.584,0,72.26789044598438,0.6970276475864868,0.1,70.97016298718651,0.6352500055588165,0.03333333333333333,1.7751437048230705,1,0,3.7257579896203152,15.072727272727281,0.9031849152273699,0.6975945017182142,,,,
AAPL,111,2024-05-28,2024-05-29,-1.292,0,63.71007406865546,0.8430778410282047,0.4,63.696404644695214,0.5818224799985009,0.016666666666666666,1.7349574566567445,1,0,0.05793437615209118,12.215002953337262,-0.7936922353923983,0.22820512820513167,,,,
AAPL,112,2024-05-30,2024-06-13,12.142,1,65.62912091955897,0.8236167829681099,0.31666666666666665,64.14622956241584,0.8668899669019163,0.4666666666666667,1.7323081466699215,1,0,-1.070964387834683,11.71842893207302,0.2778360243237582,0.42580645161289793,,,,
AAPL,113,2024-06-17,2024-06-20,-0.938,0,78.37764571243575,1.376507064291007,0.8666666666666667,75.79481014475162,1.0430652442533588,0.7166666666666667,2.1471913686927016,1,1,7.923205850982784,11.931099873577743,1.5466091765477727,0.6340288924558579,,,,
AAPL,114,2024-06-27,2024-06-28,-0.575,0,68.13522983747912,0.5643956426756345,0.3333333333333333,67.35822784440055,0.7568005605151161,0.6166666666666667,2.277314812656744,1,1,-0.48532362686078967,12.242749618400971,-0.27481484931762235,0.5162241887905582,,,,
AAPL,115,2024-07-01,2024-07-05,2.425,1,67.51648568442991,0.6737220418776223,0.5666666666666667,61.6634838495535,0.937741840640452,0.8166666666666667,2.2905580478150895,1,1,1.5085064340450094,10.105076062522889,2.1971804422650747,0.8640429338103773,,,,
AAPL,116,2024-07-08,2024-07-16,3.183,1,75.57573986165951,0.6629648095425983,0.5333333333333333,74.62997020402514,0.6802359010777443,0.5666666666666667,2.1309217637486713,1,1,5.716954694068188,15.556236279164759,0.32145845259588257,0.9934782608695649,,,,
AAPL,117,2024-07-22,2024-07-24,-1.644,0,56.54344283000545,0.7094832659827768,0.2,57.053894789728055,0.7042735346452959,0.23333333333333334,2.3324480750945296,1,1,-2.7023510019953068,6.977298740938576,-1.3435531474384315,0.1855010660980821,3.0,1.0,4.331914893617024,2.521527066899505
AAPL,118,2024-08-01,2024-08-05,-11.567,0,48.51836293648463,1.2081565305083155,0.65,54.298995811431375,0.9597811598520171,0.3333333333333333,2.279024811619701,1,1,1.6198407614166799,0.8217187996549802,-2.6786112225342027,0.17962466487935752,,,,
AAPL,119,2024-08-07,2024-08-13,4.354,1,40.18968583081693,1.0702138493386437,0.6666666666666666,36.135050132228976,1.1954771268391098,0.7333333333333333,3.3272887726512956,1,1,-5.287934186471677,-9.379919538219351,1.4113098115031355,0.47310344827586304,,,,
AAPL,120,2024-08-14,2024-08-30,3.731,1,55.833760210179385,0.738874797466062,0.16666666666666666,55.30642733729268,0.7781517686112575,0.21666666666666667,2.8559071981118467,1,1,6.775080828065438,-5.770377310280206,0.5213764337851955,0.6066066066066074,,,,
AAPL,121,2024-09-05,2024-09-06,-0.3,0,48.99158571234386,0.8520964916883974,0.08333333333333333,46.281722544513265,0.9904710522373947,0.2833333333333333,2.2525803636785877,1,1,-3.148708503267117,6.572407469960906,0.33840184090601455,0.21717171717171457,2.0,1.0,3.705634475867762,1.9480668828629977
AAPL,122,2024-09-18,2024-09-23,4.2,1,48.256002738097955,1.3636505415109852,0.7333333333333333,40.125117138131394,1.0420871641938656,0.4,2.2016434875035777,1,1,-1.5083367407205617,-4.028509451502938,1.4433463571592673,0.6092843326885873,2.0,1.0,3.03694427050721,1.9470934183087842
AAPL,123,2024-09-24,2024-09-25,-1.927,0,57.294587708959746,0.707933202569592,0.31666666666666665,56.0170539781834,0.8912586580076782,0.65,2.2396777106016454,1,1,4.6921227810651,-0.1631105625110263,-0.5598075661491367,0.4530386740331527,,,,
AAPL,124,2024-09-26,2024-10-01,-0.3,0,57.15252017519433,0.5862611158014802,0.1,55.37014111018708,0.6804950315178924,0.3,2.143775543544665,1,1,2.573745978521913,-0.7279743893347401,0.09678838539375224,0.6828478964401331,,,,
AAPL,125,2024-10-09,2024-10-16,0.606,1,56.357851255900165,0.5727023924758338,0.06666666666666667,51.32647342899213,0.5341291915351396,0.03333333333333333,2.0997217253372957,1,1,-0.1945095265461272,2.5714415519513034,1.9135994316920493,0.95731707317073,,,,
AAPL,126,2024-10-17,2024-10-23,-0.848,0,57.9951017038956,0.5882599930946695,0.1,57.50875108312079,0.5939969054201159,0.15,1.9329577292563067,1,1,0.9758647730243153,5.0251483982056255,-0.5483442573790863,0.48948948948949045,,,,
AAPL,127,2024-11-04,2024-11-21,3.166,1,38.2953218602349,1.0848850858684813,0.65,39.449140573128766,1.630844811825022,0.95,1.8936256230913593,1,1,-3.673134263860678,-1.7151675485008844,0.4615593465767599,0.7467532467532451,2.0,1.0,4.170070074373422,1.3436668806750467
AAPL,128,2024-11-22,2024-12-06,5.83,1,54.83166119158285,0.8703803026695892,0.35,52.26617737964195,0.9724219155937879,0.48333333333333334,1.7676157451242347,1,1,0.13145210761547066,-0.8891009237975367,0.7936507936507946,0.6804511278195506,,,,
AAPL,129,2024-12-09,2024-12-18,3.218,1,76.93341330067827,1.032538256921628,0.6333333333333333,72.57061701948462,0.8474922613286173,0.3333333333333333,1.4343394108224174,1,1,2.3216618210929907,6.752241955336746,2.0344870363478424,0.9107468123861552,,,,
AAPL,130,2024-12-20,2024-12-26,2.091,1,72.26098643746707,3.277337952416203,1.0,67.1317120441804,1.3925831281020573,0.9166666666666666,1.5591233466634518,1,1,0.7380222616550913,9.078602620087327,2.6003870343493056,0.9452201933404951,,,,
AAPL,131,2025-01-06,2025-01-07,-0.844,0,48.12265155979593,0.9558556332398215,0.6833333333333333,45.34161054234694,0.8502346199321889,0.5,1.7590583566582485,1,1,-6.045865184155652,0.1440269947738937,0.2824280627072153,0.4358353510895886,4.0,2.0,3.8954520886417945,0.17426245976586624
AAPL,132,2025-01-14,2025-01-16,-0.926,0,33.478111039124315,0.809995350803781,0.4,34.64846366109201,1.0240610722178811,0.7833333333333333,2.0447603068099114,1,1,-3.6817882971729166,-4.904864294697553,-0.6261980830670921,0.22191780821917836,3.0,1.0,3.531154827557817,1.3863695257838728
AAPL,133,2025-01-22,2025-01-31,8.506,1,31.616742188785096,1.2036390436168878,0.8833333333333333,29.69279577559162,1.9149748390867285,0.9833333333333333,2.4553594913148293,1,1,-5.017064846416385,-10.2439024390244,1.838118203739943,0.9330254041570459,2.0,1.0,5.6246050136928565,1.1342459450132307
AAPL,134,2025-02-05,2025-02-07,-0.3,0,46.520087825698546,0.6482791525835004,0.2833333333333333,46.85686380784272,0.7403258647440367,0.55,2.825174631122095,1,1,-2.291614202971537,-4.339250493096647,1.7240624863256455,0.9545454545454569,2.0,1.0,5.821432905861882,1.2965138183994074
AAPL,135,2025-02-11,2025-02-14,3.419,1,48.19656892210248,0.9109065485821687,0.7166666666666667,41.69080288352885,0.5482513268344006,0.08333333333333333,2.655651314852079,1,1,-0.15788781193806223,-3.884314967278868,1.936897458369858,0.6323943661971849,,,,
AAPL,136,2025-02-19,2025-02-26,-0.435,0,60.668816748646854,0.5588104719571424,0.06666666666666667,60.279499977802914,0.8329607637050388,0.6333333333333333,2.410645721800124,1,1,7.388535031847132,6.300547873728157,0.08583340145508378,0.600000000000004,,,,
AAPL,137,2025-03-06,2025-03-10,-0.3,0,44.99833205440171,1.012390410324901,0.4666666666666667,45.53523714828927,1.061066550766459,0.55,2.5792086073854716,1,1,-1.922116824762854,1.2628865979381398,0.37962804982085596,0.4617021276595762,5.0,1.0,3.5157369131911773,0.17861568570475336
AAPL,138,2025-03-13,2025-03-25,1.932,1,25.78560847425325,1.229253272549345,0.7833333333333333,29.93401451989061,1.2640511315478142,0.8166666666666667,3.17706362045578,0,1,-7.957919742088748,-6.72341157252172,-2.903449872655699,0.14964370546318492,2.0,1.0,6.538167614842492,1.6522312182263184
AAPL,139,2025-03-27,2025-03-28,-1.355,0,47.74606026046941,0.6927044264042163,0.11666666666666667,44.736335858699476,0.6376817064272989,0.08333333333333333,2.6919686446433806,0,1,2.922319271510876,-7.834082210018312,1.111161299065002,0.7426636568848729,,,,
AAPL,140,2025-03-31,2025-04-03,-7.577,0,46.82615082143535,1.243867031665232,0.8333333333333334,41.503216413293444,0.7463969895637586,0.21666666666666667,2.6969040408979574,0,1,-0.16951482109314187,-9.89910684750248,2.359338279341968,0.6283280085197014,,,,
AAPL,141,2025-04-08,2025-04-09,-8.2,0,20.044917774718428,1.9098718787664066,0.9666666666666667,22.756725292094146,2.726157401292164,1.0,4.719040336640741,0,0,-18.309098275784443,-20.230349920872158,-7.648634172469203,0.15191670610506294,2.0,1.0,11.71548117154811,10.199504190768486
AAPL,142,2025-04-14,2025-04-15,-4.831,0,45.668633169016935,1.333555783634364,0.9,43.08812083033043,1.1715042611044224,0.8333333333333334,5.731927100986515,0,0,5.186325512262457,-7.18534825987166,-4.218690881573963,0.11544991511035768,,,,
AAPL,143,2025-04-22,2025-04-25,4.926,1,45.9232950583378,0.6864475828354155,0.5333333333333333,41.419369898301376,0.5876308560603294,0.36666666666666664,5.3090215289462,0,0,-2.518294221549333,-11.504100426077802,1.845808688558028,0.6708185053380795,3.0,1.0,4.38804788760264,3.0511086979367232
AAPL,144,2025-04-28,2025-04-29,-0.924,0,52.52430018346911,0.4890017179954326,0.16666666666666666,51.954181639624686,0.4827718784998697,0.15,4.424333477738088,0,0,6.244288760280248,-6.5088228724592305,0.06666666666666017,0.6633663366336593,,,,
AAPL,145,2025-04-30,2025-05-01,-1.308,0,54.198007295143704,0.6724812947591242,0.5833333333333334,53.267319785635365,0.4651406583299642,0.13333333333333333,4.037746604534069,0,0,5.742465204766201,-4.916040156665014,1.5289058767319583,0.8437047756874083,,,,
AAPL,146,2025-05-06,2025-05-07,-0.3,0,43.11144670145139,0.6681582756215996,0.48333333333333334,43.37702692036859,0.8681805479933329,0.8,4.190432514768022,0,0,-5.353573807937561,5.57914852956789,0.15135462388375104,0.41046831955922386,2.0,1.0,4.790924432777048,0.11111672306682097
AAPL,147,2025-05-12,2025-05-13,-0.556,0,54.9224300396086,1.1070753683637502,0.75,43.86669220017688,0.589118092450617,0.1,3.706832047083395,0,0,-3.321158996834672,4.259006406890031,-0.08532018770441618,0.8938053097345094,,,,
AAPL,148,2025-05-28,2025-05-29,-0.385,0,44.980104654793465,0.8116042635103513,0.25,44.73087642807427,1.0236687654951326,0.6,3.1302233541181703,0,0,-4.104799310278762,-4.72542114780622,-0.08474998753677447,0.18374558303886387,6.0,4.0,3.644390175174949,0.2966716111935343
AAPL,149,2025-06-06,2025-06-09,-0.585,0,50.405962478264335,0.9057819765950401,0.31666666666666665,45.45474046327377,1.0575488875191386,0.6,2.6355518460258094,0,0,0.3400850212553097,2.2318471337579693,0.4532019704433436,0.5123287671232843,,,,
AAPL,150,2025-06-18,2025-07-14,6.747,1,42.28971999196585,0.869942580918897,0.31666666666666665,40.58198086194252,0.7394775668123659,0.16666666666666666,2.412641014928901,0,0,-3.4686929491291263,-6.293706293706302,0.3266306012044579,0.6040000000000078,6.0,1.0,3.5177846274279556,1.7006658107213317e-05
AAPL,151,2025-07-16,2025-07-17,-0.367,0,57.64587913418913,0.8808817108327092,0.43333333333333335,55.846853679447634,0.7779343796331838,0.16666666666666666,2.0019494872574373,0,0,-0.4285510213799193,6.444387884958025,-0.06657156443177117,0.4042553191489368,,,,
AAPL,152,2025-07-18,2025-07-30,-0.3,0,59.41690403610359,0.8970274584225064,0.4666666666666667,57.31057889206818,0.8879145927983161,0.45,1.9125990449983408,0,0,-1.125182430205729,7.350235125741178,0.1470100061649368,0.7081339712918736,,,,
AAPL,153,2025-08-05,2025-08-08,8.269,1,37.379967233950936,0.8594132199467108,0.25,38.11706050265418,1.4981655230024706,0.9,2.081990513336354,0,0,-4.998832048586788,-3.143605620385803,-0.23598820058997944,0.23899371069182052,3.0,1.0,3.4874941009910407,0.6698122545946579
AAPL,154,2025-08-12,2025-08-20,-0.884,0,71.62590995897142,0.90343396572076,0.6833333333333333,69.80605509379178,1.0228791172199765,0.7666666666666667,2.3745617098774296,1,0,11.71871158101796,8.896558335730042,0.7192666988290053,0.6916890080428955,,,,
AAPL,155,2025-08-27,2025-09-05,4.057,1,64.3471340996673,0.5060065361032373,0.03333333333333333,62.95538885618436,0.8856905452403248,0.65,2.0130567638529104,1,0,-0.5421582234559352,8.538836559852324,0.8223612265430188,0.8446969696969718,,,,
AAPL,156,2025-09-11,2025-09-16,3.007,1,52.380802434990436,1.0287979243971241,0.55,48.070864940717975,1.7598925514063397,0.9,2.0960947233480987,1,0,-4.897890720006714,-1.245373394295668,1.3883991537376612,0.8894736842105291,3.0,1.0,3.2541666666666678,1.4518845461890883e-05
AAPL,157,2025-09-17,2025-09-18,-0.3,0,62.353920379585475,0.9560625058651541,0.4,61.472378863079676,1.3394642362704656,0.75,1.978983695824531,1,1,1.6215062940047043,3.144354454502163,0.008369251370469195,0.5316455696202603,,,,
AAPL,158,2025-09-19,2025-09-24,5.499,1,67.8765925716411,3.334859473265837,1.0,60.387633144227735,0.9030415428374639,0.3333333333333333,1.9110100412946898,1,1,3.412598356736085,5.251980000884915,1.770094930149654,0.8686371100164185,,,,
AAPL,159,2025-09-25,2025-10-10,-1.088,0,71.93820339862893,0.9237464593157876,0.6666666666666666,68.87896526309163,0.7007114166218062,0.23333333333333334,2.0341925562969614,1,1,5.573454956274326,10.03009027081243,1.4454405434224544,0.945054945054943,,,,
AAPL,160,2025-10-20,2025-10-31,6.024,1,66.32176243341272,1.9301335306065768,0.9166666666666666,56.50653716550652,0.9341963439424789,0.5666666666666667,1.923274142696033,1,1,2.8621519142169705,2.7657841140529493,2.4815350345851823,0.755428571428573,,,,
AAPL,161,2025-11-20,2025-11-21,-2.102,0,51.51800839632642,0.943621208887258,0.4666666666666667,56.17245909291025,0.8285241276691028,0.23333333333333334,2.030710263265668,1,1,-1.7954437415438673,3.9117817759721563,-1.6910977365875217,0.03470031545741161,13.0,1.0,3.043431170800392,1.0893377549994991
AAPL,162,2025-11-24,2025-12-03,4.831,1,65.03811219868689,1.3050933040287063,0.8666666666666667,59.67958375515272,1.199450491284443,0.8166666666666667,2.165940559000257,1,1,-0.33772622150435305,3.2988357050452777,1.8530823181986116,0.8229508196721345,,,,
AAPL,163,2025-12-17,2025-12-22,-1.453,0,45.11399609749971,1.1709779577652284,0.7833333333333333,50.10131563749281,0.8717721378442254,0.16666666666666666,1.7905592780580522,1,1,-0.9271953243379705,2.673296941598746,-1.1526853568961188,0.044247787610616575,9.0,1.0,4.04961565338923,0.6175047766169216
AAPL,164,2025-12-24,2025-12-31,-0.491,0,49.96226776313746,0.3925915566928371,0.0,46.97333357438786,0.6251126930015932,0.016666666666666666,1.7401947843741339,1,1,-0.8193437966570793,-1.2902290518991055,0.5397664683851169,0.49845201238390235,,,,
AAPL,165,2026-01-09,2026-01-13,-0.439,0,27.23590418699459,0.9370935783891887,0.35,26.23966349755949,1.2070503058725177,0.8166666666666667,1.7131857296700324,1,1,-4.715662473331861,-6.5444837289847735,0.1119345375945733,0.7894736842105301,4.0,2.0,3.6109280011719083,0.3136252758740862
AAPL,166,2026-01-22,2026-01-23,-1.054,0,22.540278441099872,0.9558905394681617,0.3,20.549520779524187,1.1868271497812235,0.8833333333333333,2.0191052591143532,1,1,-5.133116261252635,-9.507801366609424,-0.3410914927768838,0.07017543859648738,4.0,2.0,3.1871289025091056,0.253449732469725
AAPL,167,2026-01-26,2026-02-12,8.54,1,40.3184657975925,1.3231548794190802,0.8833333333333333,22.274101514278172,0.9997971099438671,0.38333333333333336,1.9640164510975056,1,1,-3.9386545834785625,-8.929358202379213,1.562748528710039,0.8298816568047327,,,,
AAPL,168,2026-02-18,2026-02-19,-0.679,0,48.92864629391635,0.5787548427969234,0.18333333333333332,48.45382948917546,0.9780423846636177,0.8166666666666667,2.5919709662399883,1,1,-3.910858641031245,3.267718076155446,0.2845220030349013,0.43478260869565954,2.0,1.0,4.249065640988418,2.160643348512759
AAPL,169,2026-02-20,2026-02-25,3.196,1,49.56948595867921,0.7565949495594375,0.4166666666666667,45.3222818082944,0.5431001074568883,0.11666666666666667,2.4958806856793556,1,1,-5.4156079854809525,5.221078134463952,2.1662740858014273,0.9742033383914998,,,,
AAPL,170,2026-02-26,2026-02-27,-1.078,0,57.043292711168164,0.5961165646173061,0.15,58.608610995492334,0.6123594372969241,0.2,2.348534052986451,1,1,3.7374692642330176,6.179579509815314,-0.7274049827241317,0.40489642184556995,,,,
AAPL,171,2026-03-04,2026-03-05,-1.759,0,45.947290624608215,0.7997372726100066,0.38333333333333336,47.23116475313836,0.7483665517372854,0.31666666666666665,2.471725091695887,1,1,-3.08297199970603,-2.3184326506425657,-0.8048365766106161,0.23255813953487842,2.0,1.0,3.3209926322348897,2.0947457757888857
AAPL,172,2026-03-10,2026-03-12,-1.504,0,45.42758128057602,0.675417797577347,0.1,44.13517114333793,0.8325851137655009,0.3,2.450397135255371,1,1,-1.8283469326080493,-6.558320149575724,1.2342324859305287,0.7016274864376084,,,,
AAPL,173,2026-03-20,2026-03-30,-0.3,0,34.8774811477854,2.2544724866792403,0.9666666666666667,35.77758141407297,0.8944226886760445,0.25,2.285638113138538,1,1,-2.658742571160455,-4.459283137616077,0.004032583272852378,0.6218750000000051,5.0,1.0,3.5799891749787434,0.17451160986959616
AAPL,174,2026-03-31,2026-04-07,2.135,1,47.3923422993439,1.2267500624837917,0.65,35.54155229042685,0.9727896004815834,0.31666666666666665,2.267866297038214,0,1,-1.9324824048669975,-6.8336355394379105,2.3718284861441634,0.7983293556085921,,,,
AAPL,175,2026-04-08,2026-04-15,-0.412,0,53.811590021604935,1.0085914922768007,0.45,46.88295521775323,1.5738932470969091,0.8333333333333334,2.440121974362658,1,1,2.7855492032599516,-2.454979221178999,0.17411491584445293,0.7360248447204921,,,,
AAPL,176,2026-04-16,2026-04-24,1.934,1,57.417359083233514,1.0197741286610056,0.5666666666666667,62.24404074721531,1.1996868678711246,0.7,2.2135921931864733,1,1,2.908458864426433,4.79880423238801,-1.2743628185907174,0.36162988115449574,,,,
AAPL,177,2026-05-01,2026-05-04,-0.3,0,66.43082504155302,1.8424743604773879,0.9333333333333333,58.74182598376323,2.2520360975237783,1.0,2.169881854410293,1,1,-0.7607065793804546,6.149512967961512,0.45901169045398144,0.19999999999999743,,,,
AAPL,178,2026-05-05,2026-05-08,3.401,1,67.26370239563444,1.0565544613514946,0.75,61.7630257847749,1.0188437985990908,0.6833333333333333,2.36304619946201,1,1,3.4453122080639664,6.941976357876833,2.6179901058029103,0.9516728624535332,,,,
AAPL,179,2026-05-12,2026-05-27,4.817,1,73.24501035925266,0.9313280414060197,0.6833333333333333,71.9401343692281,0.8653557617839799,0.6,2.2140197766253893,1,1,5.7255355272188835,12.916666666666664,0.7656549083948623,0.8265682656826664,,,,
AAPL,180,2026-05-28,2026-06-01,-0.692,0,79.78605665786624,0.9791587325583722,0.7333333333333333,78.85001544391268,1.0349860285536527,0.85,1.8509252504034104,1,1,3.9736428404187674,14.827675372169491,0.5890305137118528,0.9102167182662481,,,,
AAPL,181,2026-06-02,2026-06-05,-1.001,0,73.57626335094079,0.9373546719504907,0.6,67.00695353538913,0.9956298181652166,0.7333333333333333,1.8514741999629154,1,1,-0.8127711935755455,9.341757692582275,2.517400637481302,0.9714611872146118,,,,
AAPL,182,2026-06-11,2026-06-12,-0.3,0,48.120642319853445,0.8377161464093072,0.4166666666666667,43.777898318886535,1.0460859333915358,0.8166666666666667,2.502649633042769,1,1,-6.020756784632242,-1.0922659430122161,0.6502791774478986,0.815114709851552,2.0,2.0,4.020967845042524,2.092457420924608
AAPL,183,2026-06-15,2026-06-24,-0.945,0,49.46243120767287,0.9058652878806156,0.55,44.049293834589314,0.7700043705416352,0.25,2.514553005292558,1,1,-5.274289060974812,-2.3741658562757784,0.7819937440500515,0.7763157894736907,,,,
AAPL,184,2026-06-29,2026-06-30,-2.239,0,39.895477260920174,0.9916922059221015,0.8666666666666667,41.250629050270184,4.649180465291899,1.0,2.8747878074941595,1,1,-4.775007550082222,-9.193305814213948,-1.7403131866215633,0.22183098591549183,2.0,1.0,3.9206392199350084,3.1439979855390723
AAPL,185,2026-07-01,2026-07-07,6.816,1,50.97135133778665,0.7418982575280618,0.6166666666666667,46.911162129189684,0.9745029058734127,0.8333333333333334,2.854353996536463,1,1,-1.678559293238191,-5.533609741764877,0.3203380588876764,0.7009472259810577,,,,
AAPL,186,2026-07-09,2026-07-17,4.994,1,63.84814265740054,0.7227308381226795,0.5,62.23429767632094,0.6039830565823681,0.2,2.6632994764619227,1,1,8.304534144318488,3.9298268886383214,1.83891018002642,0.9629629629629692,,,,
AAPL,187,2026-07-24,2026-07-29,5.275,1,65.23309672755877,0.7380851135257321,0.4666666666666667,58.1066119448391,0.6287706350774628,0.16666666666666666,2.4615338823740607,1,1,-3.480765768469052,9.7516036577044,3.4898536312501816,0.8941176470588218,4.0,1.0,3.598609696170669,0.9608521385823312
AAPL,188,2026-08-04,2026-08-07,2.58,1,44.68332632867118,1.2422472580078556,0.8333333333333334,40.339058396800525,1.3984703136235328,0.9,3.238726892550197,1,1,-9.940340150188476,-2.9552868931107312,2.1966769068146457,0.8857142857142838,3.0,1.0,8.874694610425935,1.0683403999599526
AAPL,189,2026-08-19,2026-08-21,-1.318,0,53.845569408899365,0.9628041373111481,0.5666666666666667,47.858322540363915,1.0303168632483355,0.6666666666666666,2.423149924012071,1,1,1.6791840215145237,-5.403673643742001,2.157090346295221,0.7469008264462809,,,,
AAPL,190,2026-08-26,2026-09-03,3.808,1,51.42771651639423,0.6674931736662275,0.03333333333333333,47.821710749618916,0.4948977976495138,0.0,2.333692686730489,1,1,-0.041931425991026394,-8.874382498235711,1.0151466322913236,0.7013574660633455,,,,
AAPL,191,2026-09-04,2026-09-08,-3.714,0,53.886207941283104,1.0053187580739875,0.25,63.38419993969135,0.9343107682994228,0.15,2.247514301567646,1,1,4.332761141839914,5.057456547485661,-2.5402820505010433,0.19060523938572854,,,,
AAPL,192,2026-09-10,2026-09-15,3.812,1,58.937618146204166,1.7245484821811141,0.8833333333333333,49.34629641877072,1.6749568183169439,0.85,2.4206538114117855,1,1,-3.0111032510072966,3.4206815125774614,3.1262828812328216,0.9833822091886593,,,,
NVDA,1,2021-10-06,2021-10-21,-0.3,0,,,,,,,,0,0,-1.1981255133098223,,2.8827037773359754,0.9687500000000007,5.0,1.0,3.5966814367870183,0.0
NVDA,2,2021-10-25,2021-11-12,-0.3,0,52.69386767964573,1.021012497962831,0.5714285714285714,47.96181828640912,1.1137674327621374,0.75,2.2599356800332524,0,0,3.952062940261647,2.9210633576377765,0.84011665868629,0.6769230769230773,,,,
NVDA,3,2021-11-16,2021-11-17,-0.3,0,72.19179168393282,0.6650010044762681,0.5675675675675675,71.5376846078662,0.9921640463261984,0.8055555555555556,4.012105322061738,0,0,-2.528892351642642,35.11385113851138,1.4919856177962938,0.7266081871345016,,,,
NVDA,4,2021-11-19,2021-11-22,-0.3,0,75.98975745262342,1.1951678117987974,0.875,72.59128804735388,1.874688310774198,0.9487179487179487,4.324878752889603,0,0,4.228364593616329,39.586638462894406,2.3012746952826886,0.912933220625527,,,,
NVDA,5,2021-11-24,2021-12-01,2.299,1,70.26269759493319,0.8891194517380718,0.7674418604651163,67.37041194795749,1.0924745910659461,0.8333333333333334,4.636052772053498,0,0,5.10876403006324,28.43791722296396,3.8555672101967544,0.9060716139076296,,,,
NVDA,6,2021-12-07,2021-12-09,-4.288,0,59.155887595087925,1.1666190290623484,0.8431372549019608,50.65888697701994,1.2721596700954498,0.92,5.503328457097521,0,0,-10.004194630872476,0.9579187953751012,4.748522143618564,0.9877641824249174,,,,
NVDA,7,2021-12-15,2021-12-16,-0.3,0,51.77024972812257,1.322261108399651,0.9298245614035088,43.555544529959285,1.2977285397458123,0.9285714285714286,5.890039253279463,0,0,-12.612946001788627,-5.62198168193172,7.2500000000000036,0.9845980465815175,3.0,1.0,10.704607046070466,4.393853995638007
NVDA,8,2021-12-21,2021-12-29,6.295,1,48.266269558800374,0.9418795722946928,0.7166666666666667,42.903271015937655,0.8242202582109583,0.6,6.2428331661290475,0,0,-1.5695465359894856,-15.96483249962104,2.470571650102208,0.9738219895287948,,,,
NVDA,9,2022-01-03,2022-01-04,-0.3,0,51.97263368158063,0.775244878181872,0.45,48.71527843668022,0.5171520412060724,0.3,4.924988993908601,0,0,-0.7726045883940547,-8.451098798480972,1.0263290290122333,0.36285097192224525,,,,
NVDA,10,2022-01-11,2022-01-13,-0.3,0,43.85750761666013,0.8308076210632839,0.4,41.60587090468316,1.2361164996477256,0.7833333333333333,5.541350930162289,0,0,-9.033564622688495,-9.265514272468378,1.8080005855872334,0.7977161500815656,4.0,1.0,9.502262443438921,2.4071662153425386
NVDA,11,2022-01-28,2022-02-03,10.812,1,33.403069593229304,1.0715704558747254,0.65,27.176314674940556,1.1560829891247912,0.6833333333333333,7.255594235713731,0,0,-9.134575569358173,-26.855771474284197,3.7615845902235114,0.9884763124199739,6.0,4.0,17.643327812819344,9.873215533592901
NVDA,12,2022-02-04,2022-02-11,7.809,1,43.602286760638094,0.6608895707092649,0.11666666666666667,41.571287120280786,0.7577781499337648,0.25,6.443669145813402,0,0,9.132336857455336,-13.24445732502535,1.4475221091273056,0.6849451645064781,,,,
NVDA,13,2022-02-14,2022-02-18,-0.459,0,44.72085853701454,0.8204274559230554,0.35,43.14939222389959,1.1347829301637657,0.8,6.34520508273497,0,0,-1.521444138328043,-9.881467544684842,1.3913261469039793,0.45714285714285713,,,,
NVDA,14,2022-02-25,2022-03-01,-1.347,0,46.969490735876576,0.9344011409296131,0.55,45.16988191179907,1.2977032729132587,0.9333333333333333,7.038380191094243,0,0,-10.422088944211827,4.285965220446175,1.8380338097044808,0.9282296650717717,,,,
NVDA,15,2022-03-02,2022-03-03,-1.201,0,47.83896921093813,0.7048308814338506,0.11666666666666667,44.321156512416195,0.7352267607581442,0.25,6.571560357154641,0,0,0.37195382642154495,-4.120722045250346,1.9531907728573776,0.8098591549295774,,,,
NVDA,16,2022-03-09,2022-03-11,-0.3,0,45.60999127815125,0.8921195012341866,0.48333333333333334,37.93787268264741,1.026080743254063,0.6666666666666666,6.873636361198006,0,0,-8.361374962729485,-12.99741184082822,2.800732568008214,0.7882836587872561,3.0,1.0,11.326353969169901,8.685309253325574
NVDA,17,2022-03-15,2022-03-23,16.402,1,47.405476375429174,0.9224978331905981,0.5166666666666667,39.17753276507921,0.7079338750512896,0.15,6.64977226803715,0,0,-0.10303484451106293,-10.935738444193921,6.761780834650052,0.9621212121212114,,,,
NVDA,18,2022-03-24,2022-03-30,7.871,1,64.09203152567576,1.7497214268727468,0.9833333333333333,55.787613555321286,0.9949692742898767,0.5333333333333333,5.415865908490432,0,0,4.645656433703471,14.503953187117524,7.582358786211106,0.9295482801491912,,,,
NVDA,19,2022-04-04,2022-04-05,-0.3,0,57.26377864850275,0.7518630439964459,0.13333333333333333,54.65385020839808,0.9872963862854495,0.5166666666666667,5.006534963017436,0,0,-3.5389282103134523,16.463201953261255,2.364561508530372,0.7904761904761901,,,,
NVDA,20,2022-04-18,2022-04-21,-0.3,0,38.29894967004535,0.9395525865170439,0.5166666666666667,35.36998903097455,1.0260194939322824,0.6666666666666666,6.381542586578645,0,0,-12.186054196959685,-14.164580473229426,2.7500000000000093,0.6977205153617447,6.0,2.0,18.53305936743231,3.3171967900191714
NVDA,21,2022-05-02,2022-05-09,-5.44,0,39.54013783840504,1.029384428655104,0.6833333333333333,34.14571574027467,0.8986571815042925,0.4,7.215252149717304,0,0,-4.960286958749682,-32.02741332551492,5.350304730057714,0.9653423499577344,5.0,2.0,8.876502832926434,0.0
NVDA,22,2022-05-25,2022-06-01,14.15,1,41.811260610625276,1.2781287038095297,0.9833333333333333,36.96434233218454,0.9579537177572603,0.65,7.836251816833112,0,0,-11.129449304065576,-14.019586970406639,5.961298377028726,0.8775877587758784,3.0,2.0,4.558034453544189,0.0
NVDA,23,2022-06-02,2022-06-09,-0.3,0,54.93810181120821,0.9732466549410022,0.7166666666666667,48.73333290976254,0.8212278858593473,0.4,6.755474103723784,0,0,13.408443729107344,-6.54014896439139,7.10693199212769,0.9809992962702315,,,,
NVDA,24,2022-06-15,2022-06-16,-1.76,0,41.613292568866804,0.9557259693860128,0.45,37.04051950450642,0.7925100310276586,0.16666666666666666,6.994033206458414,0,0,-16.326746274965643,-8.271547729379048,2.6840633737185597,0.638004246284503,3.0,1.0,14.311996104106928,7.627666451195861
NVDA,25,2022-06-21,2022-06-22,-1.811,0,43.95857681016339,0.8195641248035762,0.2,39.52688648723155,1.070185564377833,0.6666666666666666,6.754867252316791,0,0,-6.445151408035821,-7.264657790235917,0.5523520485584068,0.26455906821963254,,,,
NVDA,26,2022-06-24,2022-06-28,-0.3,0,48.232113494894385,0.8427326926535113,0.2,42.250595095491484,0.8184883613684014,0.15,6.240797469330235,0,0,-1.827312881950749,0.43951962362263064,3.7939393939394015,0.9831325301204827,,,,
NVDA,27,2022-07-06,2022-07-13,-3.098,0,39.84258562116997,1.058995186976905,0.36666666666666664,38.51936486931753,1.3107593535153776,0.7666666666666667,6.3637209048176535,0,0,-11.292904143695537,-20.06410256410256,0.7994670219853497,0.643396226415095,4.0,1.0,11.455621301775137,3.6602209944751336
NVDA,28,2022-07-14,2022-07-25,-0.3,0,43.374422636989664,0.8893500124025764,0.11666666666666667,41.458507428580454,1.0092978283150587,0.38333333333333336,5.723696391590842,0,0,0.22471910112358273,-3.086853709976356,1.747418586179503,0.8644295302013413,,,,
NVDA,29,2022-07-27,2022-08-17,8.454,1,58.35503697439751,1.0635938498240414,0.5333333333333333,50.031938976946364,0.740608853018186,0.06666666666666667,5.008729514535733,0,0,-2.701271186440679,-1.9918193135336937,4.450446218882099,0.8572825024437919,,,,
NVDA,30,2022-08-18,2022-08-19,-0.3,0,56.98396596345132,0.8127893608244438,0.11666666666666667,53.99746280826942,0.8480986924862806,0.21666666666666667,4.5349094778635815,0,0,1.3151351052660631,2.9651260740158447,2.5790940385771344,0.8651026392961892,,,,
NVDA,31,2022-08-25,2022-08-26,-0.3,0,51.217754248078045,1.5664589717409088,0.9833333333333333,45.74736369917004,1.0572661471172127,0.6333333333333333,4.594775081102491,0,0,-6.070357240250878,-3.1928049465992037,6.3464735217288,0.9694793536804319,3.0,1.0,6.432684994023674,0.09904520423120548
NVDA,32,2022-09-08,2022-09-13,-0.3,0,33.30319697349297,1.114839893403213,0.8,30.537718961274138,0.902112496370659,0.5666666666666667,6.013463749545781,0,0,-11.339539694853883,-19.735455928830614,3.945315402333016,0.9718309859154947,7.0,1.0,23.200985607884856,2.5670894344346955
NVDA,33,2022-09-19,2022-09-22,-0.3,0,35.19509082168268,0.9536406613488821,0.6833333333333333,33.17675298671085,1.1473401504822243,0.85,5.592313403828764,0,0,-8.264405365955374,-29.696905129707552,2.843529050107587,0.8211920529801333,3.0,1.0,4.376177365599183,0.11797896896639547
NVDA,34,2022-10-04,2022-10-07,-3.204,0,44.658725006170705,0.993841970855137,0.7166666666666667,36.83529436480079,0.9161498439596064,0.6166666666666667,5.179068179895942,0,0,2.322538436375532,-8.316846193302553,2.236198462613559,0.844574780058649,7.0,1.0,4.269319051262432,3.5931790499390868
NVDA,35,2022-10-17,2022-10-28,-0.3,0,40.8732200051383,0.9333903442649732,0.65,32.97621801762203,1.1505375546416319,0.85,6.352536600176889,0,0,-7.030473666777082,-14.934080921351722,3.212363257509977,0.8607888631090479,4.0,2.0,4.358256697321071,0.0
NVDA,36,2022-11-03,2022-11-09,8.279,1,55.13284838192078,0.8323366703753542,0.23333333333333334,53.078901502884406,1.1351955548632227,0.8333333333333334,5.3730550181757755,0,0,2.5046526054590457,0.07570595805890257,2.898106263896344,0.5636363636363627,,,,
NVDA,37,2022-11-10,2022-11-16,8.903,1,67.93100034105436,1.2281137548078132,0.85,54.944972264714615,0.7936593739523394,0.13333333333333333,5.179675910845479,0,0,4.213631893486647,19.791304347826078,6.418918918918914,0.9812398042414358,,,,
NVDA,38,2022-11-21,2022-11-28,5.503,1,57.96541026008658,0.7288138980979736,0.0,58.884912771784215,0.8768048489479169,0.1,5.154546880984986,0,0,-5.622588350584923,23.60821434301301,1.1223344556677886,0.596977329974811,,,,
NVDA,39,2022-11-30,2022-12-06,5.007,1,64.87631652454297,1.1266184734793812,0.5333333333333333,56.506281607119504,0.5837354065659278,0.016666666666666666,4.470425148463169,0,0,2.1022393419076746,15.870193376305842,7.8104096324138315,0.9947486871717919,,,,
NVDA,40,2022-12-07,2022-12-14,13.744,1,55.462154847537086,0.7823465501428554,0.1,54.437148567122335,0.7365331897692191,0.06666666666666667,4.523397578327725,0,0,2.225206215231168,11.789385357667292,2.206441795587121,0.8728323699421986,,,,
NVDA,41,2022-12-20,2022-12-22,-0.3,0,48.83893697841093,0.953072196057865,0.13333333333333333,50.232185142928074,0.8233129089731338,0.08333333333333333,4.658061872123866,0,0,-7.305389221556879,5.483808164059978,0.1307270916334711,0.5087336244541514,,,,
NVDA,42,2022-12-29,2022-12-30,-0.772,0,40.94616580300288,0.8024452079501815,0.15,35.52640915025121,0.7984802160267611,0.08333333333333333,5.4194236676792995,0,0,-12.738576313335415,-10.25001598567683,1.3956394945146544,0.8245614035087716,3.0,1.0,12.787374176711827,7.88014981273408
NVDA,43,2023-01-04,2023-01-05,-0.822,0,43.367278162509166,1.014275849573366,0.3,39.04583546024068,0.9469468182072937,0.21666666666666667,5.165450780675228,0,0,-5.859529133236885,-15.175397013510317,1.2493993272465187,0.8300653594771256,,,,
NVDA,44,2023-01-06,2023-01-19,16.649,1,45.60548213041803,0.9397111989574747,0.2833333333333333,39.96445351221227,0.9067148548041899,0.21666666666666667,5.054986630395087,0,0,1.631518951268185,-10.77125164195909,2.6599419649025826,0.8452868852459017,,,,
NVDA,45,2023-01-20,2023-01-31,-0.3,0,63.20112646036,1.3459893903634157,0.8166666666666667,56.644718335229086,1.0919381171099845,0.43333333333333335,4.446173586255646,1,0,4.774701581151164,3.1438415159345423,4.867438716124857,0.9835111542192018,,,,
NVDA,46,2023-02-01,2023-02-09,14.504,1,70.51085217319411,1.3971016270825047,0.9666666666666667,64.59630978518078,1.0747679535422592,0.6666666666666666,4.393299716890916,1,1,1.4118868414222607,33.686875598740926,6.358234726524821,0.8425047438330178,,,,
NVDA,47,2023-02-13,2023-02-17,-0.3,0,65.30304115394958,0.9098194983817298,0.55,62.86618819216399,1.054998873140742,0.8,4.608287307105846,1,1,0.781990521327014,28.79292592816911,1.1607391586962577,0.7605893186003698,,,,
NVDA,48,2023-02-23,2023-02-24,-1.217,0,66.34456332399807,2.1825922264033735,1.0,53.15860242991911,1.0035205466580717,0.75,4.721926087381723,1,1,-9.651299464542241,7.729042304697642,0.9556313993174069,0.7404403244495952,,,,
NVDA,49,2023-03-03,2023-03-07,-0.812,0,64.30765342359626,0.779390921359085,0.3,61.82902355507408,0.7175838588548124,0.21666666666666667,4.333279842600793,1,1,-1.4790398918188008,11.321205175953764,2.4442538593482004,0.9870129870129896,,,,
NVDA,50,2023-03-08,2023-03-09,-0.3,0,63.998041155741056,0.9780871068924867,0.7166666666666667,59.7893348082736,0.9870152413781013,0.7333333333333333,4.164858355773604,1,1,0.3101309441764233,10.427236948172048,2.9548260739983934,0.9755154639175279,,,,
NVDA,51,2023-03-14,2023-03-20,-0.3,0,61.08021214611548,0.9390442790886024,0.5333333333333333,55.26875057928945,0.8237143995972509,0.2833333333333333,4.225707423192205,1,1,-2.4963912711216674,7.999059487420657,2.4131767109295206,0.7944664031620523,,,,
NVDA,52,2023-03-21,2023-04-12,3.747,1,70.23970922548209,1.0397297653813986,0.7666666666666667,69.02480199785204,0.8193673852977112,0.31666666666666665,3.9172745847596335,1,1,12.775407123573967,21.095941649523088,0.0725744843391975,0.8090999010880336,,,,
NVDA,53,2023-04-14,2023-04-25,-0.3,0,57.1601171005071,0.848342167104067,0.15,54.9212537478683,0.7445536557539228,0.016666666666666666,3.2183798018106127,1,1,-1.5550016740448647,9.224863793957393,0.9583459100513047,0.8114630467571645,,,,
NVDA,54,2023-04-28,2023-05-11,5.838,1,60.04234556916342,0.7358118157302765,0.0,56.30198328852366,0.9477340481776094,0.16666666666666666,3.1126549713581446,1,1,0.4501180637544344,0.89682774977764,1.9247015610651876,0.9868995633187767,,,,
NVDA,55,2023-05-15,2023-05-22,-0.3,0,59.97402741401426,0.7820674154851881,0.03333333333333333,56.01358452646565,0.7180391823650947,0.0,2.928261769167157,1,1,-1.1854951185495066,5.912250541894015,1.5609653430615977,0.9804161566707444,,,,
NVDA,56,2023-05-24,2023-05-31,30.412,1,62.45150085414753,1.8338460756308128,0.95,63.816810652570844,0.9030380987614984,0.21666666666666667,2.8639265118316914,1,1,5.049121966247894,16.946762699592234,1.0857332009268434,0.9138576779026227,,,,
NVDA,57,2023-06-01,2023-06-07,-0.3,0,75.73174898360114,1.1858036916443817,0.8666666666666667,72.4382497580105,1.980422542027534,0.9833333333333333,4.334304691297183,1,1,23.28597497393119,34.115561857497354,3.3282236483151184,0.8362573099415234,,,,
NVDA,58,2023-06-08,2023-06-20,-0.3,0,66.8709297409768,0.732059613762732,0.55,64.26930847092956,0.9129390627734537,0.7333333333333333,4.28551687448674,1,1,-0.9488819580271812,31.164467467012003,2.083554236030117,0.7395143487858715,,,,
NVDA,59,2023-06-22,2023-06-23,-0.3,0,72.10177519984123,0.6687892480637728,0.5666666666666667,72.2202486118851,0.8959879175484435,0.7833333333333333,3.539545459839686,1,1,4.931500170640146,38.07095201437005,1.8270892007668058,0.6635906040268429,,,,
NVDA,60,2023-06-30,2023-07-20,9.768,1,62.60684235128306,0.9997065600681115,0.7,57.78432691854513,0.7147166482844426,0.35,3.661901094559513,1,1,-5.120278907611842,7.897658191045087,1.4923224568138194,0.7635843660629192,,,,
NVDA,61,2023-07-25,2023-08-01,-0.3,0,61.44856323784836,0.7345728123582108,0.18333333333333332,57.70020433053905,0.809324380993246,0.3333333333333333,3.4149487368151785,1,1,-3.979681883730435,5.693098628254645,1.6421530451035793,0.6000000000000011,,,,
NVDA,62,2023-08-07,2023-08-08,-0.872,0,56.04500805616365,0.7174604864350652,0.13333333333333333,52.61841192648831,0.80829436351828,0.2833333333333333,3.359146923704062,1,1,-4.4278074866310195,5.12199138884315,0.6783267939083694,0.8741044012282518,,,,
NVDA,63,2023-08-21,2023-08-25,5.359,1,61.690661035690695,1.572859016625014,0.8666666666666667,47.858347012931844,1.2709188977363646,0.75,3.7835116694313458,1,1,5.982131929996326,-2.279446613554803,5.5580527711601535,0.9655293703833981,8.0,1.0,3.4646511939000777,3.2229626665274806
NVDA,64,2023-08-28,2023-09-01,6.756,1,58.166067962329706,1.2199797700350454,0.85,55.49051250277494,1.7395761416226332,0.95,4.399222843256403,1,1,6.279590752673281,-1.5657754010695135,0.7594337593046804,0.9306883365200783,,,,
NVDA,65,2023-09-05,2023-09-06,-0.3,0,61.12959787214769,0.6054090058333347,0.3,61.0041084887427,0.7397621813630265,0.45,3.969561983286559,1,1,5.413099222043538,8.569829901521931,0.6739522634427614,0.6942482341069653,,,,
NVDA,66,2023-09-13,2023-09-15,-0.3,0,47.97326803337482,0.6507174954478117,0.3333333333333333,44.94520367385465,0.555053354133372,0.16666666666666666,3.974975950809819,1,1,-7.57600725055616,2.5529677964939435,1.9843049327354214,0.6881569726699367,4.0,1.0,7.371854420841858,1.4160730832419115
NVDA,67,2023-09-25,2023-10-03,6.581,1,38.688595278966474,0.8326715462412845,0.38333333333333336,35.05353338198505,0.8921839793889706,0.55,3.8780018473869684,1,1,-5.216400911161734,-11.774060174289158,1.5171551537592274,0.7689477557027229,5.0,1.0,8.228755431066809,1.7795701819214156
NVDA,68,2023-10-04,2023-10-16,-0.3,0,49.80475195920579,0.837845542019637,0.15,47.21685479565034,1.1015657159340773,0.5166666666666667,3.522875480586957,1,1,3.8319295650306673,-10.362939770948332,0.6835535640802878,0.8801410105757885,,,,
NVDA,69,2023-10-31,2023-11-10,-0.3,0,39.77280594067707,1.1272651932559392,0.7,41.04270719341708,0.8403327130912657,0.2,3.950642658651373,1,1,-4.2210587550901675,-8.08583805993478,0.8158220024721836,0.9399636143117062,3.0,1.0,5.154615420065445,0.0857760256008439
NVDA,70,2023-11-13,2023-11-22,2.871,1,68.00123609409403,0.8297469562955929,0.18333333333333332,67.21578092510458,0.9047375735906706,0.38333333333333336,3.164556527355201,1,1,7.3991778691256505,6.321902289874837,0.620860927152312,0.5122910521140602,,,,
NVDA,71,2023-12-05,2023-12-15,-0.3,0,48.792692806214845,0.8564829242233646,0.18333333333333332,43.383869523408706,1.009655977672066,0.6166666666666667,3.040806789531805,1,1,-5.663115127896856,1.1220975447172377,2.4193903136409656,0.9744168547780294,6.0,2.0,6.192329294712342,-1.5535742866890418e-14
NVDA,72,2023-12-18,2023-12-20,-0.3,0,63.156326255238895,0.9512263275281954,0.48333333333333334,58.756540491385316,1.124704323035081,0.8166666666666667,2.812876763423113,1,1,2.9133162126889323,-1.1924009700889138,1.3704453441295539,0.7225253312548704,,,,
NVDA,73,2024-01-04,2024-01-12,-0.3,0,49.23756452202922,0.8355665946180664,0.1,46.72925326243515,0.8610238181100064,0.1,2.577590263259142,1,1,-3.470037947198601,4.524280377938927,0.48359746268343107,0.493951612903222,3.0,1.0,4.177829704087179,1.8971365184558382
NVDA,74,2024-01-16,2024-01-23,-0.3,0,76.42293368498036,1.1011495964557865,0.7,72.64913172193442,0.854660874243352,0.21666666666666667,2.60506472821596,1,1,11.432470415707673,13.770587256696064,2.479188629175901,0.7658914728682158,,,,
NVDA,75,2024-01-24,2024-01-31,-0.3,0,83.55797000019199,1.3298856898981848,0.9166666666666666,81.33869351088423,0.6989259363232915,0.08333333333333333,2.5462077465966444,1,1,6.191692384094205,22.214737701571742,1.7544441496418144,0.489178976296806,,,,
NVDA,76,2024-02-01,2024-02-07,-0.3,0,77.07973324657668,0.7942908556153357,0.2833333333333333,74.01294357623354,0.9809194156526461,0.7166666666666667,2.632723032316741,1,1,0.268896059450463,27.734180368709517,1.492753623188405,0.8935756002595711,,,,
NVDA,77,2024-02-09,2024-02-13,-0.489,0,82.41892326478666,0.9268440080292787,0.5833333333333334,79.61046985167906,0.8686825642089293,0.5333333333333333,2.8477214845883134,1,1,10.493915306138636,28.134314627414913,2.26844172231437,0.9736441966548369,,,,
NVDA,78,2024-02-14,2024-02-15,-0.3,0,83.85886763455736,1.0436901607557394,0.7666666666666667,81.91263152621659,1.2655772665711116,0.9,3.1070089423262703,1,1,5.7238761121615855,27.927352701216712,0.9535258599491919,0.8537859007832905,,,,
NVDA,79,2024-02-22,2024-02-28,-0.3,0,73.68019736533253,1.6933839697747306,1.0,56.43851264304408,1.3696559673358535,0.9166666666666666,3.5996704578169516,1,1,-6.455190771960961,12.691864446411572,4.682439186937675,0.9915040183696886,,,,
NVDA,80,2024-02-29,2024-03-11,8.974,1,71.61313542885956,0.9216848830408666,0.75,69.6572420821667,0.7130932175603671,0.35,3.807455025010098,1,1,15.104043158643599,23.718418453499844,0.022757731307053233,0.46463414634146355,,,,
NVDA,81,2024-03-12,2024-03-14,-0.3,0,71.8980882888157,1.1013007984935632,0.85,65.73275384149576,1.140995046230917,0.8833333333333333,4.439131719413298,1,1,0.6300080950760956,18.91090069732302,4.3884655135208686,0.9919104991394153,,,,
NVDA,82,2024-03-19,2024-03-27,5.45,1,65.2416805831654,1.057455988102871,0.85,64.04285670458674,1.0670040370565135,0.85,4.5427481841678965,1,1,3.125655793130777,21.817030008400696,3.111880046136094,0.7929165160823992,,,,
NVDA,83,2024-03-28,2024-04-02,-2.024,0,59.97976226098352,0.712219122441607,0.23333333333333334,59.81100801186354,0.9744771056483448,0.6333333333333333,4.2671261490291545,1,1,-0.13499756561766718,16.20720291515909,0.3955555555555495,0.5519696250593247,,,,
NVDA,84,2024-04-11,2024-04-15,-0.3,0,58.23109798249297,0.8495499454069239,0.2,51.21344267664245,0.8308171496921769,0.21666666666666667,4.032429942456205,1,1,-2.163796591879863,-5.30284072982059,3.655913978494621,0.9677419354838698,4.0,1.0,3.7243103333849574,1.4185487356035198
NVDA,85,2024-04-23,2024-04-24,-0.3,0,45.67596516024048,0.9252008744872787,0.31666666666666665,40.58128590606624,1.2593419941723274,0.6833333333333333,4.997567944067066,1,1,-7.5382844385530445,-15.665666196481032,2.0478153747105896,0.8618762475049891,3.0,1.0,9.98641611953815,5.473769435690297
NVDA,86,2024-04-25,2024-05-01,5.034,1,46.94504516415479,0.9068409159319405,0.16666666666666666,42.009246645974436,1.0936762181770974,0.5666666666666667,5.010339367274383,1,1,-5.185934432081862,-13.919469322932986,4.772531318151862,0.8645098039215707,,,,
NVDA,87,2024-05-02,2024-05-08,-0.3,0,51.19646617225047,0.8060426859344381,0.06666666666666667,46.97186782697328,1.218838404415713,0.6166666666666667,4.883555290844825,1,1,4.222046512795408,-6.6577492019243785,1.6199126099776135,0.8617056305564693,,,,
NVDA,88,2024-05-14,2024-05-21,-0.3,0,57.57376621933023,0.6631680995269923,0.03333333333333333,56.07940801242051,0.6369719468917383,0.016666666666666666,3.871986399578177,1,1,-1.8895159539830675,5.113894024488075,1.9609593857074195,0.8914243651085749,,,,
NVDA,89,2024-05-23,2024-05-31,9.983,1,71.62427700828636,2.140928534317759,0.9666666666666667,60.79939711321279,1.4132178919987466,0.7,3.320198576370875,1,1,0.3381591461481648,19.168643397718288,1.7357980162308395,0.47479166666666917,,,,
NVDA,90,2024-06-03,2024-06-07,-0.3,0,73.11868021358796,1.0069397190646636,0.4666666666666667,68.77122616771935,1.4477325907501941,0.8333333333333334,3.971650981646412,1,1,5.620478039287469,27.752077094282022,1.2136840900889843,1.0,,,,
NVDA,91,2024-06-10,2024-06-18,-0.3,0,75.53065311179249,0.6785027329277119,0.05,74.87833581881064,0.8960413357639968,0.31666666666666665,3.7650908643355545,1,1,10.266069522862642,36.21643548514317,1.179695937525963,0.7848932676518899,,,,
NVDA,92,2024-06-25,2024-07-02,-0.358,0,59.74545866893791,0.9395957746834485,0.45,52.24516655379494,1.0376892509331388,0.7,4.6712548160609355,1,1,-10.441310282074612,13.787223383654945,4.034653465346535,0.9428969359331482,,,,
NVDA,93,2024-07-03,2024-07-12,-0.3,0,60.72442827619595,0.5761723238327262,0.0,54.78643843521521,0.5665384305759007,0.0,4.386518460994055,1,1,-2.712348322626701,6.6695652173913045,5.44139404898899,1.0,,,,
NVDA,94,2024-07-31,2024-08-01,-2.096,0,48.23915965706723,1.675730310923533,0.8,33.3497158360819,1.7880431909238554,0.85,5.837184947627948,1,1,-15.384615384615385,-16.548672566371682,3.6492471213463156,0.8230563002680957,4.0,7.0,3.8150109000311363,-1.236102702144305e-14
NVDA,95,2024-08-08,2024-08-15,-0.3,0,42.84708253781244,1.107244346233677,0.5833333333333334,36.94338760026047,1.1897265947674693,0.6333333333333333,8.07206162004297,1,1,-15.475987010767389,-26.684456304202797,2.911764705882352,0.9335839598997493,3.0,2.0,11.299242746532801,6.9219749117718905
NVDA,96,2024-08-16,2024-08-27,-0.3,0,59.09909241046606,0.8295037522796523,0.36666666666666664,57.85685064790277,0.8716402375218941,0.43333333333333335,5.858812618143238,1,1,17.042964656568536,1.4617226856057375,2.1649991799245534,0.8900523560209418,,,,
NVDA,97,2024-09-09,2024-09-17,12.372,1,41.148666228536676,0.793397357801304,0.25,37.08919360074089,1.2019019101274038,0.7833333333333333,6.667859786233252,1,1,-12.552087762564845,-2.0386777174430826,1.5160183066361588,0.9720279720279726,3.0,2.0,10.30703589057141,5.942961042459349
NVDA,98,2024-09-19,2024-09-20,-0.547,0,52.21555781733823,0.86625560414204,0.38333333333333336,47.36297028139624,0.9172610025894566,0.45,5.231654632039453,1,1,-3.0279702335129555,-10.907662082514735,0.44311887515978715,0.257261410788384,,,,
NVDA,99,2024-09-24,2024-09-30,-0.3,0,55.456922702856325,1.059391616563451,0.6666666666666666,50.44068757158979,0.6049233604662534,0.016666666666666666,4.73298127631701,1,1,-0.4452817263229991,-10.133724974878255,3.73326467559218,0.855140186915889,,,,
NVDA,100,2024-10-02,2024-10-10,-0.3,0,51.32923693782042,0.7278286293934751,0.08333333333333333,48.93992073640089,0.9634400839703868,0.4,4.60463889380983,1,1,-3.2017870439315033,8.333333333333325,2.0697354860872523,0.8749999999999996,,,,
NVDA,101,2024-10-11,2024-10-15,-0.3,0,67.55431312932788,0.6170822582202633,0.0,67.57309882135135,0.8592093972061963,0.11666666666666667,3.72309189335164,1,1,9.735449735449752,13.152593587376193,0.5895082456533247,0.5377358490566095,,,,
NVDA,102,2024-10-16,2024-10-24,4.674,1,63.225936402620974,0.9497432914981601,0.23333333333333334,59.19937268450817,1.3911260106720214,0.75,3.9283064399684626,1,1,-0.9707276695010814,13.850679124491737,1.2987012987013056,0.8214285714285701,,,,
NVDA,103,2024-10-25,2024-10-28,-0.3,0,64.79397832825222,0.7981839477636914,0.05,63.65636307009318,0.6541047463845943,0.016666666666666666,3.397039715875468,1,1,2.541444533703352,13.197355691712342,0.4328389980841447,0.2222222222222175,,,,
NVDA,104,2024-10-29,2024-10-30,-1.286,0,63.7066649067765,0.6277546667796884,0.0,62.880645914678496,0.6842428728782141,0.03333333333333333,3.2594438063695828,1,1,-2.219748103820196,15.711462450592894,0.6842968137429667,0.6994047619047633,,,,
NVDA,105,2024-11-06,2024-11-15,-0.3,0,64.6851867370616,1.0742225492828934,0.2833333333333333,58.67610895545933,0.6932285513829872,0.016666666666666666,3.270670502862162,1,1,-0.9486725663716888,5.282564527052447,1.853665360940127,0.8057395143487869,,,,
NVDA,106,2024-11-19,2024-11-25,-1.447,0,59.14739728428597,1.114311944046633,0.35,50.90394792912649,1.07053885942383,0.2833333333333333,3.2825879296027156,1,1,-3.5178300977557364,-2.477211050031314,4.026323238041323,0.9804560260586311,,,,
NVDA,107,2024-12-20,2024-12-30,-0.3,0,46.61326198522903,1.3842667361821352,0.9166666666666666,40.03115901921529,0.926136859190846,0.4166666666666667,3.993365693060301,1,1,-4.849279161205766,-10.42566317088216,3.767044141437475,0.9178470254957489,3.0,7.0,3.6583679114799392,2.2394329220267677
NVDA,108,2025-01-02,2025-01-08,3.759,1,51.41239743852001,1.0129712222180096,0.45,45.17335636496269,0.7921192734408157,0.05,3.775834781892456,1,1,-3.851936707954462,-3.1306355045805367,1.6985294117647074,0.8658823529411781,,,,
NVDA,109,2025-01-15,2025-01-16,-2.028,0,48.1993667485587,0.8626710547308768,0.3333333333333333,42.37544229618368,0.9187692441243356,0.43333333333333335,4.538860031626404,1,1,-11.824934752057825,-4.062909567496731,1.9378974934530515,0.9593023255813993,,,,
NVDA,110,2025-01-17,2025-01-27,-8.999,0,50.31699162833098,0.9537208227902286,0.48333333333333334,45.26325970054115,0.9851609019722866,0.5833333333333334,4.398091095803891,1,1,-4.6677610448933144,1.1893939393939235,0.7462140610139808,0.7401315789473704,,,,
NVDA,111,2025-02-04,2025-02-19,18.98,1,38.77986774482872,0.8382084112833667,0.7666666666666667,36.81409795628016,1.2481865714226923,0.9,6.56630211860032,0,1,-1.486235433203853,-15.653242715638783,1.4449384404924863,0.43333333333333396,3.0,1.0,7.7786561264822165,3.157523372728875
NVDA,112,2025-02-20,2025-02-21,-0.3,0,57.661898166270234,0.4812501328295728,0.05,56.820839139173366,0.5574665524976481,0.13333333333333333,4.293162653822871,1,1,4.841867469879491,-1.1361215650074752,0.057130614868251446,0.857881136950909,,,,
NVDA,113,2025-03-07,2025-03-10,-1.513,0,37.83588646838592,1.294460155737243,0.8166666666666667,35.52554413249604,1.2302691692972398,0.8,6.516485817399083,0,1,-7.973366625052025,-11.423536008972201,1.294382022471908,0.8665540540540531,3.0,7.0,6.255355612682084,0.3699025622518658
NVDA,114,2025-03-12,2025-03-18,3.1,1,43.58674558077313,1.1470625112454504,0.7666666666666667,36.28739724570769,1.2883473313511415,0.8166666666666667,6.571044361977865,0,1,-6.233295973790831,-18.574530208879235,1.4195583596214427,0.7371134020618537,,,,
NVDA,115,2025-03-19,2025-03-20,-0.914,0,46.167551590377975,0.8890270675811887,0.6166666666666667,44.03295166095825,0.9873349078010609,0.7,5.763190933960114,0,1,6.132769400514904,-17.195121951219505,0.21318325232369748,0.38574423480083664,,,,
NVDA,116,2025-03-21,2025-03-26,-0.581,0,46.4157942045328,0.8377887809736814,0.6,47.21528794969916,0.7953612448474902,0.5,5.345001217580571,0,0,2.552344696314246,-15.402183998287066,0.6499059346673551,0.8871595330739328,,,,
NVDA,117,2025-04-01,2025-04-02,-1.433,0,40.61731340376006,0.7720847660382589,0.3,38.10196114669559,1.017948819488048,0.7,5.289477503078379,0,0,-10.732229635120671,-4.979835174469582,1.5020272760781512,0.9865951742627354,3.0,1.0,8.717257643392578,3.4213285047174344
NVDA,118,2025-04-09,2025-04-15,-0.3,0,51.75406173651665,2.0091333346325055,0.9833333333333333,32.2629767292421,1.5928025797438257,0.9333333333333333,7.323798071102734,0,0,-12.573763050385844,-11.456417800662011,15.613307715643643,0.9561752988047811,,,,
NVDA,119,2025-04-24,2025-05-05,-0.3,0,48.24132318977342,0.6508552306702827,0.16666666666666666,44.59129048357099,0.7382994329665524,0.3,6.918017832709454,0,0,-8.45811051693406,-14.897671720937943,2.8507924236567477,0.9679300291545192,3.0,2.0,5.413677666188423,8.792710706150338
NVDA,120,2025-05-06,2025-05-23,-0.3,0,54.883042684513704,0.5235126982927903,0.03333333333333333,55.25828085472893,0.4125677011402393,0.0,5.1086398217901365,0,0,4.681320702657943,20.687095748064888,1.847865087908147,0.6938775510204112,,,,
NVDA,121,2025-05-27,2025-06-11,6.541,1,68.00495057951649,0.9253007536996294,0.13333333333333333,63.79930383095717,0.9416435142927285,0.16666666666666666,3.6811014442822287,1,0,-3.035450516986715,18.268624448247884,1.006336190831155,0.9319148936170225,,,,
NVDA,122,2025-06-12,2025-06-27,-0.3,0,69.29963618293716,0.7330871513817631,0.1,66.99366090107983,0.7303173891329718,0.13333333333333333,3.0385611644746846,1,0,0.6412063134160206,9.928422996998387,2.134253715573714,1.0,,,,
NVDA,123,2025-07-02,2025-07-11,-0.3,0,69.73780363794438,0.8925412480938104,0.21666666666666667,65.8127148862205,1.1155563734279943,0.4666666666666667,2.6180853100137473,1,1,3.6511156186612714,11.588295239481749,2.7912145378480915,0.9244060475161998,,,,
NVDA,124,2025-07-16,2025-07-22,-0.3,0,78.77018354740889,0.8556286885608864,0.18333333333333332,78.31190377374989,1.259288744737661,0.7,2.394827552076526,1,1,6.687500000000002,20.2366697189547,0.18122296270314642,0.866666666666668,,,,
NVDA,125,2025-07-24,2025-08-01,0.657,1,71.65012540156805,0.7204814373723262,0.016666666666666666,68.84806000357784,0.8526972904475,0.16666666666666666,2.3476845023098014,1,1,-0.34428429713485587,15.469912102772131,0.753885409417775,0.9644268774703544,,,,
NVDA,126,2025-08-04,2025-08-08,-0.3,0,68.62572756012162,0.9053669478795628,0.18333333333333332,62.26566285826851,1.2733573863105225,0.7,2.4783793042429294,1,1,0.12680115273775439,9.024726998870335,2.763187942452617,0.964788732394368,,,,
NVDA,127,2025-08-11,2025-08-13,-0.3,0,68.28300292979516,0.8735190478256403,0.11666666666666667,69.69723470756684,0.7623503754706898,0.03333333333333333,2.3725547492272705,1,1,5.1692378540179496,10.780984719864172,0.005492996429547325,0.5041782729805016,,,,
NVDA,128,2025-08-21,2025-08-22,-1.581,0,50.47692548077146,0.8905068629601475,0.2,51.24718113279145,1.3951575657458293,0.8333333333333334,2.597223504313696,1,1,-3.4087780164105963,2.705234805012302,0.07434944237917955,0.3786407766990247,3.0,1.0,3.5627886518583627,0.9293465712306541
NVDA,129,2025-08-25,2025-08-29,-0.435,0,58.437714511070524,1.0166936090107157,0.5,55.62457878013729,1.0949025736731508,0.5666666666666667,2.6185676978232326,1,1,-1.36325852036574,2.5878962536023176,0.8186150827025557,0.6067415730337092,,,,
NVDA,130,2025-09-08,2025-09-12,-0.3,0,39.44189578718347,0.9168548542544354,0.5,36.732511471462814,1.2825781328306982,0.8666666666666667,2.9941390779913877,1,1,-7.298662374424147,-7.606350611273993,0.45359594150999155,0.26592797783933636,3.0,2.0,3.6213575880074207,0.11352772466540759
NVDA,131,2025-09-15,2025-09-16,-0.3,0,55.37855237216643,0.7992436778385199,0.3,55.51400352388586,0.6780051826190521,0.05,2.719070055163132,1,1,6.466291462100338,-2.3074387429952825,1.1840382535435834,0.7465437788018449,,,,
NVDA,132,2025-09-18,2025-10-03,7.396,1,52.361584589258655,1.0349296508475891,0.7,42.8200899090824,1.151572744603778,0.8,2.832915122214794,1,1,-3.969999436079641,-3.0460031883397853,1.2989998850442692,0.792270531400969,,,,
NVDA,133,2025-10-06,2025-10-07,-0.3,0,59.233594847761964,0.8816117766145074,0.48333333333333334,63.13999572307764,0.7510981304795474,0.16666666666666666,2.7793159414108533,1,1,5.292103934003034,12.333852233265464,0.02156334231805501,0.5666666666666648,,,,
NVDA,134,2025-10-08,2025-10-10,-0.3,0,63.36269887118731,0.7326256309923128,0.1,58.29984400690386,0.7845978042933441,0.23333333333333334,2.778961703281702,1,1,-0.8253832136349115,8.362614195361907,1.3614193064265534,0.8398692810457581,,,,
NVDA,135,2025-10-13,2025-10-14,-2.002,0,57.52335666709342,0.8450513149536006,0.4166666666666667,51.83942247877777,1.5408526806252858,0.9666666666666667,3.15451963617341,1,1,-2.3771452936787174,3.003036778765056,0.18619992552002676,0.5686746987951764,,,,
NVDA,136,2025-11-10,2025-11-11,-0.3,0,57.52907005364575,1.066023055911929,0.7,47.92443953135265,1.4185468491322344,0.9166666666666666,3.816063688812774,1,1,-7.0818312015408225,2.7243939724830746,2.019373686638305,0.8552845528455308,3.0,1.0,7.315270935960588,6.501091703056766
NVDA,137,2025-11-19,2025-11-20,-0.3,0,47.23927704212566,1.2797722184502827,0.9,42.30288373259721,1.1317835466596464,0.75,4.159998912388101,1,1,-6.108925243321595,0.11039964672114877,0.9361978462038089,0.7335984095427429,4.0,2.0,4.386144701783153,1.3547608600263268
NVDA,138,2025-12-01,2025-12-08,-0.3,0,44.564191705301674,0.8669730219273238,0.5666666666666667,41.48276066003703,0.5518285111382262,0.016666666666666666,4.525937537825671,1,1,-2.0150575730735087,-12.760609197101868,2.952620737010756,0.9425981873111747,3.0,3.0,9.252360295993874,9.437034253866864
NVDA,139,2025-12-11,2025-12-12,-0.3,0,45.75137522664324,0.8851509750267733,0.5,48.99311213434076,0.7884831991031798,0.31666666666666665,3.4623107957587598,1,1,2.333092042986795,-4.856077862911579,0.36055025515864525,0.9170212765957474,,,,
NVDA,140,2025-12-19,2025-12-31,4.732,1,49.634236697989024,1.6122948398644719,0.9666666666666667,41.53520883646738,0.8586379883190888,0.45,3.5297602641572787,1,1,-3.752832587188426,-6.63735792408322,2.4452368823229875,0.9099804305283795,,,,
NVDA,141,2026-01-07,2026-01-08,-0.3,0,56.14786396328883,0.933084374222237,0.2833333333333333,53.70217775975493,1.0856467952927842,0.48333333333333334,2.942542912678565,1,1,-0.5206673042184584,2.6478811468669594,0.28636580580156995,0.5301455301455322,,,,
NVDA,142,2026-01-22,2026-02-02,1.026,1,50.3344934868259,0.9042278668263458,0.15,48.293243358738714,1.2472862027946654,0.7166666666666667,3.0383673502451867,1,1,-1.340078574888337,1.2873639427592565,0.048714479025712264,0.406250000000002,8.0,1.0,3.061710115805626,1.1795149133676086
NVDA,143,2026-02-06,2026-02-12,4.182,1,51.14226533758441,1.3555997546344651,0.9,34.314016354957516,1.2278981733136263,0.8,3.374034446078758,1,1,-10.71632642460132,-9.111099360160757,4.935197238100628,0.8717741935483869,,,,
NVDA,144,2026-02-17,2026-02-27,-2.194,0,49.6951361166155,0.9256968878609002,0.4,47.327445879735045,0.9119554419003721,0.38333333333333336,3.5074561382057334,1,1,-1.402297610700609,-2.2667735899492114,1.771664374140302,0.7264742785445412,,,,
NVDA,145,2026-03-24,2026-03-26,-0.3,0,41.52454628144103,0.7344988928882019,0.25,41.97114465281781,0.9119787748655978,0.6833333333333333,3.2828827274994943,0,1,-4.13710293636067,-8.305925345862708,0.21163415889720077,0.5446428571428544,4.0,3.0,3.439325113562614,0.5984233845445606
NVDA,146,2026-04-02,2026-04-09,-0.3,0,49.080702252924475,0.7885902347507486,0.11666666666666667,47.25902654047347,0.9238133393971427,0.38333333333333336,3.2045581371323357,0,1,-1.639802999776141,-3.98273601398601,3.025903124636996,0.9836601307189505,,,,
NVDA,147,2026-04-10,2026-04-22,-0.3,0,61.34961936372342,0.9471257130026611,0.31666666666666665,56.60678825822262,0.6814266529396319,0.016666666666666666,2.8996367544161523,1,1,4.642958748221915,-1.139601139601143,2.343877163474577,0.7596491228070162,,,,
NVDA,148,2026-04-24,2026-04-30,4.686,1,71.49750708984189,1.4308112281728178,0.8833333333333333,64.64391821018778,0.7465697026752424,0.05,2.5040640797179563,1,1,0.6503655155029042,11.73046787553167,4.155831166233248,0.7594254937163392,,,,
NVDA,149,2026-05-06,2026-05-18,14.199,1,60.8093130196201,1.2789452457159773,0.7666666666666667,50.81807886967815,0.7650397711517392,0.05,3.1441529513127895,1,1,-7.820049725571132,10.331274564851212,3.9721847015858853,0.9544513457556938,,,,
NVDA,150,2026-05-19,2026-05-21,-0.3,0,59.94933392769863,0.9098232896628715,0.23333333333333334,61.65905700471434,0.9525155554444251,0.26666666666666666,3.504899305915566,1,1,1.3124316441851969,10.026724735227166,0.45077861761224347,0.41095890410959207,,,,
NVDA,151,2026-06-01,2026-06-03,-0.3,0,60.3910570735142,1.2803663044668576,0.9,49.40963118676085,1.7751607009027257,1.0,3.379146714177142,1,1,-3.8130381303813077,5.797464548779874,4.000370833912773,0.9443838604143958,4.0,2.0,3.6168968464618256,2.616182276554236
NVDA,152,2026-06-04,2026-06-05,-1.144,0,54.24631958178211,0.9591164758086418,0.5833333333333334,51.139607306245665,0.9255403275292381,0.4666666666666667,3.6678001452589157,1,1,1.0112888052681068,9.287531806615767,2.220560048618578,0.7234242709313266,,,,
NVDA,153,2026-06-12,2026-06-17,-0.3,0,45.24094209377755,0.624038032278127,0.05,44.961050306617786,0.8859420876186535,0.38333333333333336,4.085518515211908,1,1,-6.306594713253444,-9.281317805428868,0.16108561944741973,0.4820936639118463,4.0,1.0,4.502866731925604,1.187918302832729
NVDA,154,2026-06-18,2026-06-23,-2.789,0,50.37478136368815,1.3960120801171327,0.9833333333333333,45.337591852406824,0.7400234816723071,0.18333333333333332,3.7496522554453215,1,1,2.1105678076040357,-7.234486197361867,1.6206048328751192,0.8568507157464232,,,,
NVDA,155,2026-06-30,2026-07-01,-0.827,0,45.21381183661548,1.0220098681649894,0.6333333333333333,40.08431796525184,0.8759151537140444,0.4,3.7059912433276145,1,1,-6.556434219985629,-7.658425689116221,1.444940174406811,0.9021739130434794,4.0,1.0,3.5613592521145514,2.1069524253248395
NVDA,156,2026-07-08,2026-07-16,6.255,1,50.98462667153423,0.9861212058191406,0.38333333333333336,43.52710751620035,0.8047932396501849,0.16666666666666666,3.503187717856679,1,1,1.0052828640303657,-3.9834227206240747,4.580387334767906,0.8970297029702977,,,,
NVDA,157,2026-07-17,2026-07-24,2.074,1,48.19786384363979,1.000577814289156,0.38333333333333336,52.12027772478745,0.8520938728357661,0.15,3.5342367527455814,1,1,2.2783311963704422,-0.004821368304319673,0.08389261744967229,0.5576036866359446,,,,
NVDA,158,2026-07-31,2026-08-03,-0.678,0,48.293652335361024,1.0906832710523406,0.35,43.07670569930813,0.9986762779723365,0.26666666666666666,3.84887941522972,1,1,-6.5721402567541665,-1.2855552181395002,1.164079822616409,0.8226950354609932,4.0,1.0,5.982164376958302,3.3878215564962537
NVDA,159,2026-08-04,2026-08-17,6.647,1,56.92819927902579,1.0443740138022213,0.3,53.071446206973455,1.0014658129135432,0.23333333333333334,3.769664474985147,1,1,5.154953946364049,5.67118384045,0.30288689067675645,0.720698254364088,,,,
NVDA,160,2026-08-27,2026-08-28,-0.3,0,61.31942486484256,2.5625863767549744,1.0,46.294611255313946,1.5639012982684466,0.9166666666666666,2.9834844141272456,1,1,-3.631182202610772,10.34156097047525,2.297406443507124,0.7398119122257042,6.0,2.0,5.7217452871935475,6.764395899204755
NVDA,161,2026-09-02,2026-09-09,0.786,1,56.670624099543325,1.2423956451499958,0.8333333333333334,51.87096693495075,0.859408513692893,0.21666666666666667,3.380577047318392,1,1,2.0605491668622244,2.595074077569115,2.568673156908453,0.6261879619852173,,,,
AMD,1,2021-10-05,2021-10-12,3.911,1,,,,,,,,0,0,-7.230029585798814,,0.8818866428854544,0.5309734513274337,4.0,2.0,5.1405325443787,1.1019835704267769
AMD,2,2021-10-13,2021-10-20,9.119,1,,,,,,,,0,0,3.17257636774384,,2.7098231087692843,0.8016528925619836,,,,
AMD,3,2021-10-21,2021-10-28,5.159,1,84.87102565140779,,,83.0864360975834,,,2.4106188676568046,0,0,6.623305240014665,,2.4291845493562216,0.8976608187134478,,,,
AMD,4,2021-10-29,2021-11-01,-1.54,0,77.32324377841476,0.9768704138836147,0.56,80.57039457048637,1.3084989434326448,0.875,2.8147840541746465,0,0,1.5335623900109008,17.745383867832842,-0.5952873088052906,0.13011152416357205,,,,
AMD,5,2021-11-02,2021-11-10,14.862,1,83.25161307583878,1.1869453518616562,0.7407407407407407,81.61361647811816,1.2277949399405566,0.7692307692307693,2.9206924925338287,0,0,2.345537757437066,24.805660753438307,2.120339254280678,0.8051643192488236,,,,
AMD,6,2021-11-11,2021-11-19,8.493,1,74.08621345133186,1.1106000535724898,0.8235294117647058,70.4788608249309,1.387742366047458,0.8787878787878788,4.27877596599305,0,0,7.15544319313568,28.133015756687428,2.1334639059876768,0.9182948490230891,,,,
AMD,7,2021-11-22,2021-11-23,-4.583,0,71.48758765646258,0.8827155771562794,0.7317073170731707,76.53435476338603,0.6281473678355184,0.325,3.7970922706406056,0,0,5.084860369193334,29.70288766483058,-2.940053455517358,0.013698630136988804,,,,
AMD,8,2021-11-24,2021-12-01,-5.187,0,72.57082809866847,0.9031791923647048,0.7906976744186046,67.19467655573725,0.9379320821593209,0.8095238095238095,4.164429619363775,0,0,-1.6595605116431655,21.955584478971744,5.580088317944602,0.9878957169459968,,,,
AMD,9,2021-12-15,2021-12-30,8.826,1,54.2486187794708,1.321184468697258,0.8771929824561403,44.261280886076676,0.9245814826301458,0.4107142857142857,5.241332318449642,0,0,-6.385916465308938,-7.433954536145826,8.430168011250082,0.9852484472049691,4.0,6.0,9.677620502587772,11.137616188204358
AMD,10,2021-12-31,2022-01-05,-2.585,0,50.13598673395823,0.9312201137714103,0.38333333333333336,51.31368222739179,0.8201627123833698,0.3,4.763323668005488,0,0,0.8826800111203958,-2.6557574944671813,-1.5462506841817125,0.06916996047430715,,,,
AMD,11,2022-02-07,2022-02-11,-2.906,0,48.502641314374756,0.877654495829415,0.7666666666666667,48.43555384486587,0.937216995379848,0.8166666666666667,6.13650138615101,0,0,17.44583808437856,-9.271085663950673,0.08902557461961753,0.1818181818181813,4.0,18.0,3.858003080801002,9.816468915255703
AMD,12,2022-02-22,2022-02-23,-1.549,0,44.56474621798212,1.2567297637748889,0.95,42.82212182036381,1.0227322490117545,0.8666666666666667,6.4517035661144915,0,0,0.5743064145608656,-4.19156636646747,0.3296607963910902,0.36493738819320304,4.0,2.0,7.832566989059771,3.548329141214506
AMD,13,2022-02-24,2022-03-03,2.181,1,46.69599254665791,1.2351131778418225,0.95,40.28562623151956,1.055406947823333,0.8833333333333333,6.73241448230775,0,0,-9.640240388573307,-1.232790425627639,11.524483550114764,0.9724409448818901,,,,
AMD,14,2022-03-16,2022-03-23,2.11,1,51.358241689504986,0.9779901085102967,0.7,46.3769136536863,0.9577545443408778,0.7,6.488215983793221,0,0,3.6008717900123166,-4.323094425483498,3.378136200716855,0.9909584086799282,4.0,5.0,5.993397104884448,9.197651663405079
AMD,15,2022-03-24,2022-03-31,0.874,1,55.99815341923761,1.1065671510840474,0.7833333333333333,50.09712083769343,0.8109010485630439,0.38333333333333336,5.586827999138313,0,0,-1.2568258646095232,3.790087463556846,4.845163535142665,0.9970760233918134,,,,
AMD,16,2022-04-19,2022-04-21,-1.756,0,38.94673210660019,0.7972239420926369,0.016666666666666666,34.43250084136788,0.8230642775626409,0.05,5.601755065341228,0,0,-7.039603960396034,-17.248369469416524,3.7905557340186387,0.9669030732860552,4.0,8.0,10.19688762789098,15.681902638424372
AMD,17,2022-05-03,2022-05-12,-3.917,0,42.86204430745032,1.4820890309089967,0.85,41.14189714498698,1.1437239833279222,0.5,5.708214094900112,0,0,-0.9372587936927967,-16.960902116646636,1.4245965498052322,0.6624999999999993,4.0,4.0,10.77133249264397,20.34556656844361
AMD,18,2022-05-13,2022-05-20,9.205,1,50.665812740406096,1.2668533986743964,0.8833333333333333,41.62378894955311,1.2142962026166992,0.8166666666666667,6.604997062095943,0,0,-7.254713966123361,-10.926949048496004,7.723669309173281,0.8263473053892229,,,,
AMD,19,2022-05-23,2022-05-24,-0.3,0,49.96196983721368,0.9844723874237099,0.75,48.33614597612037,1.2989995458597015,0.9666666666666667,7.031968956247741,0,0,-1.7031118587047978,6.081234399818469,3.7202705651320063,0.9718969555035117,,,,
AMD,20,2022-05-25,2022-06-02,9.65,1,47.74249991387296,0.8323772731292501,0.5833333333333334,46.0733270077877,0.9303962644267207,0.6666666666666666,6.956632511022819,0,0,-11.037376793207777,7.045561296383274,2.4549375207342683,0.7162471395881022,,,,
AMD,21,2022-06-03,2022-06-06,-0.3,0,59.551115606282,0.8307455452746868,0.5833333333333334,62.55521341386894,0.8723678641315493,0.65,5.678321359896868,0,0,17.204533189422545,9.22349627841481,0.4725897920604915,0.3481012658227834,,,,
AMD,22,2022-07-06,2022-07-13,-0.606,0,33.99429410507096,0.9076114330138084,0.2,33.718794153576,1.0070394468820905,0.4,6.428958373219718,0,0,-12.72051996285979,-29.256820319849474,0.23945723027802662,0.6593406593406573,4.0,16.0,8.728179551122198,23.189118321861724
AMD,23,2022-07-14,2022-07-22,13.429,1,41.93948155982742,0.9276706936586571,0.21666666666666667,39.80705326423877,0.8725778007762649,0.15,5.6789712230703975,0,0,2.8798938287989406,-10.88630877112312,0.4729643359324943,0.7999999999999983,,,,
AMD,24,2022-07-25,2022-07-26,-0.3,0,55.098075668488114,0.8109597537370621,0.0,56.11520338740389,0.8788671188605345,0.05,4.783859355024464,0,0,8.617926272962627,6.878563629746437,1.1204805359824572,0.9758064516129079,,,,
AMD,25,2022-07-27,2022-08-03,8.775,1,57.73907166161532,0.9187942685071512,0.11666666666666667,51.02510750255067,0.8091626910550962,0.0,4.749320937879211,0,0,-0.7335817419655277,-1.0561745589600657,3.312629399585916,0.8152424942263252,,,,
AMD,26,2022-08-04,2022-08-09,-0.3,0,71.56302825865886,1.473007747886065,0.7833333333333333,66.01979867447619,1.5770369414127205,0.85,4.427285718529465,0,0,9.207303495880659,30.17916390179165,6.5743589743589705,0.907230559345156,,,,
AMD,27,2022-08-10,2022-08-11,-0.3,0,60.05257812128834,0.932256111064141,0.21666666666666667,55.92171936412475,1.0064800370403533,0.38333333333333336,4.785428938318949,0,0,-3.776815389263777,25.117862755369313,0.6094464195022796,0.9197860962566852,,,,
AMD,28,2022-08-12,2022-08-17,-0.3,0,61.62496777506876,0.809071099809542,0.03333333333333333,58.488541185540505,0.8643652727141352,0.11666666666666667,4.59338522642109,0,0,-5.572129727648923,24.834605597964398,1.6431451612903178,0.8047945205479428,,,,
AMD,29,2022-08-18,2022-08-19,-1.772,0,59.56985805408936,0.8920227822661985,0.13333333333333333,56.575648039244754,0.7368535568355747,0.03333333333333333,4.192656127635508,0,0,-0.7874810701665846,9.884826120988466,2.7624309392265225,0.85483870967742,,,,
AMD,30,2022-11-23,2022-12-05,-2.439,0,65.06935571625289,0.9584187656740115,0.45,63.606640519439054,0.6398042540656413,0.03333333333333333,4.979429367092587,0,0,-1.466544454628782,22.417439401333983,1.20545767651346,0.376712328767126,4.0,63.0,1.5100841187797658,2.4113956248938804
AMD,31,2022-12-13,2022-12-15,-10.01,0,51.8245688216194,1.0930312807003981,0.3,49.793043828348765,0.8858074849986419,0.18333333333333332,4.500885610412109,0,0,-4.007063298016844,-2.349039657316576,-4.3007880325898205,0.21758241758241972,4.0,2.0,6.774885967265912,11.804674083476467
AMD,32,2022-12-30,2023-01-05,-0.504,0,43.76282372536304,0.6673929548132349,0.03333333333333333,43.86179002258734,0.7145075815914245,0.05,4.463726133396118,0,0,-4.225768321513024,-16.501352569882776,1.5681354869060575,0.9702380952380968,4.0,2.0,7.550236406619394,6.256769141048076
AMD,33,2023-01-06,2023-01-13,9.219,1,43.8439175267617,1.331314640309301,0.48333333333333334,39.218884910553456,0.8605256608511578,0.13333333333333333,4.464789545956487,0,0,-0.3835704011507124,-11.299274227977795,1.2826603325415713,0.9200000000000008,,,,
AMD,34,2023-01-17,2023-01-18,-0.3,0,60.82282857468035,0.8359704237899491,0.1,59.61221668427408,0.8789316224950898,0.15,4.108187415904404,0,0,11.006879299562232,3.0030465689830255,1.0159446874559035,0.46766169154228954,,,,
AMD,35,2023-01-23,2023-01-30,2.262,1,66.0712108070581,1.7253431289421413,0.85,55.16971536798301,0.9728661412735368,0.31666666666666665,4.041072123190088,0,0,-1.0310734463276905,7.717140661029975,5.967875934644146,0.9881188118811877,,,,
AMD,36,2023-01-31,2023-02-07,16.39,1,59.743245114207575,1.369135455656848,0.7333333333333333,54.710146308614746,0.9248792740040309,0.3333333333333333,4.247662587697814,0,0,-5.331242649941192,11.77105831533478,3.999446443398838,0.9842271293375403,,,,
AMD,37,2023-02-08,2023-02-09,-1.686,0,64.54685307951422,0.875884705368653,0.45,67.10515855328623,1.0525058428978034,0.6666666666666666,4.258238552642918,1,0,14.318030605455734,27.76621058893516,-1.3856544014904493,0.043352601156066976,,,,
AMD,38,2023-02-14,2023-02-16,-4.003,0,63.94749563825008,0.9100910421069744,0.5333333333333333,60.31655172344983,0.7378769978547933,0.18333333333333332,4.297310401673431,1,0,-0.6572657743786015,17.084507042253506,3.9298669891172913,0.9457013574660645,,,,
AMD,39,2023-03-02,2023-03-09,7.941,1,53.993355470650094,1.0101554837082796,0.7,49.694517743715956,0.7271686681081031,0.16666666666666666,4.166344461142303,0,0,2.1929252055867376,4.178310046573519,3.6998839757638327,0.8875878220140505,4.0,5.0,2.832007712701866,1.8291153863245494e-14
AMD,40,2023-03-10,2023-03-13,-3.946,0,55.86110543765711,1.2894848967162116,0.85,59.32100722510349,1.4934677798191438,0.95,3.991480436591033,1,0,4.462953754351084,-0.7793127878143791,-2.13093405942938,0.2722513089005247,,,,
AMD,41,2023-03-14,2023-03-21,14.534,1,63.73166562514188,1.1794325077761973,0.7666666666666667,54.2087098132228,1.1721163555675755,0.7166666666666667,4.2978390566891935,1,0,1.0473139477575222,0.6504663721158543,4.517748296880604,0.8195329087048842,,,,
AMD,42,2023-03-22,2023-03-28,-0.3,0,71.99030917371809,1.6151581576408809,0.9666666666666667,70.22304559166169,1.281556826480656,0.9,4.323745052557893,1,1,9.696969696969692,24.957665754852165,2.0177731312075196,0.3201320132013196,,,,
AMD,43,2023-03-29,2023-04-04,-0.3,0,62.75367430433407,0.7450222940441106,0.48333333333333334,60.572334775452866,0.8046060113557398,0.5666666666666667,4.445353863995345,1,1,-1.4281246742416376,20.3359633494528,0.02081815342980143,0.5980392156862763,,,,
AMD,44,2023-05-09,2023-06-16,31.597,1,58.793669046674,1.1594761769371709,0.7166666666666667,58.76711455753144,1.6731225719184284,0.9333333333333333,4.553896027500161,1,1,5.964990522912261,-0.4608294930875556,0.1791548108335986,0.5970695970695976,4.0,20.0,1.0098928276999215,4.091706888986418
AMD,45,2023-06-20,2023-06-21,-0.804,0,54.116151822692004,0.7311110927527987,0.45,55.50527079472228,1.023643301680321,0.75,4.662927148404896,1,1,-3.874479666986874,11.2572963958121,-0.13435217062725383,0.3037037037037049,,,,
AMD,46,2023-06-29,2023-07-10,0.53,1,47.101290767314666,0.7683274309084449,0.4,45.60785344431334,0.8713071200164626,0.5333333333333333,4.721587886538969,1,1,-1.7304433146017262,-12.053963438971815,-0.7406085482287841,0.47945205479451736,4.0,2.0,6.836019917292593,5.3883769042693155
AMD,47,2023-07-12,2023-07-19,4.86,1,51.86403089590101,0.8625135564594186,0.36666666666666664,46.39535706413633,0.8809061555780024,0.45,3.9402252176145707,1,1,-3.885339319633918,-10.88696765930196,1.497032509522542,0.7346278317152083,,,,
AMD,48,2023-07-20,2023-07-26,-4.397,0,43.117761078380866,1.2716838111534448,0.7,53.75122320308796,1.1834603066719176,0.5666666666666667,3.9261829889479785,1,1,1.6145924245068999,-2.1020768519297017,-4.097077244258868,0.17383820998278912,,,,
AMD,49,2023-08-01,2023-08-02,-0.909,0,57.42723097564257,1.6686731289112002,0.8833333333333333,52.077418916262175,0.9496811294179833,0.23333333333333334,3.682114833098961,1,1,3.4264533044028544,0.4301641646914378,2.9231577104848494,0.8827037773359835,,,,
AMD,50,2023-08-04,2023-08-08,-0.718,0,53.43914646676615,1.2075193431373068,0.7666666666666667,49.738437296316796,1.3632390495058742,0.8166666666666667,4.344313063181524,1,1,1.845184518451859,-0.2908001409940075,1.1705101327742742,0.38036809815950906,,,,
AMD,51,2023-08-23,2023-08-24,-1.377,0,48.27925932011008,0.8127816106790614,0.3,42.23451652646354,0.7045625726979768,0.08333333333333333,4.312368557731549,1,1,-5.110013471037266,-6.495575221238936,3.577851396119262,0.8720472440944899,4.0,7.0,2.575256655646419,-1.3306043740825844e-14
AMD,52,2023-09-01,2023-09-11,-1.064,0,51.58454556838124,0.9050803348903329,0.31666666666666665,45.74983199523304,0.9473510981829829,0.48333333333333334,4.381526684273215,1,1,3.8506876227897946,-6.566504639858605,2.2897196261682273,0.8231884057971017,4.0,2.0,4.024851431658562,2.534617411719607
AMD,53,2023-09-13,2023-09-15,-2.076,0,49.63903970510463,0.7833279245015873,0.06666666666666667,44.91876603136858,0.7694987852052676,0.05,4.208717937726133,1,1,-4.937714388878856,-5.956420789426686,2.4833491912464316,0.7365728900255749,,,,
AMD,54,2023-09-25,2023-10-03,5.797,1,36.032740612848265,0.805424541376355,0.06666666666666667,33.0537742893264,0.9230872128390752,0.35,4.216862009904339,1,1,-5.212336190757705,-5.500982318271119,1.490359562272009,0.9765886287625394,4.0,2.0,7.042519091166211,1.1437305644863838
AMD,55,2023-10-04,2023-10-11,8.135,1,51.87344923799068,1.0035759246967948,0.31666666666666665,44.20386098053058,0.9300189581456678,0.2,3.7909998386756496,1,1,4.293455606502716,-9.6587831738581,3.397913561847975,0.918719211822657,,,,
AMD,56,2023-10-12,2023-10-13,-0.3,0,58.72109563019526,1.1616700009108984,0.75,57.93648298241914,0.9794676578631291,0.3333333333333333,3.5170747804957547,1,1,4.0741808398193635,0.5570513415653178,0.35977859778597837,0.33684210526315844,,,,
AMD,57,2023-10-31,2023-11-07,15.93,1,44.257499901746804,1.5351775949692972,0.9833333333333333,39.200778852746396,0.8425457808532191,0.08333333333333333,3.8637947322788904,0,1,-3.8296170382961736,-6.865498208579446,2.3482959268495485,0.9326315789473698,4.0,8.0,4.45467096180396,2.241580792520981
AMD,58,2023-11-08,2023-11-09,-0.3,0,65.17948624511179,0.7105330864373681,0.03333333333333333,65.017919385326,0.852876155279873,0.35,3.619437030142525,1,1,15.177664974619297,4.073020823777629,0.03522677234698921,0.2909836065573806,,,,
AMD,59,2023-11-10,2023-11-21,4.062,1,70.65456591729993,1.2845581496019174,0.95,64.94874032655923,1.0455633080495956,0.8166666666666667,3.435421225225909,1,1,5.249003060372814,4.320250022980043,3.707914298207267,0.8042328042328044,,,,
AMD,60,2023-11-22,2023-11-30,2.708,1,67.82260625775763,0.970040785856172,0.7166666666666667,63.777158488822344,0.6940811315749464,0.03333333333333333,3.1831189759147724,1,1,-0.6006006006005982,17.202714665092934,2.091666666666671,0.5322245322245325,,,,
AMD,61,2023-12-01,2023-12-04,-0.508,0,61.81174946777346,0.7578554784658214,0.05,61.44905024988768,0.8302291311265952,0.25,2.9673797067006693,1,1,-1.1019508611541995,12.143650499814873,1.2595929262595973,0.9963636363636345,,,,
AMD,62,2023-12-06,2023-12-14,14.78,1,50.96018809622029,1.335484836377268,0.8,54.54421297722103,0.8542202621318192,0.1,2.9838972028750037,1,1,-2.975165970002469,5.932885906040264,-3.2065622669649554,0.06821705426356552,,,,
AMD,63,2023-12-15,2023-12-18,-0.565,0,76.6117173919649,1.2349012741881031,0.8166666666666667,75.69174643291241,1.3585152840376435,0.9,3.4271157254952493,1,1,7.501752745968671,16.94915254237288,-0.26519495412844357,0.5219780219780255,,,,
AMD,64,2023-12-19,2023-12-20,-0.981,0,77.02535300223597,1.0948426291902038,0.7666666666666667,75.93887803338265,0.7808674981039567,0.3,3.2197291014678067,1,1,3.340525258537319,15.155032332946439,1.1402179403911472,0.3238289205702657,,,,
AMD,65,2023-12-21,2023-12-29,6.47,1,69.89861059469149,0.7872597788402639,0.3,65.16173825896499,0.922755823227626,0.6,3.3389139134941184,1,1,-1.9683045082856898,13.687479019805316,1.2813088171420373,0.9730769230769256,,,,
AMD,66,2024-01-02,2024-01-03,-6.24,0,56.90045966906154,1.0139388866778551,0.8,73.82715089820076,0.9833468041015024,0.75,2.88439072814411,1,1,5.360588950039302,21.66556619346318,-3.950651510950921,0.16499282639885307,,,,
AMD,67,2024-01-08,2024-02-06,18.469,1,64.25343989503051,1.056288429837286,0.8666666666666667,56.315437220051244,1.0322699485418816,0.8166666666666667,3.3428520327710576,1,1,-6.843237429416494,18.62694744050677,4.146480478768875,0.8614285714285715,,,,
AMD,68,2024-02-07,2024-02-08,-0.3,0,58.22101140824146,0.5508355645693997,0.31666666666666665,55.83236082280229,0.7056850176720781,0.5833333333333334,4.374711579194241,1,1,-2.4293850982215592,14.844711998905446,0.8674101610904579,0.5744234800838581,,,,
AMD,69,2024-02-09,2024-02-13,-2.089,0,59.0602367069752,0.5870228585164401,0.36666666666666664,56.510836400228506,0.44858947837733015,0.18333333333333332,4.089257605781313,1,1,-0.6628343500703848,14.009694358421987,0.8654970760233858,0.5931677018633532,,,,
AMD,70,2024-02-14,2024-02-20,-1.643,0,63.86487712781358,0.6124280021681567,0.4,57.9286876373401,0.6555492026463811,0.5166666666666667,4.093455662958801,1,1,2.180128663330949,8.063500062996077,3.01493053553928,0.9931740614334437,,,,
AMD,71,2024-02-22,2024-03-15,6.249,1,61.72507320657039,1.2778458362642904,0.8,47.45975074846763,0.6029450694635898,0.23333333333333334,4.279125754703919,1,1,-4.22641949399557,-2.4522028262676576,5.000000000000015,0.833474218089603,,,,
AMD,72,2024-03-18,2024-03-19,-5.541,0,52.32863392405905,0.7965507054663951,0.31666666666666665,52.652982721285404,1.3189498894686786,0.7666666666666667,4.927676262248158,1,1,-7.874053715222518,8.090065625707176,-1.365823374204556,0.4770642201834862,,,,
AMD,73,2024-03-27,2024-04-03,-1.645,0,45.04735584078844,0.7156352899175226,0.15,43.15110356997883,0.851328477168501,0.38333333333333336,5.093378109662023,1,1,-1.9567853599382512,-0.07303370786516661,-0.20560124472105162,0.7186963979416825,4.0,2.0,2.4732474339375417,2.038386301136846
AMD,74,2024-04-04,2024-04-12,-10.354,0,35.19348144460123,1.211149794520919,0.7166666666666667,47.016337016850194,0.6764821883689957,0.1,4.5661923991853,1,1,1.6304042278068254,-11.875396090284207,-9.342882134266333,0.010362694300518525,,,,
AMD,75,2024-04-23,2024-04-30,5.622,1,35.6400648007925,0.7574194853542825,0.1,31.337317808415065,0.806795723167656,0.13333333333333333,4.995647437153826,1,1,-7.285429141716571,-17.261341497355975,0.4088361358391062,0.6095238095238135,4.0,2.0,7.8087940156905695,4.463732176069429
AMD,76,2024-05-06,2024-05-09,-0.3,0,45.69975482121401,0.8174245918509777,0.15,40.48093699184586,0.8905518808880928,0.21666666666666667,4.758849621892749,1,1,-4.320203303684888,-11.630090364980628,1.7504898758981104,0.8385899814471239,,,,
AMD,77,2024-05-10,2024-05-13,-2.251,0,42.42392816695831,0.7240234558463623,0.06666666666666667,42.84959183342909,0.6252962619903843,0.016666666666666666,4.172229458767186,1,1,4.262452107279691,-10.621700879765406,-1.5360684425432658,0.1205533596837915,,,,
AMD,78,2024-05-15,2024-05-22,6.457,1,52.09659617196553,0.9024845019614709,0.16666666666666666,44.57633977502814,0.6513832279878009,0.03333333333333333,3.873742729800523,1,1,-0.822379071423951,-6.301235776336722,2.622276495918751,0.9959919839679339,,,,
AMD,79,2024-05-23,2024-05-31,-2.374,0,50.53447084749694,1.982231090737495,0.9333333333333333,57.32198593329259,1.0275406779402128,0.31666666666666665,3.5530113050441243,1,1,3.663806601114805,9.081323316198752,-5.729227876366201,0.1452589105581708,,,,
AMD,80,2024-06-03,2024-06-04,-4.972,0,51.4128793944348,1.207343296156427,0.5166666666666667,55.4883391106489,1.332384074825043,0.6333333333333333,4.18388775664728,1,1,4.0329115502088175,14.189928845101264,-4.255941927174793,0.2595870206489686,,,,
AMD,81,2024-06-17,2024-06-18,-0.939,0,44.997366218852406,0.8365953340341975,0.2833333333333333,46.54179886630665,0.6154193689755736,0.08333333333333333,3.8978823032644425,1,1,-4.9085601953893,-1.8386422334276231,0.25316455696202894,0.8369351669941093,4.0,2.0,4.449871924703639,0.8521367248587619
AMD,82,2024-06-20,2024-06-27,-0.819,0,50.52988600684968,1.7781117413131422,1.0,40.55521407684855,0.9946833015037363,0.5333333333333333,3.938829717939183,1,1,-2.723955712128845,-7.034209102386835,3.8249261968938573,0.5547703180212018,,,,
AMD,83,2024-06-28,2024-07-01,-0.3,0,51.95032036157609,1.1089523605828508,0.6666666666666666,47.905941993206206,0.6566133115994794,0.08333333333333333,3.7320405926652795,1,1,-1.427865001854367,-3.433450405716354,1.2357236472570794,0.3977272727272748,,,,
AMD,84,2024-07-02,2024-07-10,12.032,1,54.37578054702114,1.1457787115739329,0.7,45.653641184154644,0.9855828558330527,0.5833333333333334,3.9385625746518995,1,1,-1.5975039001560054,-5.518274415817858,4.629393785022931,0.9657360406091359,,,,
AMD,85,2024-07-11,2024-07-12,-1.457,0,67.12360391826948,1.1580840194243815,0.7166666666666667,70.08082397544139,1.8047266813062697,0.9666666666666667,3.6072882376631448,1,1,11.959101698009867,14.731196208057874,-1.1571684685174095,0.47565922920892406,,,,
AMD,86,2024-07-15,2024-07-16,-2.881,0,63.893881243772256,0.8083596663910055,0.23333333333333334,66.62895767297499,0.9758971037336838,0.5833333333333334,3.7978289924329487,1,1,5.648632926119834,13.336245631552668,-2.504743833017065,0.18534482758620963,,,,
AMD,87,2024-07-26,2024-08-01,-1.725,0,31.886521544801553,0.9383910275818148,0.55,29.930942741172743,1.1762542597312549,0.7666666666666667,5.3065239742824515,0,1,-11.20241381524043,-12.200076171131148,-0.23517673888254284,0.5695364238410626,4.0,4.0,13.256163392509318,6.262779250283969
AMD,88,2024-08-13,2024-08-22,14.723,1,45.524249330245745,0.7047979532178631,0.2,40.87357985564129,0.6617983990777142,0.1,5.813090959925634,0,1,1.446372941700047,-23.94483679030195,2.17926440776136,0.9836512261580375,4.0,4.0,7.758620689655173,12.751020408163269
AMD,89,2024-08-23,2024-08-26,-0.3,0,56.550804926982735,0.7556814988209393,0.2833333333333333,53.62524412711033,0.7809863172477196,0.35,4.736871375847124,0,0,2.9451682953311353,9.67322151532677,0.8984374999999971,0.6892778993435409,,,,
AMD,90,2024-09-11,2024-09-18,3.54,1,54.151721988396936,1.2455977385492905,0.65,47.86342308723195,0.9073527448837605,0.21666666666666667,4.52992669211199,0,0,4.308456258215276,4.438107772172262,3.124139829342156,0.96825396825397,4.0,7.0,3.968972204266313,5.445706200341012
AMD,91,2024-09-19,2024-10-01,5.798,1,59.482523736641134,1.2413331583379024,0.5333333333333333,51.46520894545965,0.6858638320515563,0.03333333333333333,3.9340337862429715,0,0,-1.0476444681703057,-5.18542199488492,1.904947662700739,0.6126543209876552,,,,
AMD,92,2024-10-02,2024-10-09,8.952,1,57.10311976461496,0.7583159010227554,0.03333333333333333,57.07215728125764,0.9646780120939703,0.23333333333333334,3.5346500819201876,0,0,0.9032339565437031,16.65693004235431,0.29502228359801574,0.2505643340857815,,,,
AMD,93,2024-10-10,2024-10-15,-4.158,0,55.60567067876245,2.3736328604254795,0.9,65.60033588343744,1.0428796546659516,0.3,3.2321557579887035,1,0,7.034672674928033,14.119845188842906,-3.2869934024505087,0.21778221778221865,,,,
AMD,94,2024-10-25,2024-10-30,-1.838,0,47.453417858906775,0.8742302361421941,0.2833333333333333,43.181743503618996,0.6574218013046994,0.03333333333333333,3.3224589789345713,0,0,-1.7984,-8.388560511075294,0.5341055341055239,0.30569948186528056,4.0,4.0,3.253477115372834,1.841536142604366
AMD,95,2024-11-07,2024-11-12,-1.479,0,46.60556788159723,0.7665017426525701,0.35,41.11178085985309,0.8308122112973951,0.45,3.7578433210070594,0,0,-2.355316285329745,-15.156122090983516,2.1407144805017633,0.9327354260089662,4.0,2.0,7.2348212535128384,7.532715076426822
AMD,96,2024-11-22,2024-11-27,-0.409,0,39.50516849503218,0.5807484760640893,0.016666666666666666,38.06992078808554,0.7881590870590512,0.3333333333333333,3.634204906841892,0,0,-0.9723422644770885,-10.394942648592275,0.728066982162359,0.6267942583732058,4.0,4.0,5.489795918367342,4.959498700901712
AMD,97,2024-12-02,2024-12-09,-1.902,0,47.91176005027051,1.082597332261498,0.6,40.10595954442717,0.5028057119494072,0.0,3.4268080476165244,0,0,-0.22547094334133266,-4.782397445686115,3.001740139211148,0.8486055776892443,,,,
AMD,98,2025-01-06,2025-01-10,-8.737,0,50.67601992392554,1.1950167362616264,0.8666666666666667,43.83764533482218,0.9279474894728578,0.6833333333333333,3.5124366923902617,0,0,0.2478810171117951,-12.93145357316481,0.37189122181763246,0.6498516320474832,4.0,14.0,3.2495763024095474,11.396884305010113
AMD,99,2025-02-04,2025-02-05,-7.091,0,47.4706738148764,1.7811257446739446,1.0,38.750646136631765,0.8878607357008524,0.55,3.754630782542457,0,0,-0.6434223111033921,-5.272320318328772,3.508012126461669,0.9308300395256927,4.0,4.0,4.6245123537061215,3.394232491492048
AMD,100,2025-02-13,2025-02-21,2.245,1,41.651551504806974,0.9686879650255338,0.7,41.493980924397796,0.5913259029036968,0.11666666666666667,4.063902764218227,0,0,-0.2589054548701064,-3.764320785597386,-0.16964285714285512,0.3357142857142858,4.0,2.0,0.8124274618337745,1.224637353698783
AMD,101,2025-03-04,2025-03-11,-1.287,0,33.689615161349465,1.2933336963281168,0.9,27.835355731000845,0.9286958138603524,0.55,4.288739207078551,0,0,-9.13884007029877,-15.28244933160845,4.947916666666666,0.666666666666666,4.0,3.0,8.506747932085327,0.0
AMD,102,2025-03-12,2025-03-13,-0.3,0,40.66933881277415,0.9662543404308755,0.35,31.84891096615783,0.9605337090725778,0.3333333333333333,4.425167991745633,0,0,-3.9602977667493766,-12.418537291817522,1.756688541140847,0.7380281690140864,,,,
AMD,103,2025-03-14,2025-03-21,5.411,1,42.79615628556297,0.6950250700922096,0.0,37.21947809291666,0.8072654797192742,0.1,4.3546651132392515,0,0,-0.7486090035407122,-12.182241317579667,1.3348052990766743,0.8475609756097562,,,,
AMD,104,2025-03-24,2025-03-27,-3.599,0,62.07638456680994,1.5367894433956761,0.9166666666666666,51.87785531666464,0.8731128854235674,0.3,3.7979718672868414,0,0,5.417450727938999,-3.9696860339227813,3.7546705549986243,0.8165137614678896,,,,
AMD,105,2025-04-15,2025-04-16,-7.748,0,47.04639584196708,0.6303953633716449,0.15,46.30094777845223,0.8003209908926614,0.5666666666666667,7.326447782236099,0,0,12.984218077474896,-9.647193804379006,0.6655398267483728,0.3004484304932757,4.0,9.0,3.459915611814357,0.0026411008108455734
AMD,106,2025-05-27,2025-06-13,2.236,1,62.77853677760047,0.8819979412675744,0.5666666666666667,57.6661367734906,0.7205417771627102,0.3333333333333333,4.103672590317587,0,0,-5.854740974652217,14.133471288153121,1.2192966955292415,0.7316293929712457,4.0,4.0,4.573145289159646,3.958850004592649
AMD,107,2025-06-16,2025-06-30,20.448,1,65.87487847572373,2.7927686216153047,1.0,54.707727204268316,1.0919161756930411,0.6,3.6238907127745508,0,0,-0.025819777949909195,1.0174797808505165,6.532366824005395,0.8310810810810823,,,,
AMD,108,2025-07-01,2025-07-02,-2.635,0,63.552865406585255,1.0272920104664163,0.6833333333333333,74.39237712892245,0.8040511191087433,0.5333333333333333,3.655242347844175,1,0,9.507640067911716,28.149552966675696,-1.9168408157382695,0.19373776908023718,,,,
AMD,109,2025-07-03,2025-07-07,-2.133,0,64.7060589977219,0.5212965262973043,0.08333333333333333,65.7874166269374,0.7152113221737297,0.45,3.7883990917058306,1,0,-3.4030683403068362,18.08030005967096,-0.8626266982963244,0.2706422018348631,,,,
AMD,110,2025-07-10,2025-07-11,-0.58,0,68.63242217371986,1.1204994187208117,0.8333333333333334,63.20512925240655,0.6674820891828177,0.43333333333333335,3.4714640170127415,1,0,1.6898097127323375,13.702456255647743,0.8111888111888088,0.5818639798488673,,,,
AMD,111,2025-07-14,2025-07-21,8.336,1,70.12229334453951,0.793017397984481,0.6666666666666666,70.4757402245167,0.9017699206727077,0.7,3.4481119991173697,1,0,6.170691030382125,20.86841670794122,0.7926114825280899,0.7640845070422532,,,,
AMD,112,2025-07-22,2025-07-30,12.126,1,68.40106225655626,0.9230496673882738,0.6333333333333333,72.73043377193613,0.7074072442478553,0.43333333333333335,3.43054090495543,1,1,7.3577680525164,22.426699937616966,-0.9475032010243214,0.7808417997097251,,,,
AMD,113,2025-07-31,2025-08-01,-6.816,0,76.92344311219429,1.3549837809506484,0.85,82.80008397896401,1.2350064207842884,0.8166666666666667,3.300704016504377,1,1,13.148439962180891,31.88597457938429,-3.1370179101197717,0.3484210526315792,,,,
AMD,114,2025-08-13,2025-08-19,-4.085,0,69.4112401059846,1.6148006582947494,0.9833333333333333,63.38922499821916,0.7557656178324433,0.5833333333333334,4.272629717701022,1,1,0.36716195284263176,12.428507165349245,2.5068089600355683,0.6932599724896815,4.0,3.0,1.5499490892634966,4.6079599965113305
AMD,115,2025-08-27,2025-08-29,-0.3,0,50.9399687027265,0.5562182864253058,0.16666666666666666,50.44143263681222,0.7515236636133577,0.5,4.229955256936459,1,1,0.042029420594413835,-6.097835888187553,0.6564683208865355,0.8184818481848148,4.0,2.0,4.361640670132862,2.6363776850563787
AMD,116,2025-09-10,2025-09-17,-2.905,0,46.514262352627895,1.0659004714903983,0.5166666666666667,41.971857293165826,0.845665230963765,0.3,4.049778020215433,1,1,-4.00443568260227,-9.554214070118416,-2.4458847988259755,0.23583460949463886,4.0,3.0,5.809004256339547,9.133981748719554
AMD,117,2025-10-02,2025-10-10,37.695,1,63.06388388621389,1.2522033394827827,0.6833333333333333,55.268594780676,0.9099155090837143,0.3333333333333333,3.348022068156673,1,1,1.9455494778717108,1.1595633133904881,0.6224804363291339,0.7307692307692281,4.0,2.0,0.7301509387654914,4.643444275566869
AMD,118,2025-10-13,2025-10-20,7.089,1,69.0842361032955,0.9124168592958757,0.6666666666666666,68.58323215039229,1.8159821414633386,0.95,5.527816052133308,1,1,30.503431104633517,35.523743457148285,-1.7166212534059953,0.16361679224972908,,,,
AMD,119,2025-10-21,2025-10-22,-1.361,0,71.65705858295473,0.6219880177049006,0.4166666666666667,73.69496862105976,0.75405119274793,0.5833333333333334,4.785651707364544,1,1,11.154237131503564,50.547593716753255,-0.5681106144784599,0.48665048543689327,,,,
AMD,120,2025-10-24,2025-10-31,5.597,1,73.13793609196856,0.9211736155221436,0.7666666666666667,67.43116839632421,0.5054654248885935,0.25,4.792599442026659,1,1,0.18332196452932603,45.71215973212623,3.9283366206443024,0.958916083916084,,,,
AMD,121,2025-11-03,2025-11-04,-3.763,0,69.77439375471222,0.44832390358040375,0.15,68.5326196687204,0.42271348109383855,0.08333333333333333,4.3497865749056475,1,1,1.2652222046497075,55.53531305034311,0.12339490224809826,0.8205128205128147,,,,
AMD,122,2025-11-25,2025-12-03,5.2,1,39.99561560760671,1.2738645929963053,0.8166666666666667,43.254796760482016,0.839065576272925,0.43333333333333335,6.897428101011065,1,1,-10.589555962082153,-17.183348095659877,2.307921381774869,0.9634146341463401,4.0,10.0,5.7230913275855295,0.0
AMD,123,2025-12-04,2025-12-11,0.129,1,45.35463863191901,0.4621839021102569,0.016666666666666666,46.15493858075735,0.525120188582041,0.03333333333333333,5.959871980036257,1,1,5.564449619172374,-12.977404519096192,-0.41497602360752756,0.36947791164658567,,,,
AMD,124,2025-12-12,2025-12-15,-3.776,0,41.80863863298726,0.8956397177207727,0.23333333333333334,48.745172056868526,0.6774932357394865,0.11666666666666667,4.8729579108477905,1,1,2.523381794610624,-14.469465796284132,-3.4757521637587594,0.12807148175725971,,,,
AMD,125,2025-12-22,2025-12-23,-3.545,0,48.553485220228744,0.6906123913146373,0.06666666666666667,47.5003508914885,1.6002276906429989,0.6666666666666666,5.038638969732402,1,1,1.2572350317866965,3.5967381807591403,-2.2954545454545503,0.23906705539358453,,,,
AMD,126,2026-01-13,2026-01-27,16.929,1,55.14047434463819,2.07656685356227,0.7833333333333333,43.84653712113943,0.9897854122243883,0.23333333333333334,4.150828120935287,1,1,-6.056631083770592,-6.2051212572822205,2.7289632728963293,0.7367773677736766,4.0,3.0,5.624916096120282,6.763950415069038
AMD,127,2026-01-28,2026-01-29,-0.847,0,67.78186563126378,0.7567458129147795,0.23333333333333334,67.4326671316768,0.728529497085071,0.21666666666666667,4.080874356499225,1,1,8.671093480510518,17.228708312014508,-0.5469641522055587,0.35187760778859695,,,,
AMD,128,2026-02-11,2026-02-12,-2.278,0,44.180104533228096,0.7258139119025528,0.5,44.174784622476885,0.5494545903822504,0.21666666666666667,6.349256938073358,1,1,-11.788030234191083,2.8311425682507663,-1.9735634294106768,0.41858237547892774,4.0,2.0,14.132379248658323,9.915500063059655
AMD,129,2026-02-24,2026-03-02,-8.701,0,49.061654283037946,2.075751259859353,0.9833333333333333,37.69189620656204,0.7017899840958908,0.35,5.6919936492579515,1,1,-5.170750530580747,-24.29143561306224,1.0442753862873921,0.7189030362389812,4.0,3.0,5.773062132233705,9.073572993170979
AMD,130,2026-03-19,2026-03-26,10.262,1,50.87513614278378,0.928531392031118,0.48333333333333334,46.53070659249409,0.8143531339687312,0.31666666666666665,4.5297264533427715,1,1,-2.621686276424351,-0.3298021187287614,5.250474286007285,0.953256704980844,4.0,2.0,4.109989761591344,1.3327098433481401
AMD,131,2026-03-27,2026-03-30,-0.3,0,48.15452544987915,0.8723865866223761,0.3,49.2274949055609,1.501800158318721,0.8666666666666667,4.91185013766583,1,1,-0.7307448726068144,0.0441869599371536,0.10903503989691177,0.770609318996416,,,,
AMD,132,2026-03-31,2026-07-02,158.118,1,49.559577363273426,1.2549906836617555,0.7666666666666667,44.651095872235594,1.2301102590589739,0.7666666666666667,5.174860756533342,1,1,-3.2761002565620756,-1.2989628436209877,2.716485735925269,0.9249011857707519,,,,
AMD,133,2026-07-06,2026-07-07,-3.931,0,57.35297681615408,0.9564284593276648,0.4166666666666667,52.252851911242324,0.8754725973266239,0.26666666666666666,6.926373850361289,1,1,-2.7695889742193502,-4.55282754552826,3.119454562435777,0.5505494505494496,,,,
AMD,134,2026-07-09,2026-07-13,-0.3,0,55.856987094280335,0.8620788557573458,0.16666666666666666,51.37656105246202,0.7600062479845533,0.016666666666666666,7.17104823395252,1,1,-10.931125303403277,5.522811167988895,1.7588921771176589,0.4740740740740742,,,,
AMD,135,2026-07-14,2026-07-15,-3.666,0,55.23271154991617,0.7083498576210572,0.016666666666666666,53.082971241683694,0.7575205879368673,0.016666666666666666,6.708870334681234,1,1,-3.1989855991305105,9.40526154161121,-3.365537181340579,0.04958075100255233,,,,
AMD,136,2026-08-26,2026-08-28,-0.837,0,48.42793531817815,0.5757208246938695,0.016666666666666666,48.009738224774736,0.7368402275815428,0.1,5.787231872841232,1,1,-1.0755795949544789,5.402314020500643,1.233502431220665,0.38391777509069014,4.0,26.0,2.08445739361894,1.2737292019740678
AMD,137,2026-09-04,2026-09-14,2.06,1,49.673235053566806,1.10228823940952,0.26666666666666666,42.75036836715256,0.8105620960641554,0.06666666666666667,4.9317546187010315,1,1,-4.302767113516682,-6.769130150425107,3.3701298701298685,0.9395103216514646,,,,
AMD,138,2026-09-15,2026-09-23,23.579,1,54.13058032046902,0.9529482496931311,0.18333333333333332,51.5295068337141,1.3769619269619269,0.5,4.7793222658533,1,1,3.3167912557321433,-4.078617391473394,0.4983057604145904,0.4139851485148522,,,,
SPY,1,2021-10-01,2022-01-19,3.99,1,,,,,,,,0,0,,,0.7564156109332199,0.7965909090909121,2.0,3.0,0.9506431483859401,1.3116904850657194e-14
SPY,2,2022-01-25,2022-02-03,3.831,1,26.107954673304548,1.7289499151694585,0.9666666666666667,28.873428213605095,2.8808215008151885,1.0,1.840517492029408,0,0,-5.353761404716828,-6.536336591585224,0.325589987530602,0.582338902147973,2.0,2.0,2.743762687446793,0.016166655119054293
SPY,3,2022-02-09,2022-02-17,-2.936,0,53.67800081737436,0.7155519222779476,0.5166666666666667,48.25804994293711,0.6169335511725408,0.4166666666666667,1.945634159636951,0,0,-0.443757589137872,-3.1299005391935752,0.50964368876587,0.881533101045305,2.0,2.0,0.3193258676128169,1.5957328096056496
SPY,4,2022-02-24,2022-03-01,3.143,1,38.15505697826637,1.7326181433532168,0.9833333333333333,32.14461380170104,1.0585026759571678,0.7833333333333333,2.0980703375197134,0,0,-5.413584398117022,-2.8816719221120057,4.204174979319748,0.9746136865342174,2.0,2.0,2.556292586074645,1.3516125846682525e-14
SPY,5,2022-03-16,2022-03-21,3.061,1,51.514633138235844,1.1916753035259677,0.8166666666666667,45.28180321617417,0.8672442846672246,0.45,2.2587921506260327,0,0,2.3831831831831796,-2.92697371418158,1.3328991137267716,0.9944852941176469,3.0,8.0,0.6597094520044144,1.2657532095324098
SPY,6,2022-04-19,2022-04-22,-0.517,0,50.92507526516493,0.9490647679598778,0.13333333333333333,44.58727874811573,0.7856064262075995,0.03333333333333333,1.611829423649173,0,0,-2.1449158790803557,-1.4734995050841304,1.639793541314577,0.9064039408867007,2.0,12.0,0.792980175495618,0.44273163122523757
SPY,7,2022-05-03,2022-05-06,-1.242,0,38.708477682160556,1.0387030547069291,0.48333333333333334,37.1732685043896,1.705257778964554,0.9666666666666667,2.217595848893005,0,0,-3.274135959487523,-8.4871500485737,0.3301125274089792,0.5421903052064606,2.0,5.0,2.5359913941086356,4.239821163941455
SPY,8,2022-05-16,2022-05-24,-2.155,0,38.31707697475494,0.6523193967582159,0.18333333333333332,39.083471268153346,0.8665874761562292,0.48333333333333334,2.6431452638271584,0,0,-2.33869791413428,-8.239110075607027,0.027501375068742635,0.3908948194662403,2.0,4.0,1.6652890552827264,2.3516466644489213
SPY,9,2022-08-15,2022-08-18,0.192,1,72.97350997294747,0.8360542043131699,0.08333333333333333,72.02962906580262,0.9416825230427514,0.16666666666666666,1.5721478425288913,0,0,3.2964906764698654,10.89761898579702,0.9628740259434592,0.882978723404254,2.0,51.0,0.02167316861724582,2.8810172570388812
SPY,10,2022-08-24,2022-08-26,-1.914,0,51.863520858563945,0.7828075171984997,0.06666666666666667,50.53208752056715,0.7792695003046922,0.05,1.5086085197954548,0,0,-4.037700721433546,5.490035559876194,0.37853971027153,0.6129032258064551,2.0,2.0,2.5333613779242268,1.4524507028384277
SPY,11,2022-09-01,2022-09-12,3.744,1,38.50413640581787,1.2678126933909029,0.6666666666666666,37.11258545642167,1.2323160810022078,0.6166666666666667,1.6678908539303987,0,0,-4.469746416225496,-4.649535529014348,0.8984703097559188,0.9465875370919942,2.0,2.0,3.7053816256944523,1.1794700110736078
SPY,12,2022-09-16,2022-10-05,-3.098,0,37.05123776267714,1.3541835663524961,0.95,39.74068662312807,1.16970318483699,0.8833333333333333,1.9188442209180714,0,0,-2.562565562715413,-8.562053205203323,0.3696568959233654,0.8333333333333334,2.0,2.0,3.983259118670463,1.5625413108426005
SPY,13,2022-10-13,2022-10-18,4.996,1,43.070841421421946,1.506251519950574,0.9833333333333333,34.64705995961697,0.784319518127962,0.5333333333333333,2.287236482734367,0,0,-5.444323636267201,-9.640141915864175,4.79940436986342,0.9206185567010328,2.0,4.0,2.1533320957861384,-3.223055530338105e-14
SPY,14,2022-10-24,2022-10-27,1.61,1,54.10528557297407,0.8311801542311513,0.5666666666666667,51.1599944904178,1.2802307882557518,0.9666666666666667,2.454616143990098,0,0,4.658445879819939,1.72306019839652,0.7927851233073555,0.8287769784172663,2.0,2.0,1.8926772052355243,4.1448480314742575
SPY,15,2022-11-11,2022-11-16,0.001,1,62.075217514053385,0.9692729107816078,0.6333333333333333,60.26655313860843,1.4567352939874056,0.9666666666666667,2.290159122667442,0,0,6.382577289021851,7.847637784517847,0.7381379711317314,0.8536585365853605,2.0,7.0,0.6572818548804524,5.487853657235835
SPY,16,2022-11-23,2022-12-02,0.376,1,62.55241893178162,0.7733218595269864,0.03333333333333333,61.00964775783378,0.6775198327508506,0.016666666666666666,1.8204027454810403,0,0,0.3538357298802808,3.89171775953443,0.7183080966086859,0.8591160220994501,3.0,2.0,0.5393417006905556,1.6115085958428084
SPY,17,2022-12-13,2022-12-23,-7.752,0,56.930923375440564,1.676378078054693,0.9,54.51288990009105,1.0086254248624833,0.21666666666666667,1.6067507737720703,0,0,-0.1601641682724808,0.1104112820255354,-2.011115986543806,0.2539404553415088,2.0,5.0,1.84070187510752,7.755552345053135
SPY,18,2022-12-30,2023-01-05,-0.016,0,44.79711051678259,1.0172478439741024,0.5166666666666667,45.61704020064771,0.7744327532662885,0.13333333333333333,1.8180801363353816,0,0,-0.722367501229837,-5.945839874411307,0.47026061370324207,0.9638554216867523,2.0,2.0,0.4126295996448358,0.23436471362739786
SPY,19,2023-01-23,2023-01-30,1.233,1,59.739614512210366,1.0813037564665757,0.5833333333333334,55.84575221960146,1.1925945560554736,0.7166666666666667,1.6141006392565438,0,0,-0.2720677146311967,4.031113680559195,0.9855817705182415,0.708513708513709,2.0,2.0,2.2886970487853855,4.334104775930996
SPY,20,2023-02-10,2023-02-15,0.806,1,55.97960726695125,0.8686879920223245,0.31666666666666665,55.150160015928606,0.9718221240320513,0.5666666666666667,1.610209833015163,1,1,-2.324967608810402,2.9252629449838086,0.5371310304045747,0.8833819241982576,2.0,4.0,1.6675464273717522,2.5080190942843448
SPY,21,2023-02-24,2023-03-01,-0.303,0,42.205492416607,1.3360101018457897,0.9333333333333333,46.34265508609304,1.1968793120204837,0.8333333333333334,1.498707493335909,1,1,-3.217546741388466,0.07743224678407046,0.24277982904253184,0.7590027700831021,2.0,4.0,1.6232668244842812,0.4062769793306789
SPY,22,2023-03-15,2023-03-20,0.972,1,40.837264311020114,1.7274633144623723,0.9833333333333333,42.99814034941706,1.5614968879266213,0.9666666666666667,1.653909395797392,0,1,-1.6421020915459272,-5.111062665019494,0.8784886884863526,0.963667820069198,2.0,5.0,1.5133934082212062,0.5982872560903971
SPY,23,2023-03-27,2023-03-30,1.171,1,50.23796728048342,0.644522448762767,0.25,49.50328863327804,0.9375473557300407,0.8166666666666667,1.7693055936494666,1,1,1.4769609477166101,-0.15893839245169072,-0.4094242941826574,0.2767857142857152,2.0,2.0,0.9576094858489509,1.750709228921226
SPY,24,2023-04-10,2023-04-20,0.831,1,60.661606662386504,0.5962141092209085,0.08333333333333333,60.25704271975959,0.5836280659659677,0.08333333333333333,1.3443985048579572,1,1,1.3599207332177343,4.50250280927571,0.737807727306264,0.9784946236559181,2.0,2.0,0.7397493612361513,0.42976757971693436
SPY,25,2023-04-28,2023-05-03,-0.332,0,61.078678037699376,1.2018558709894172,0.5833333333333334,57.2052731254856,1.2624890555578754,0.65,1.1539142631132024,1,1,0.12867825580267223,2.7556995141397866,1.079005565141315,0.9977827050997803,3.0,3.0,0.3156259104593599,0.5399726348710019
SPY,26,2023-05-11,2023-05-22,1.324,1,53.799823560723844,0.8998530880371284,0.26666666666666666,54.88233581420327,1.2408908305205795,0.7,1.1514269112894875,1,1,1.183765501691103,1.1763264305844956,0.04369462313387713,0.8780487804877992,4.0,2.0,0.05591209646052562,0.22748561488023605
SPY,27,2023-05-26,2023-06-01,0.365,1,59.723061355648944,1.1776707697922866,0.7,53.43530948887639,1.1402331770930483,0.6166666666666667,1.0673629747029985,1,1,-1.0924790687689478,0.5431488082248137,1.1292225459273344,0.8641304347826082,2.0,2.0,1.5210487356431635,2.2854328284693937
SPY,28,2023-06-22,2023-06-29,0.163,1,63.83838865463716,0.8135644912475004,0.38333333333333336,62.175391737854845,0.8950129861946221,0.48333333333333334,1.0162190476984287,1,1,-0.3938991434983774,3.8563480503354786,0.589929715405001,0.9635761589403926,2.0,2.0,1.1635788522367903,0.381679389312985
SPY,29,2023-07-13,2023-07-18,0.28,1,70.56606841396787,0.9009281555784496,0.36666666666666664,67.21943029669644,1.15485172904575,0.75,0.8983387267351216,1,1,0.6521788188567745,2.8169663439372883,0.37061844161643787,0.720136518771334,2.0,6.0,0.033838657282073914,1.179181349959319
SPY,30,2023-07-25,2023-08-01,0.169,1,71.56599703823574,0.7837836571240466,0.1,70.29268447799635,0.7470160818900446,0.06666666666666667,0.7989150076680153,1,1,0.7452754857599109,4.845225179474166,0.33486076841733825,0.5470383275261291,2.0,3.0,0.004403443492807374,-1.2516717060996171e-14
SPY,31,2023-08-07,2023-08-23,-2.408,0,54.42944211003289,0.8160038693328316,0.11666666666666667,48.33898590773504,1.4139210836123293,0.9,0.9253415017008023,1,1,-2.212641162566753,1.8834796488427674,0.4457221813643556,0.9444444444444356,2.0,2.0,1.6736768314055475,1.7021758839528671
SPY,32,2023-08-29,2023-09-01,2.077,1,56.78609063982694,1.0813224239575898,0.6833333333333333,49.025323604848836,0.8014405668897965,0.13333333333333333,1.0882755096170058,1,1,0.7784403878545065,-3.2831647698726596,1.470687902405975,0.9585121602289037,2.0,2.0,0.6906981468523454,1.313771714998488
SPY,33,2023-09-11,2023-09-15,-0.545,0,54.29384042125765,0.82629072011707,0.16666666666666666,49.97539019242769,0.8287714391552996,0.18333333333333332,0.9653517431504246,1,1,-1.0724991673143225,-0.0874615953892155,0.04684990183829634,0.8608695652173916,2.0,3.0,1.0525851225809384,1.585287085406094
SPY,34,2023-10-05,2023-10-11,2.358,1,34.19868098519861,0.8354672820665525,0.4166666666666667,34.35475070433566,1.052110148364097,0.7166666666666667,1.1597676923601112,1,1,-0.32625278723154016,-4.831697369010801,0.032990856819678185,0.7928571428571413,2.0,12.0,0.9907411548955599,1.977747338572099
SPY,35,2023-10-17,2023-11-09,0.006,1,52.39273996289664,0.8536764417966863,0.48333333333333334,52.42241153006824,0.8645479931286078,0.5,1.2255007354651426,1,1,0.8674732239931426,-1.7108851971237238,0.741664933804667,0.6274165202108953,2.0,2.0,0.2544004400440075,1.3094544773279894e-14
SPY,36,2023-12-01,2023-12-29,4.218,1,74.04770221812723,1.2722769258093818,0.6333333333333333,71.55920951657644,1.1230679572522,0.48333333333333334,0.8655542694326874,1,1,0.30328337215945744,7.982775753560767,0.7306316782587798,0.8775055679287393,2.0,4.0,0.0813151070282635,0.4097728624617245
SPY,37,2024-01-05,2024-01-10,1.127,1,54.095880446454466,0.9992572193688274,0.6166666666666667,53.140540063571414,0.9856217422266864,0.6166666666666667,0.8402323998402723,1,1,-1.9370002728169466,2.3390275952693607,0.09198057712464584,0.3715710723192051,2.0,2.0,1.2718000377762393,0.6718780282964025
SPY,38,2024-01-19,2024-01-24,1.827,1,67.51933833507861,1.3660478001182101,0.9166666666666666,61.070754395682165,1.1473260862858383,0.7333333333333333,0.8830339868955259,1,1,-0.014688601645118649,0.957687988643352,1.0007327541086632,0.9530744336569547,3.0,3.0,0.2727883162665795,0.7785467128027677
SPY,39,2024-01-30,2024-01-31,-1.704,0,73.82288795397378,0.7155015718089568,0.13333333333333333,74.77063419564695,0.7413470841377222,0.15,0.7986411827383522,1,1,1.6175405936498022,3.0585915374771844,0.06727005870841163,0.5165562913907136,2.0,2.0,0.04509952645497782,0.654533516630087
SPY,40,2024-02-08,2024-02-13,-1.017,0,70.31726722898001,0.6728603525795137,0.08333333333333333,70.14392450340864,0.9096856284587915,0.45,0.8553964039792361,1,1,3.1519218025182205,5.110998565037561,0.04416783778357166,0.731034482758628,2.0,2.0,0.07484575705471923,0.9096250075970926
SPY,41,2024-02-22,2024-02-27,0.234,1,68.27312334637062,1.0236173211283912,0.6,59.21523923244327,0.7994008006087987,0.16666666666666666,0.8799102317028422,1,1,0.6335006476683835,2.547127005733607,0.6924465784409058,0.8190127970749536,2.0,2.0,0.8545646501065645,2.14417445230325
SPY,42,2024-03-07,2024-03-15,-0.871,0,67.81633516376431,0.8764550463398739,0.2,63.33298422663365,1.0314631994147505,0.4,0.8738968944152112,1,1,0.6893690988819978,3.1924369407668296,0.3254472463655063,0.8223684210526244,2.0,2.0,0.5089207370576219,1.085436242932843
SPY,43,2024-03-27,2024-04-02,-0.965,0,66.18169498965095,1.1570836903920976,0.7166666666666667,61.75718625179367,0.9233057781768295,0.35,0.8328384847244049,1,1,0.601113028640099,2.343518829029634,0.2798489582334865,0.9892473118279362,2.0,2.0,0.6859129903131569,1.0654578562988153
SPY,44,2024-04-09,2024-04-10,-1.649,0,56.68233438273745,0.9220106653702814,0.4166666666666667,55.92139529005019,0.6392904245846632,0.0,0.897056594559795,1,1,-0.6588018998008205,1.3679355897756595,-0.22670509125839577,0.776562500000007,3.0,2.0,0.07902243466195394,0.45224417325522065
SPY,45,2024-04-29,2024-05-06,0.418,1,51.67845469124189,0.6318288295640255,0.0,49.58105117232583,0.8567130187043478,0.35,1.191502929517549,1,1,2.6456094999596003,-2.831361003307409,-0.0058813150620425254,0.8028571428571435,2.0,10.0,0.554054054054055,1.8590998043052844
SPY,46,2024-05-21,2024-05-29,-0.98,0,70.34892007215944,0.5906852033153415,0.0,69.21857216554126,0.649796324585345,0.016666666666666666,0.8760487206609414,1,1,1.756541437100445,6.0713999839910215,0.39298669891173693,0.9346938775510316,2.0,2.0,0.062290007172774976,0.0302388872089232
SPY,47,2024-06-11,2024-06-14,0.975,1,67.66927233139641,0.7751834097276427,0.08333333333333333,66.30425080351262,0.7471561936470337,0.05,0.8905492994095817,1,1,1.4892004547176985,2.8454035788341825,0.5392551538187869,0.9879032258064627,2.0,2.0,0.12344062692875386,0.13499578138183693
SPY,48,2024-06-25,2024-06-28,0.195,1,66.58887345206563,0.789836283058709,0.13333333333333333,64.15082657749355,0.9365234733568125,0.26666666666666666,0.8511265281619871,1,1,-0.007369468292850456,3.190356681116424,0.15441460320962366,0.8659420289855052,2.0,2.0,0.7256285438203101,0.6401124821934095
SPY,49,2024-07-16,2024-07-24,-2.789,0,75.57173058601768,0.8025286429962818,0.16666666666666666,72.97464019374276,0.8888507805475314,0.3,0.813216369605262,1,1,1.1255582769053474,3.517374873260204,0.35354522358626483,0.9019607843137386,2.0,2.0,0.2369414950473956,0.7535889449754837
SPY,50,2024-08-08,2024-08-13,1.984,1,43.47738432943305,1.0186491387782797,0.8,33.454827443124884,1.1682136781943377,0.8833333333333333,1.8150390562223662,1,1,-5.83685844483578,-7.599942991520003,1.2864805023763641,0.9322751322751333,2.0,9.0,0.8053055423969607,-4.3346425592075494e-14
SPY,51,2024-09-13,2024-09-18,0.42,1,58.99917241681591,0.8173828569693842,0.25,56.94084470201691,1.0880871282729612,0.5666666666666667,1.4432433892218437,1,1,1.72485944578884,2.8211494252873726,0.4109270872415991,0.7150837988826808,2.0,12.0,0.10140003202107163,0.28129143225721004
SPY,52,2024-10-03,2024-10-31,0.476,1,56.3458539656526,0.7795655033795676,0.26666666666666666,57.8111997977584,0.7208277320901333,0.13333333333333333,1.1077641074474938,1,1,-0.20700301733210802,3.250748706779194,0.08107727016357098,0.5406032482598772,2.0,8.0,0.2346718971646787,0.5404830678173669
SPY,53,2024-11-06,2024-11-11,1.501,1,64.63955223345481,1.6680285156498467,0.9166666666666666,52.2859497937803,0.9682741658331662,0.35,0.9880296458492998,1,1,-0.8714784193065928,0.6158731266465489,0.31228784792938186,0.8639143730886863,2.0,2.0,0.760997984571547,3.952011291460849
SPY,54,2024-11-22,2024-11-27,0.845,1,61.57001500912061,0.8192060731967304,0.26666666666666666,59.879824782690086,1.0146737155832481,0.5833333333333334,1.0233798977093076,1,1,0.05393106935196457,2.4911953594364933,0.3116261833372676,0.7866666666666712,2.0,7.0,0.40679548523698195,0.8202707063158827
SPY,55,2024-12-16,2024-12-18,-1.502,0,62.62963738291,1.121540904677288,0.6333333333333333,59.693245947647554,0.9180453869272108,0.23333333333333334,0.7297828736129381,1,1,-0.5922903538934765,1.8302856661329692,0.13036303630362434,0.6147859922178858,2.0,4.0,0.40144123986113117,0.9175839730886237
SPY,56,2024-12-24,2024-12-30,-1.671,0,54.52574773730275,0.6917166348379238,0.15,47.93454267599224,1.227119181032005,0.8666666666666667,1.0684060107685447,1,1,-1.994100100528995,-0.13769709996472868,0.879106130255345,0.9931856899488795,2.0,2.0,2.1242425245869136,3.067505879098079
SPY,57,2025-01-15,2025-01-21,1.452,1,51.119836805928095,0.9654087129950937,0.8166666666666667,40.42925857006182,0.8334708233314201,0.7166666666666667,1.2736909978497135,1,1,-2.2121069604944865,-3.663561299290119,0.41502210627952696,0.7552742616033588,2.0,4.0,1.137068777567205,2.50030385637143
SPY,58,2025-02-04,2025-02-07,1.215,1,53.38905641109404,0.66177404290619,0.13333333333333333,49.866286473679516,1.3230958142106453,0.8666666666666667,1.2464331475043893,1,1,-0.26694696097570025,2.245826491516145,0.660722947995238,0.8964143426294853,4.0,6.0,0.6102313241024708,0.6702029131935512
SPY,59,2025-02-19,2025-02-21,-1.325,0,61.65559682620268,0.7413638124016849,0.15,60.40314262041947,0.6163949204394519,0.016666666666666666,0.991833916087439,1,1,1.0977928412002846,2.327721811305583,0.46715184893782924,0.9182561307901738,2.0,5.0,0.26034371961970715,1.4500465611281332
SPY,60,2025-03-05,2025-03-10,-3.037,0,39.57136397049047,1.4394630999973224,0.85,33.55481339100089,2.3184121206418715,0.9833333333333333,1.4663451433027774,1,1,-2.9247442110931554,-3.498000903357479,1.1045795834850423,0.845762711864402,2.0,6.0,2.132227612429525,3.32724145345088
SPY,61,2025-03-17,2025-03-20,-0.204,0,40.93496078868198,0.74078905423019,0.4666666666666667,37.709815469421265,0.9629604699396715,0.6666666666666666,1.8136848695277898,0,1,-2.2763578274760388,-7.695209354960408,0.7747117041880655,0.6521739130434708,2.0,3.0,0.9549146390880869,1.5793083531875165
SPY,62,2025-03-31,2025-04-03,-2.767,0,40.56494948435828,1.3606037752222424,0.9666666666666667,37.56191238733139,1.010511831891911,0.8,1.6510101745861163,0,1,-1.4752296180715718,-6.482883974553166,1.7387192404925058,0.904624277456644,2.0,2.0,1.4388489208633244,2.0341176904923254e-14
SPY,63,2025-04-09,2025-04-15,9.069,1,47.73337195412311,2.702753622321975,0.9833333333333333,21.423289915485284,1.9370308383454926,0.9666666666666667,3.235400037843341,0,1,-11.496158439845273,-10.692185926032515,11.182717250324256,1.0,2.0,2.0,7.4718864082478795,6.425105143966359
SPY,64,2025-04-23,2025-04-28,1.728,1,47.37394995616432,0.8498097417424793,0.8333333333333334,44.209052186167526,0.7182390663925784,0.6833333333333333,3.311345821563193,0,0,-2.2017361626354037,-8.157399665551846,-0.9270395795940254,0.1333333333333307,2.0,3.0,2.2291400300183395,6.050883544775738
SPY,65,2025-05-08,2025-05-13,2.915,1,57.71845126457925,0.8108777042619796,0.4666666666666667,55.905337948115346,0.6476312840349242,0.31666666666666665,2.293387088913925,0,0,1.1919789374977396,13.02570093457942,-0.03184488005096307,0.3902439024390173,2.0,2.0,1.404474557131773,2.6141892382543195
SPY,66,2025-05-30,2025-06-05,1.13,1,60.693497178767835,1.381567179644204,0.8166666666666667,61.26841699280861,1.0485250763542597,0.5,1.5880600261933835,1,0,1.2335723844490776,6.4035056082518915,0.0781077547416563,0.7794676806083635,2.0,7.0,0.18680578929653543,1.9294954679884937e-14
SPY,67,2025-06-24,2025-06-27,1.115,1,63.42958124908344,0.9117145615858204,0.38333333333333336,58.80415589595748,1.190017686380262,0.75,1.1962019322231905,1,0,0.5276381909547601,2.9257919017647183,0.40540764152035014,0.7590090090090007,2.0,6.0,0.9417567321538016,3.9385652615104503
SPY,68,2025-07-10,2025-07-30,1.361,1,70.89229759687132,0.7729617498879099,0.16666666666666666,69.76235962126638,0.8961858291097833,0.35,0.9354636662629772,1,1,1.0378045818829396,4.065501600853794,0.2595322012175592,0.7279792746114117,2.0,2.0,0.6380528992228243,1.1079435013606376
SPY,69,2025-08-13,2025-08-18,-0.618,0,67.902520401605,0.8275318260947641,0.16666666666666666,66.32456161105594,0.8855559308599089,0.3333333333333333,0.913460919938436,1,1,2.344061022023358,3.3031150544893473,-0.0031012079204822086,0.6296296296296212,2.0,8.0,1.5127689017486485,9.712156782688584
SPY,70,2025-08-27,2025-09-02,-1.397,0,62.99737769552313,0.6792014464385483,0.016666666666666666,61.68353318895707,0.7201904103156885,0.05,0.8263503255677871,1,1,0.836185742642348,1.5584170260995567,0.3195929068991646,0.7491525423728821,2.0,5.0,0.6062490284470663,2.3695703962518793
SPY,71,2025-09-10,2025-09-15,0.621,1,63.53959736187283,1.1879325616555565,0.7333333333333333,61.79551852713891,1.0124639934733375,0.4666666666666667,0.8157130343134528,1,1,1.5712121448763883,2.2660083029311995,-0.2157216731434118,0.4030612244898106,2.0,2.0,0.044675868868616526,0.7832978690597228
SPY,72,2025-09-19,2025-09-24,-0.067,0,71.14596193513188,1.4025298221019704,0.95,69.96011485355237,1.296785152868539,0.9333333333333333,0.7604288138683383,1,1,0.704043307026736,3.7846139380357524,0.20684553017378113,0.7966507177033686,2.0,2.0,0.1361758787126806,0.48853757339442994
SPY,73,2025-09-30,2025-10-03,0.765,1,66.1145028130585,1.1353232322002973,0.8666666666666667,63.70932481074791,0.9664030980017734,0.7,0.748215113630592,1,1,-0.47387679203407806,2.888148205565466,0.4902478391383706,0.9067460317460256,2.0,2.0,0.4048095589231073,0.5765175306843627
SPY,74,2025-10-23,2025-10-28,2.533,1,58.297337145093714,0.8271868592223905,0.35,54.871096102875974,1.0238633073095267,0.7166666666666667,1.093687277711807,1,1,0.3953876452636118,1.0134624111329593,0.5448123091660161,0.8065173116089552,2.0,9.0,0.1455928451516124,0.059905349547728234
SPY,75,2025-11-03,2025-11-12,-0.428,0,62.252387459935164,0.7246444150321709,0.13333333333333333,61.291628043940364,1.1137690440947974,0.85,1.0139978768546214,1,1,0.7102251753414501,1.9201745341521859,-0.33981361296249324,0.5802047781570027,2.0,2.0,0.459930719296709,0.72421188706407
SPY,76,2025-11-24,2025-11-28,2.442,1,49.48208114847332,0.9159944852139439,0.5833333333333334,41.590673005053546,1.4525859864162172,0.9666666666666667,1.4716951737835617,1,1,-1.9198428407721013,-2.690291620524188,0.9114367200350033,0.8429752066115772,2.0,6.0,1.8779479840535074,4.632509670798161
SPY,77,2025-12-04,2025-12-09,-0.614,0,59.18717420032632,0.7246633056578073,0.2,58.838470077166505,0.6611403479844711,0.06666666666666667,1.22780565828882,1,1,1.3140351396995653,1.2810260055683864,-0.13278855975484724,0.7568238213399442,2.0,2.0,0.2151041133174362,0.712763612315383
SPY,78,2025-12-22,2025-12-26,0.68,1,56.21516531478943,0.8363040508625876,0.3333333333333333,52.54571973032231,1.2010666589995889,0.85,1.0824083628052021,1,1,-0.17161464444965802,4.300185432087433,0.13012837383396006,0.8888888888888942,2.0,5.0,0.49770013204288494,1.0004947095611647
SPY,79,2026-01-02,2026-01-07,0.462,1,51.67856550375187,1.1667785114648588,0.7166666666666667,50.29919440784801,0.9750488988769187,0.43333333333333335,0.8667738433484937,1,1,-0.8779580208151727,0.05722418675626617,-0.37041898178531407,0.47517730496452915,2.0,2.0,0.46189042047954665,0.21190775436236686
SPY,80,2026-01-27,2026-01-30,-0.644,0,58.60023665044352,0.7351720991128242,0.08333333333333333,56.12053383548593,0.812280391995021,0.15,0.9018547172229678,1,1,0.15470028626782817,0.3403922477476229,0.18871186147685892,0.6486486486486518,5.0,8.0,0.1719181149684414,0.7377781905569124
SPY,81,2026-02-09,2026-02-12,0.399,1,54.59560357703117,0.8563986197049852,0.4,51.90220328475219,1.0483270247353265,0.6333333333333333,1.1447952888751796,1,1,-0.19509516308511277,0.16098388710823475,0.6570740622552416,0.7450199203187297,3.0,3.0,0.23411419570212644,0.10018439736906203
SPY,82,2026-02-19,2026-02-27,-0.41,0,46.801123446871415,0.6799654112606787,0.13333333333333333,48.52441116097106,0.8345452453093037,0.38333333333333336,1.190398978294017,1,1,-0.8423394787031246,1.2854570678000998,0.09358914365933352,0.6328293736501224,2.0,2.0,1.6406430053007584,1.8437434843475402
SPY,83,2026-03-09,2026-03-12,0.021,1,44.223927263794366,1.2164999574920485,0.7833333333333333,38.445370145362375,1.1839656245816415,0.7666666666666667,1.3373718644496495,1,1,-1.9839939357716552,-0.7732947669785384,1.782739837032368,0.9058756417569892,2.0,4.0,0.8250849137742486,-1.699329422902737e-14
SPY,84,2026-04-06,2026-04-09,2.594,1,47.982959242568256,0.3861241442965926,0.0,45.86907674823436,0.6624535396682126,0.15,1.628312519339643,0,1,1.6648839696786544,-3.7398541045926104,0.4680877016436337,0.8119047619047456,2.0,14.0,0.31736098694797,0.2660062373876367
