symbol,timestamp_ny,session,Open,High,Low,Close,Volume,Dividends,Stock Splits,volume_nonzero
AAPL,2026-09-18T04:00:00-04:00,pre-market,336.93,337.4717,335.807,336.25,0,0.0,0.0,False
AAPL,2026-09-18T04:30:00-04:00,pre-market,336.27,336.4937,336.22,336.315,0,0.0,0.0,False
AAPL,2026-09-18T05:00:00-04:00,pre-market,336.31,336.5615,336.227,336.28,0,0.0,0.0,False
AAPL,2026-09-18T05:30:00-04:00,pre-market,336.28,336.36,335.9012,335.95,0,0.0,0.0,False
AAPL,2026-09-18T06:00:00-04:00,pre-market,335.91,336.0,335.8,335.808,0,0.0,0.0,False
AAPL,2026-09-18T06:30:00-04:00,pre-market,335.7765,339.1,335.7765,337.05,0,0.0,0.0,False
AAPL,2026-09-18T07:00:00-04:00,pre-market,336.85,337.6,336.5,337.465,0,0.0,0.0,False
AAPL,2026-09-18T07:30:00-04:00,pre-market,337.4688,337.47,336.9,337.1423,0,0.0,0.0,False
AAPL,2026-09-18T08:00:00-04:00,pre-market,337.19,338.0,336.76,336.95,0,0.0,0.0,False
AAPL,2026-09-18T08:30:00-04:00,pre-market,336.9814,337.36,336.77,337.08,0,0.0,0.0,False
AAPL,2026-09-18T09:00:00-04:00,pre-market,337.04,338.45,336.7,337.97,0,0.0,0.0,False
AAPL,2026-09-18T09:30:00-04:00,regular market,337.989990234375,338.489990234375,334.80999755859375,334.989990234375,12775645,0.0,0.0,True
AAPL,2026-09-18T10:00:00-04:00,regular market,334.9700012207031,335.5,333.0,333.489990234375,2946896,0.0,0.0,True
AAPL,2026-09-18T10:30:00-04:00,regular market,333.4996032714844,334.1099853515625,332.5299987792969,333.94500732421875,2462059,0.0,0.0,True
AAPL,2026-09-18T11:00:00-04:00,regular market,333.9599914550781,335.80999755859375,333.65020751953125,334.9949951171875,2084634,0.0,0.0,True
AAPL,2026-09-18T11:30:00-04:00,regular market,334.9801025390625,335.2250061035156,334.30999755859375,334.7799987792969,1260479,0.0,0.0,True
AAPL,2026-09-18T12:00:00-04:00,regular market,334.7799987792969,334.92999267578125,334.230712890625,334.6000061035156,1047129,0.0,0.0,True
AAPL,2026-09-18T12:30:00-04:00,regular market,334.6300048828125,334.94000244140625,334.4200134277344,334.56500244140625,1206576,0.0,0.0,True
AAPL,2026-09-18T13:00:00-04:00,regular market,334.55999755859375,335.4599914550781,334.5,335.2149963378906,1149574,0.0,0.0,True
AAPL,2026-09-18T13:30:00-04:00,regular market,335.20001220703125,335.8500061035156,335.0600891113281,335.6000061035156,940656,0.0,0.0,True
AAPL,2026-09-18T14:00:00-04:00,regular market,335.6000061035156,335.75,335.2200012207031,335.7099914550781,973731,0.0,0.0,True
AAPL,2026-09-18T14:30:00-04:00,regular market,335.7200012207031,336.2900085449219,335.3999938964844,335.7550048828125,1612507,0.0,0.0,True
AAPL,2026-09-18T15:00:00-04:00,regular market,335.760009765625,336.4800109863281,335.6000061035156,336.2200012207031,1686115,0.0,0.0,True
AAPL,2026-09-18T15:30:00-04:00,regular market,336.239990234375,336.94000244140625,335.5899963378906,335.5899963378906,5514957,0.0,0.0,True
AAPL,2026-09-18T16:00:00-04:00,after hours,335.59,336.2342,334.7,335.56,0,0.0,0.0,False
AAPL,2026-09-18T16:30:00-04:00,after hours,335.57,336.13,327.58,335.41,0,0.0,0.0,False
AAPL,2026-09-18T17:00:00-04:00,after hours,335.5,335.5,335.05,335.1988,0,0.0,0.0,False
AAPL,2026-09-18T17:30:00-04:00,after hours,335.15,336.13,334.7501,334.77,0,0.0,0.0,False
AAPL,2026-09-18T18:00:00-04:00,after hours,334.7755,336.13,334.75,334.9499,0,0.0,0.0,False
AAPL,2026-09-18T18:30:00-04:00,after hours,334.9003,334.95,326.91,334.88,0,0.0,0.0,False
AAPL,2026-09-18T19:00:00-04:00,after hours,334.8825,335.19,334.88,335.19,0,0.0,0.0,False
AAPL,2026-09-18T19:30:00-04:00,after hours,335.08,335.1882,334.75,334.8,0,0.0,0.0,False
AAPL,2026-09-21T04:00:00-04:00,pre-market,335.36,335.9788,334.03,335.05,0,0.0,0.0,False
AAPL,2026-09-21T04:30:00-04:00,pre-market,335.05,335.4,335.02,335.2,0,0.0,0.0,False
AAPL,2026-09-21T05:00:00-04:00,pre-market,335.19,335.3,334.9,335.1813,0,0.0,0.0,False
AAPL,2026-09-21T05:30:00-04:00,pre-market,335.1512,335.5,335.1512,335.47,0,0.0,0.0,False
AAPL,2026-09-21T06:00:00-04:00,pre-market,335.33,335.5,335.31,335.39,0,0.0,0.0,False
AAPL,2026-09-21T06:30:00-04:00,pre-market,335.34,335.5987,335.13,335.5025,0,0.0,0.0,False
AAPL,2026-09-21T07:00:00-04:00,pre-market,335.52,336.13,335.35,335.896,0,0.0,0.0,False
AAPL,2026-09-21T07:30:00-04:00,pre-market,335.78,336.4,335.744,336.01,0,0.0,0.0,False
AAPL,2026-09-21T08:00:00-04:00,pre-market,336.1757,336.6,335.8995,336.24,0,0.0,0.0,False
AAPL,2026-09-21T08:30:00-04:00,pre-market,336.0612,336.3988,335.9,336.0988,0,0.0,0.0,False
AAPL,2026-09-21T09:00:00-04:00,pre-market,336.06,336.24,334.98,335.33,0,0.0,0.0,False
AAPL,2026-09-21T09:30:00-04:00,regular market,335.20001220703125,336.32000732421875,333.04998779296875,335.8500061035156,5376459,0.0,0.0,True
AAPL,2026-09-21T10:00:00-04:00,regular market,335.8550109863281,337.79998779296875,335.69000244140625,337.29998779296875,2618966,0.0,0.0,True
AAPL,2026-09-21T10:30:00-04:00,regular market,337.2900085449219,338.2149963378906,336.30999755859375,336.9800109863281,2083840,0.0,0.0,True
AAPL,2026-09-21T11:00:00-04:00,regular market,336.9800109863281,337.939697265625,336.75,337.0400085449219,1445390,0.0,0.0,True
AAPL,2026-09-21T11:30:00-04:00,regular market,337.0299987792969,338.4880065917969,336.9049987792969,337.7300109863281,1584246,0.0,0.0,True
AAPL,2026-09-21T12:00:00-04:00,regular market,337.7300109863281,339.0,337.5400085449219,338.5299987792969,1769092,0.0,0.0,True
AAPL,2026-09-21T12:30:00-04:00,regular market,338.5398864746094,339.260009765625,338.4100036621094,338.710693359375,1053785,0.0,0.0,True
AAPL,2026-09-21T13:00:00-04:00,regular market,338.7099914550781,339.1300048828125,338.42999267578125,338.760009765625,851385,0.0,0.0,True
AAPL,2026-09-21T13:30:00-04:00,regular market,338.760009765625,338.7799987792969,338.1000061035156,338.19000244140625,1002610,0.0,0.0,True
AAPL,2026-09-21T14:00:00-04:00,regular market,338.2099914550781,339.1199951171875,337.75,338.9200134277344,1220457,0.0,0.0,True
AAPL,2026-09-21T14:30:00-04:00,regular market,338.9150085449219,339.1300048828125,338.489990234375,338.67498779296875,1274536,0.0,0.0,True
AAPL,2026-09-21T15:00:00-04:00,regular market,338.69000244140625,339.55999755859375,338.19000244140625,339.4383850097656,1545610,0.0,0.0,True
AAPL,2026-09-21T15:30:00-04:00,regular market,339.45001220703125,339.6400146484375,338.80999755859375,338.8900146484375,3068501,0.0,0.0,True
AAPL,2026-09-21T16:00:00-04:00,after hours,338.98,339.08,338.282,338.7712,0,0.0,0.0,False
AAPL,2026-09-21T16:30:00-04:00,after hours,338.77,338.98,338.6,338.6012,0,0.0,0.0,False
AAPL,2026-09-21T17:00:00-04:00,after hours,338.605,338.8,338.6,338.78,0,0.0,0.0,False
AAPL,2026-09-21T17:30:00-04:00,after hours,338.72,338.78,338.62,338.71,0,0.0,0.0,False
AAPL,2026-09-21T18:00:00-04:00,after hours,338.7793,338.96,338.71,338.85,0,0.0,0.0,False
AAPL,2026-09-21T18:30:00-04:00,after hours,338.76,338.98,338.67,338.78,0,0.0,0.0,False
AAPL,2026-09-21T19:00:00-04:00,after hours,338.85,338.85,338.66,338.661,0,0.0,0.0,False
AAPL,2026-09-21T19:30:00-04:00,after hours,338.67,338.85,338.6,338.71,0,0.0,0.0,False
AAPL,2026-09-22T04:00:00-04:00,pre-market,339.65,340.25,338.5052,339.8757,0,0.0,0.0,False
AAPL,2026-09-22T04:30:00-04:00,pre-market,339.8,339.9942,339.4212,339.846,0,0.0,0.0,False
AAPL,2026-09-22T05:00:00-04:00,pre-market,339.77,339.85,339.3,339.6157,0,0.0,0.0,False
AAPL,2026-09-22T05:30:00-04:00,pre-market,339.4504,339.8488,339.3797,339.64,0,0.0,0.0,False
AAPL,2026-09-22T06:00:00-04:00,pre-market,339.65,339.65,339.1412,339.266,0,0.0,0.0,False
AAPL,2026-09-22T06:30:00-04:00,pre-market,339.4942,339.5,339.26,339.26,0,0.0,0.0,False
AAPL,2026-09-22T07:00:00-04:00,pre-market,339.3432,339.69,338.98,339.61,0,0.0,0.0,False
AAPL,2026-09-22T07:30:00-04:00,pre-market,339.59,339.94,339.36,339.8706,0,0.0,0.0,False
AAPL,2026-09-22T08:00:00-04:00,pre-market,339.85,340.1,339.73,340.04,0,0.0,0.0,False
AAPL,2026-09-22T08:30:00-04:00,pre-market,339.9987,340.66,339.95,340.32,0,0.0,0.0,False
AAPL,2026-09-22T09:00:00-04:00,pre-market,340.34,340.89,338.99,340.17,0,0.0,0.0,False
AAPL,2026-09-22T09:30:00-04:00,regular market,340.3299865722656,345.3399963378906,339.79998779296875,340.7749938964844,6499097,0.0,0.0,True
AAPL,2026-09-22T10:00:00-04:00,regular market,340.79998779296875,340.8999938964844,338.75,340.43499755859375,3395605,0.0,0.0,True
AAPL,2026-09-22T10:30:00-04:00,regular market,340.4700012207031,342.8900146484375,339.42999267578125,342.7950134277344,3300375,0.0,0.0,True
AAPL,2026-09-22T11:00:00-04:00,regular market,342.82000732421875,343.8500061035156,342.510009765625,343.4306945800781,2958289,0.0,0.0,True
AAPL,2026-09-22T11:30:00-04:00,regular market,343.42999267578125,343.635009765625,341.8800048828125,342.1499938964844,1842450,0.0,0.0,True
AAPL,2026-09-22T12:00:00-04:00,regular market,342.1400146484375,343.25,341.75,342.5400085449219,1405157,0.0,0.0,True
AAPL,2026-09-22T12:30:00-04:00,regular market,342.5286865234375,342.8699951171875,342.1400146484375,342.1549987792969,847617,0.0,0.0,True
AAPL,2026-09-22T13:00:00-04:00,regular market,342.17999267578125,342.489990234375,341.20001220703125,341.55999755859375,1307300,0.0,0.0,True
AAPL,2026-09-22T13:30:00-04:00,regular market,341.5450134277344,341.6000061035156,340.5,341.0614013671875,1030076,0.0,0.0,True
AAPL,2026-09-22T14:00:00-04:00,regular market,341.05499267578125,341.58990478515625,340.55999755859375,341.0150146484375,1201301,0.0,0.0,True
AAPL,2026-09-22T14:30:00-04:00,regular market,341.0299987792969,341.4800109863281,340.0199890136719,340.2650146484375,1184019,0.0,0.0,True
AAPL,2026-09-22T15:00:00-04:00,regular market,340.2799987792969,340.42999267578125,339.8800048828125,340.1099853515625,1521234,0.0,0.0,True
AAPL,2026-09-22T15:30:00-04:00,regular market,340.1000061035156,340.6300048828125,339.2699890136719,339.7300109863281,3274656,0.0,0.0,True
AAPL,2026-09-22T16:00:00-04:00,after hours,339.75,340.12,339.75,340.0017,0,0.0,0.0,False
AAPL,2026-09-22T16:30:00-04:00,after hours,340.0012,340.07,334.0266,340.0,0,0.0,0.0,False
AAPL,2026-09-22T17:00:00-04:00,after hours,339.88,340.0,339.75,339.96,0,0.0,0.0,False
AAPL,2026-09-22T17:30:00-04:00,after hours,339.93,339.9745,339.75,339.8541,0,0.0,0.0,False
AAPL,2026-09-22T18:00:00-04:00,after hours,339.87,340.07,339.84,339.96,0,0.0,0.0,False
AAPL,2026-09-22T18:30:00-04:00,after hours,339.9151,340.0,339.84,339.98,0,0.0,0.0,False
AAPL,2026-09-22T19:00:00-04:00,after hours,339.98,340.0,339.87,339.92,0,0.0,0.0,False
AAPL,2026-09-22T19:30:00-04:00,after hours,339.92,339.96,339.8,339.891,0,0.0,0.0,False
AAPL,2026-09-23T04:00:00-04:00,pre-market,340.63,340.81,339.75,340.31,0,0.0,0.0,False
AAPL,2026-09-23T04:30:00-04:00,pre-market,340.5,340.7988,340.05,340.1689,0,0.0,0.0,False
AAPL,2026-09-23T05:00:00-04:00,pre-market,340.15,340.7988,340.0245,340.3,0,0.0,0.0,False
AAPL,2026-09-23T05:30:00-04:00,pre-market,340.28,340.4,339.8102,340.2088,0,0.0,0.0,False
AAPL,2026-09-23T06:00:00-04:00,pre-market,340.0,340.4,339.937,340.26,0,0.0,0.0,False
AAPL,2026-09-23T06:30:00-04:00,pre-market,340.23,340.54,339.81,340.1308,0,0.0,0.0,False
AAPL,2026-09-23T07:00:00-04:00,pre-market,340.1,340.9,340.1,340.45,0,0.0,0.0,False
AAPL,2026-09-23T07:30:00-04:00,pre-market,340.4763,340.7,340.255,340.68,0,0.0,0.0,False
AAPL,2026-09-23T08:00:00-04:00,pre-market,340.67,341.5,339.75,340.74,0,0.0,0.0,False
AAPL,2026-09-23T08:30:00-04:00,pre-market,340.7788,343.34,340.51,343.11,0,0.0,0.0,False
AAPL,2026-09-23T09:00:00-04:00,pre-market,343.23,344.39,340.46,341.19,0,0.0,0.0,False
AAPL,2026-09-23T09:30:00-04:00,regular market,341.07501220703125,341.79998779296875,336.9784851074219,337.4800109863281,5001269,0.0,0.0,True
AAPL,2026-09-23T10:00:00-04:00,regular market,337.4649963378906,338.25,336.4100036621094,337.32000732421875,2593045,0.0,0.0,True
AAPL,2026-09-23T10:30:00-04:00,regular market,337.32000732421875,338.510009765625,336.82000732421875,338.1650085449219,1579692,0.0,0.0,True
AAPL,2026-09-23T11:00:00-04:00,regular market,338.1700134277344,338.6099853515625,335.9110107421875,336.1700134277344,1640871,0.0,0.0,True
AAPL,2026-09-23T11:30:00-04:00,regular market,336.1700134277344,337.159912109375,335.9700012207031,336.9700012207031,1446945,0.0,0.0,True
AAPL,2026-09-23T12:00:00-04:00,regular market,336.9750061035156,337.239990234375,336.6199951171875,336.75,884446,0.0,0.0,True
AAPL,2026-09-23T12:30:00-04:00,regular market,336.7325134277344,337.0692138671875,336.55999755859375,336.8500061035156,834365,0.0,0.0,True
AAPL,2026-09-23T13:00:00-04:00,regular market,336.8399963378906,337.94000244140625,336.7650146484375,336.8299865722656,941958,0.0,0.0,True
AAPL,2026-09-23T13:30:00-04:00,regular market,336.82501220703125,337.67498779296875,336.7359924316406,337.55999755859375,947728,0.0,0.0,True
AAPL,2026-09-23T14:00:00-04:00,regular market,337.55999755859375,337.6000061035156,336.5801086425781,337.04998779296875,874693,0.0,0.0,True
AAPL,2026-09-23T14:30:00-04:00,regular market,337.05499267578125,337.3900146484375,336.75,337.1141052246094,724004,0.0,0.0,True
AAPL,2026-09-23T15:00:00-04:00,regular market,337.1300048828125,337.2655944824219,336.20001220703125,336.3299865722656,1313446,0.0,0.0,True
AAPL,2026-09-23T15:30:00-04:00,regular market,336.3299865722656,337.1400146484375,335.6099853515625,336.95001220703125,4117350,0.0,0.0,True
AAPL,2026-09-23T16:00:00-04:00,after hours,337.0,337.15,336.5,336.85,0,0.0,0.0,False
AAPL,2026-09-23T16:30:00-04:00,after hours,336.89,337.02,336.82,336.9003,0,0.0,0.0,False
AAPL,2026-09-23T17:00:00-04:00,after hours,336.8312,337.02,336.83,336.9,0,0.0,0.0,False
AAPL,2026-09-23T17:30:00-04:00,after hours,336.9467,337.1,336.8302,337.0,0,0.0,0.0,False
AAPL,2026-09-23T18:00:00-04:00,after hours,337.05,337.35,337.0,337.1102,0,0.0,0.0,False
AAPL,2026-09-23T18:30:00-04:00,after hours,337.1124,337.2,337.02,337.12,0,0.0,0.0,False
AAPL,2026-09-23T19:00:00-04:00,after hours,337.12,337.2,337.1,337.15,0,0.0,0.0,False
AAPL,2026-09-23T19:30:00-04:00,after hours,337.15,337.33,336.8,336.9361,0,0.0,0.0,False
AAPL,2026-09-24T04:00:00-04:00,pre-market,335.96,337.02,335.0952,335.2604,0,0.0,0.0,False
AAPL,2026-09-24T04:30:00-04:00,pre-market,335.2778,335.9607,334.87,335.52,0,0.0,0.0,False
AAPL,2026-09-24T05:00:00-04:00,pre-market,335.56,336.4088,335.35,336.37,0,0.0,0.0,False
AAPL,2026-09-24T05:30:00-04:00,pre-market,336.28,336.318,335.33,336.13,0,0.0,0.0,False
AAPL,2026-09-24T06:00:00-04:00,pre-market,336.05,336.4988,336.0,336.3217,0,0.0,0.0,False
AAPL,2026-09-24T06:30:00-04:00,pre-market,336.009,337.0,336.0,336.8337,0,0.0,0.0,False
AAPL,2026-09-24T07:00:00-04:00,pre-market,336.955,337.35,336.76,337.13,0,0.0,0.0,False
AAPL,2026-09-24T07:30:00-04:00,pre-market,337.16,337.3,336.57,336.9,0,0.0,0.0,False
AAPL,2026-09-24T08:00:00-04:00,pre-market,336.82,337.0312,336.4,336.95,0,0.0,0.0,False
AAPL,2026-09-24T08:30:00-04:00,pre-market,336.98,337.3645,336.61,336.88,0,0.0,0.0,False
AAPL,2026-09-24T09:00:00-04:00,pre-market,336.8988,336.98,335.73,336.77,0,0.0,0.0,False
AAPL,2026-09-24T09:30:00-04:00,regular market,336.32000732421875,337.1000061035156,334.29998779296875,335.2250061035156,2659853,0.0,0.0,True
AGNC,2026-09-18T04:00:00-04:00,pre-market,9.9797,10.0,9.91,9.96,0,0.0,0.0,False
AGNC,2026-09-18T04:30:00-04:00,pre-market,9.96,9.96,9.958,9.96,0,0.0,0.0,False
AGNC,2026-09-18T05:00:00-04:00,pre-market,9.9595,9.96,9.94,9.96,0,0.0,0.0,False
AGNC,2026-09-18T05:30:00-04:00,pre-market,9.959,9.96,9.9488,9.9488,0,0.0,0.0,False
AGNC,2026-09-18T06:00:00-04:00,pre-market,9.95,9.95,9.94,9.95,0,0.0,0.0,False
AGNC,2026-09-18T06:30:00-04:00,pre-market,9.95,9.95,9.94,9.949,0,0.0,0.0,False
AGNC,2026-09-18T07:00:00-04:00,pre-market,9.9499,9.95,9.94,9.94,0,0.0,0.0,False
AGNC,2026-09-18T07:30:00-04:00,pre-market,9.94,9.95,9.93,9.94,0,0.0,0.0,False
AGNC,2026-09-18T08:00:00-04:00,pre-market,9.94,9.94,9.92,9.9201,0,0.0,0.0,False
AGNC,2026-09-18T08:30:00-04:00,pre-market,9.9215,9.9301,9.9,9.9095,0,0.0,0.0,False
AGNC,2026-09-18T09:00:00-04:00,pre-market,9.9089,10.0,9.89,9.9,0,0.0,0.0,False
AGNC,2026-09-18T09:30:00-04:00,regular market,9.899999618530273,10.0,9.845000267028809,9.949999809265137,4469383,0.0,0.0,True
AGNC,2026-09-18T10:00:00-04:00,regular market,9.944999694824219,9.949999809265137,9.925000190734863,9.9399995803833,2455421,0.0,0.0,True
AGNC,2026-09-18T10:30:00-04:00,regular market,9.930000305175781,9.9399995803833,9.869999885559082,9.880000114440918,2717804,0.0,0.0,True
AGNC,2026-09-18T11:00:00-04:00,regular market,9.880000114440918,9.899999618530273,9.869999885559082,9.875,2869066,0.0,0.0,True
AGNC,2026-09-18T11:30:00-04:00,regular market,9.880000114440918,9.880000114440918,9.829999923706055,9.84000015258789,2519257,0.0,0.0,True
AGNC,2026-09-18T12:00:00-04:00,regular market,9.84850025177002,9.859999656677246,9.84000015258789,9.854999542236328,2056998,0.0,0.0,True
AGNC,2026-09-18T12:30:00-04:00,regular market,9.856900215148926,9.869999885559082,9.84000015258789,9.864999771118164,1690441,0.0,0.0,True
AGNC,2026-09-18T13:00:00-04:00,regular market,9.869099617004395,9.880000114440918,9.850000381469727,9.859999656677246,1728256,0.0,0.0,True
AGNC,2026-09-18T13:30:00-04:00,regular market,9.869999885559082,9.890000343322754,9.859999656677246,9.890000343322754,1862064,0.0,0.0,True
AGNC,2026-09-18T14:00:00-04:00,regular market,9.885000228881836,9.890000343322754,9.850000381469727,9.864999771118164,1407713,0.0,0.0,True
AGNC,2026-09-18T14:30:00-04:00,regular market,9.864999771118164,9.880000114440918,9.859999656677246,9.864999771118164,1929392,0.0,0.0,True
AGNC,2026-09-18T15:00:00-04:00,regular market,9.864999771118164,9.90999984741211,9.859999656677246,9.90999984741211,3620410,0.0,0.0,True
AGNC,2026-09-18T15:30:00-04:00,regular market,9.899999618530273,9.930000305175781,9.845000267028809,9.859999656677246,15491496,0.0,0.0,True
AGNC,2026-09-18T16:00:00-04:00,after hours,9.87,9.99,9.77,9.8899,0,0.0,0.0,False
AGNC,2026-09-18T16:30:00-04:00,after hours,9.8885,9.91,9.88,9.8951,0,0.0,0.0,False
AGNC,2026-09-18T17:00:00-04:00,after hours,9.9,9.91,9.9,9.9085,0,0.0,0.0,False
AGNC,2026-09-18T17:30:00-04:00,after hours,9.91,9.91,9.9,9.9,0,0.0,0.0,False
AGNC,2026-09-18T18:00:00-04:00,after hours,9.9,9.91,9.9,9.9098,0,0.0,0.0,False
AGNC,2026-09-18T18:30:00-04:00,after hours,9.9,9.91,9.9,9.9099,0,0.0,0.0,False
AGNC,2026-09-18T19:00:00-04:00,after hours,9.91,9.91,9.9,9.9091,0,0.0,0.0,False
AGNC,2026-09-18T19:30:00-04:00,after hours,9.9091,9.91,9.9,9.9097,0,0.0,0.0,False
AGNC,2026-09-21T04:00:00-04:00,pre-market,9.92,9.96,9.9197,9.9289,0,0.0,0.0,False
AGNC,2026-09-21T04:30:00-04:00,pre-market,9.9288,9.93,9.92,9.9201,0,0.0,0.0,False
AGNC,2026-09-21T05:00:00-04:00,pre-market,9.9288,9.93,9.92,9.93,0,0.0,0.0,False
AGNC,2026-09-21T05:30:00-04:00,pre-market,9.9288,9.93,9.9188,9.92,0,0.0,0.0,False
AGNC,2026-09-21T06:00:00-04:00,pre-market,9.919,9.92,9.91,9.92,0,0.0,0.0,False
AGNC,2026-09-21T06:30:00-04:00,pre-market,9.9189,9.93,9.9188,9.9297,0,0.0,0.0,False
AGNC,2026-09-21T07:00:00-04:00,pre-market,9.925,9.93,9.92,9.92,0,0.0,0.0,False
AGNC,2026-09-21T07:30:00-04:00,pre-market,9.9288,9.94,9.92,9.94,0,0.0,0.0,False
AGNC,2026-09-21T08:00:00-04:00,pre-market,9.94,9.95,9.92,9.93,0,0.0,0.0,False
AGNC,2026-09-21T08:30:00-04:00,pre-market,9.938,9.95,9.92,9.9411,0,0.0,0.0,False
AGNC,2026-09-21T09:00:00-04:00,pre-market,9.95,9.95,9.87,9.91,0,0.0,0.0,False
AGNC,2026-09-21T09:30:00-04:00,regular market,9.899999618530273,9.9399995803833,9.859999656677246,9.9399995803833,3947419,0.0,0.0,True
AGNC,2026-09-21T10:00:00-04:00,regular market,9.9399995803833,10.029999732971191,9.930000305175781,9.996800422668457,2402579,0.0,0.0,True
AGNC,2026-09-21T10:30:00-04:00,regular market,9.999899864196777,10.0,9.9399995803833,9.949999809265137,1660554,0.0,0.0,True
AGNC,2026-09-21T11:00:00-04:00,regular market,9.949999809265137,10.010000228881836,9.9399995803833,9.999899864196777,2097153,0.0,0.0,True
AGNC,2026-09-21T11:30:00-04:00,regular market,9.999899864196777,10.0,9.970000267028809,9.984999656677246,1167942,0.0,0.0,True
AGNC,2026-09-21T12:00:00-04:00,regular market,9.984999656677246,10.010000228881836,9.979999542236328,10.010000228881836,1454811,0.0,0.0,True
AGNC,2026-09-21T12:30:00-04:00,regular market,10.010000228881836,10.020000457763672,9.989999771118164,10.0,1489291,0.0,0.0,True
AGNC,2026-09-21T13:00:00-04:00,regular market,9.992199897766113,10.020000457763672,9.989999771118164,9.989999771118164,2071175,0.0,0.0,True
AGNC,2026-09-21T13:30:00-04:00,regular market,10.0,10.0,9.979999542236328,10.0,1029160,0.0,0.0,True
AGNC,2026-09-21T14:00:00-04:00,regular market,9.994999885559082,10.0,9.979999542236328,9.994999885559082,820886,0.0,0.0,True
AGNC,2026-09-21T14:30:00-04:00,regular market,10.0,10.0,9.970000267028809,10.0,935319,0.0,0.0,True
AGNC,2026-09-21T15:00:00-04:00,regular market,9.994999885559082,10.020000457763672,9.989999771118164,10.0,2709721,0.0,0.0,True
AGNC,2026-09-21T15:30:00-04:00,regular market,9.994999885559082,10.005000114440918,9.949999809265137,9.954999923706055,4808423,0.0,0.0,True
AGNC,2026-09-21T16:00:00-04:00,after hours,9.97,10.0,9.97,9.99,0,0.0,0.0,False
AGNC,2026-09-21T16:30:00-04:00,after hours,9.99,10.0,9.99,9.9992,0,0.0,0.0,False
AGNC,2026-09-21T17:00:00-04:00,after hours,9.995,10.0,9.99,9.9992,0,0.0,0.0,False
AGNC,2026-09-21T17:30:00-04:00,after hours,9.9998,10.0,9.99,9.9908,0,0.0,0.0,False
AGNC,2026-09-21T18:00:00-04:00,after hours,9.99,10.0,9.99,9.9997,0,0.0,0.0,False
AGNC,2026-09-21T18:30:00-04:00,after hours,10.0,10.0,9.99,10.0,0,0.0,0.0,False
AGNC,2026-09-21T19:00:00-04:00,after hours,9.9992,10.0,9.9885,9.99,0,0.0,0.0,False
AGNC,2026-09-21T19:30:00-04:00,after hours,9.99,10.0,9.98,9.9993,0,0.0,0.0,False
AGNC,2026-09-22T04:00:00-04:00,pre-market,9.97,10.03,9.97,9.999,0,0.0,0.0,False
AGNC,2026-09-22T04:30:00-04:00,pre-market,9.98,10.0,9.98,9.9988,0,0.0,0.0,False
AGNC,2026-09-22T05:00:00-04:00,pre-market,9.9988,10.01,9.982,10.0,0,0.0,0.0,False
AGNC,2026-09-22T05:30:00-04:00,pre-market,9.99,10.01,9.9895,10.01,0,0.0,0.0,False
AGNC,2026-09-22T06:00:00-04:00,pre-market,10.01,10.01,10.01,10.01,0,0.0,0.0,False
AGNC,2026-09-22T06:30:00-04:00,pre-market,10.01,10.02,10.01,10.01,0,0.0,0.0,False
AGNC,2026-09-22T07:00:00-04:00,pre-market,10.01,10.02,10.0,10.0,0,0.0,0.0,False
AGNC,2026-09-22T07:30:00-04:00,pre-market,10.0003,10.02,10.0,10.0198,0,0.0,0.0,False
AGNC,2026-09-22T08:00:00-04:00,pre-market,10.02,10.02,10.0,10.0195,0,0.0,0.0,False
AGNC,2026-09-22T08:30:00-04:00,pre-market,10.02,10.04,10.0103,10.04,0,0.0,0.0,False
AGNC,2026-09-22T09:00:00-04:00,pre-market,10.03,10.06,10.03,10.04,0,0.0,0.0,False
AGNC,2026-09-22T09:30:00-04:00,regular market,10.039999961853027,10.079999923706055,9.989999771118164,10.045000076293945,2202834,0.0,0.0,True
AGNC,2026-09-22T10:00:00-04:00,regular market,10.039999961853027,10.079999923706055,10.029999732971191,10.03499984741211,2316767,0.0,0.0,True
AGNC,2026-09-22T10:30:00-04:00,regular market,10.029999732971191,10.050000190734863,10.0,10.0,2593627,0.0,0.0,True
AGNC,2026-09-22T11:00:00-04:00,regular market,10.0,10.020000457763672,9.970000267028809,9.991999626159668,1759510,0.0,0.0,True
AGNC,2026-09-22T11:30:00-04:00,regular market,9.994999885559082,10.010000228881836,9.979999542236328,10.010000228881836,861099,0.0,0.0,True
AGNC,2026-09-22T12:00:00-04:00,regular market,10.010000228881836,10.015000343322754,9.989999771118164,10.0,883800,0.0,0.0,True
AGNC,2026-09-22T12:30:00-04:00,regular market,9.989999771118164,10.020000457763672,9.979999542236328,10.020000457763672,1601841,0.0,0.0,True
AGNC,2026-09-22T13:00:00-04:00,regular market,10.010000228881836,10.020000457763672,9.989999771118164,10.0,851258,0.0,0.0,True
AGNC,2026-09-22T13:30:00-04:00,regular market,10.0,10.039999961853027,10.0,10.029999732971191,2278146,0.0,0.0,True
AGNC,2026-09-22T14:00:00-04:00,regular market,10.029999732971191,10.085000038146973,10.029999732971191,10.0600004196167,1887448,0.0,0.0,True
AGNC,2026-09-22T14:30:00-04:00,regular market,10.060099601745605,10.079999923706055,10.039999961853027,10.046799659729004,917946,0.0,0.0,True
AGNC,2026-09-22T15:00:00-04:00,regular market,10.045000076293945,10.079999923706055,10.029999732971191,10.045000076293945,2284687,0.0,0.0,True
AGNC,2026-09-22T15:30:00-04:00,regular market,10.050000190734863,10.100000381469727,10.039999961853027,10.085000038146973,4107893,0.0,0.0,True
AGNC,2026-09-22T16:00:00-04:00,after hours,10.09,10.1094,10.08,10.1092,0,0.0,0.0,False
AGNC,2026-09-22T16:30:00-04:00,after hours,10.11,10.12,10.1,10.1185,0,0.0,0.0,False
AGNC,2026-09-22T17:00:00-04:00,after hours,10.11,10.12,10.1,10.12,0,0.0,0.0,False
AGNC,2026-09-22T17:30:00-04:00,after hours,10.1199,10.12,10.11,10.1199,0,0.0,0.0,False
AGNC,2026-09-22T18:00:00-04:00,after hours,10.11,10.12,10.11,10.12,0,0.0,0.0,False
AGNC,2026-09-22T18:30:00-04:00,after hours,10.11,10.12,10.11,10.12,0,0.0,0.0,False
AGNC,2026-09-22T19:00:00-04:00,after hours,10.1101,10.13,10.11,10.1292,0,0.0,0.0,False
AGNC,2026-09-22T19:30:00-04:00,after hours,10.12,10.13,10.11,10.1292,0,0.0,0.0,False
AGNC,2026-09-23T04:00:00-04:00,pre-market,10.1195,10.15,10.09,10.1176,0,0.0,0.0,False
AGNC,2026-09-23T04:30:00-04:00,pre-market,10.12,10.12,10.11,10.12,0,0.0,0.0,False
AGNC,2026-09-23T05:00:00-04:00,pre-market,10.12,10.12,10.101,10.11,0,0.0,0.0,False
AGNC,2026-09-23T05:30:00-04:00,pre-market,10.101,10.1195,10.1,10.11,0,0.0,0.0,False
AGNC,2026-09-23T06:00:00-04:00,pre-market,10.11,10.11,10.1,10.1,0,0.0,0.0,False
AGNC,2026-09-23T06:30:00-04:00,pre-market,10.1095,10.14,10.1089,10.1194,0,0.0,0.0,False
AGNC,2026-09-23T07:00:00-04:00,pre-market,10.12,10.13,10.1,10.11,0,0.0,0.0,False
AGNC,2026-09-23T07:30:00-04:00,pre-market,10.11,10.13,10.07,10.11,0,0.0,0.0,False
AGNC,2026-09-23T08:00:00-04:00,pre-market,10.11,10.13,10.09,10.0995,0,0.0,0.0,False
AGNC,2026-09-23T08:30:00-04:00,pre-market,10.0988,10.1,10.09,10.0988,0,0.0,0.0,False
AGNC,2026-09-23T09:00:00-04:00,pre-market,10.1,10.1,10.07,10.09,0,0.0,0.0,False
AGNC,2026-09-23T09:30:00-04:00,regular market,10.085000038146973,10.085000038146973,9.979999542236328,9.994999885559082,2368298,0.0,0.0,True
AGNC,2026-09-23T10:00:00-04:00,regular market,9.994999885559082,10.010000228881836,9.949999809265137,9.960000038146973,2091438,0.0,0.0,True
AGNC,2026-09-23T10:30:00-04:00,regular market,9.96500015258789,9.989999771118164,9.960000038146973,9.96500015258789,1472294,0.0,0.0,True
AGNC,2026-09-23T11:00:00-04:00,regular market,9.96500015258789,9.970000267028809,9.9399995803833,9.9399995803833,1796485,0.0,0.0,True
AGNC,2026-09-23T11:30:00-04:00,regular market,9.949999809265137,9.970000267028809,9.930000305175781,9.9399995803833,1795889,0.0,0.0,True
AGNC,2026-09-23T12:00:00-04:00,regular market,9.944999694824219,9.960000038146973,9.930000305175781,9.958499908447266,1083957,0.0,0.0,True
AGNC,2026-09-23T12:30:00-04:00,regular market,9.950699806213379,9.970000267028809,9.890000343322754,9.920000076293945,2704515,0.0,0.0,True
AGNC,2026-09-23T13:00:00-04:00,regular market,9.920000076293945,9.925000190734863,9.875,9.90999984741211,1451962,0.0,0.0,True
AGNC,2026-09-23T13:30:00-04:00,regular market,9.909899711608887,9.920000076293945,9.890000343322754,9.898699760437012,1108425,0.0,0.0,True
AGNC,2026-09-23T14:00:00-04:00,regular market,9.899999618530273,9.90999984741211,9.859999656677246,9.875,1710107,0.0,0.0,True
AGNC,2026-09-23T14:30:00-04:00,regular market,9.875,9.890000343322754,9.859999656677246,9.880000114440918,2016803,0.0,0.0,True
AGNC,2026-09-23T15:00:00-04:00,regular market,9.885000228881836,9.90999984741211,9.880000114440918,9.899999618530273,2100551,0.0,0.0,True
AGNC,2026-09-23T15:30:00-04:00,regular market,9.904999732971191,9.930000305175781,9.880000114440918,9.904999732971191,5076505,0.0,0.0,True
AGNC,2026-09-23T16:00:00-04:00,after hours,9.91,9.96,9.91,9.9496,0,0.0,0.0,False
AGNC,2026-09-23T16:30:00-04:00,after hours,9.95,9.96,9.94,9.94,0,0.0,0.0,False
AGNC,2026-09-23T17:00:00-04:00,after hours,9.94,9.96,9.94,9.9515,0,0.0,0.0,False
AGNC,2026-09-23T17:30:00-04:00,after hours,9.96,9.96,9.95,9.9501,0,0.0,0.0,False
AGNC,2026-09-23T18:00:00-04:00,after hours,9.95,9.96,9.95,9.96,0,0.0,0.0,False
AGNC,2026-09-23T18:30:00-04:00,after hours,9.9502,9.96,9.95,9.96,0,0.0,0.0,False
AGNC,2026-09-23T19:00:00-04:00,after hours,9.96,9.97,9.95,9.96,0,0.0,0.0,False
AGNC,2026-09-23T19:30:00-04:00,after hours,9.97,9.97,9.95,9.95,0,0.0,0.0,False
AGNC,2026-09-24T04:00:00-04:00,pre-market,9.922,10.02,9.91,9.91,0,0.0,0.0,False
AGNC,2026-09-24T04:30:00-04:00,pre-market,9.9108,9.95,9.9108,9.93,0,0.0,0.0,False
AGNC,2026-09-24T05:00:00-04:00,pre-market,9.93,9.9384,9.9101,9.9101,0,0.0,0.0,False
AGNC,2026-09-24T05:30:00-04:00,pre-market,9.9354,9.9392,9.93,9.93,0,0.0,0.0,False
AGNC,2026-09-24T06:00:00-04:00,pre-market,9.93,9.94,9.9,9.94,0,0.0,0.0,False
AGNC,2026-09-24T06:30:00-04:00,pre-market,9.94,9.94,9.9095,9.91,0,0.0,0.0,False
AGNC,2026-09-24T07:00:00-04:00,pre-market,9.91,9.93,9.9,9.9176,0,0.0,0.0,False
AGNC,2026-09-24T07:30:00-04:00,pre-market,9.9197,9.92,9.9,9.9176,0,0.0,0.0,False
AGNC,2026-09-24T08:00:00-04:00,pre-market,9.91,9.93,9.91,9.92,0,0.0,0.0,False
AGNC,2026-09-24T08:30:00-04:00,pre-market,9.92,9.93,9.89,9.9089,0,0.0,0.0,False
AGNC,2026-09-24T09:00:00-04:00,pre-market,9.9012,9.9176,9.9,9.9176,0,0.0,0.0,False
AGNC,2026-09-24T09:30:00-04:00,regular market,9.90999984741211,9.930000305175781,9.819999694824219,9.840100288391113,1758291,0.0,0.0,True
AMD,2026-09-18T04:00:00-04:00,pre-market,553.03,555.15,545.09,552.7795,0,0.0,0.0,False
AMD,2026-09-18T04:30:00-04:00,pre-market,552.38,553.25,551.0,551.0,0,0.0,0.0,False
AMD,2026-09-18T05:00:00-04:00,pre-market,551.02,551.975,549.4067,550.7,0,0.0,0.0,False
AMD,2026-09-18T05:30:00-04:00,pre-market,550.7,550.9788,549.0,549.657,0,0.0,0.0,False
AMD,2026-09-18T06:00:00-04:00,pre-market,549.78,552.5,549.56,552.3,0,0.0,0.0,False
AMD,2026-09-18T06:30:00-04:00,pre-market,552.27,552.5,550.7,550.7,0,0.0,0.0,False
AMD,2026-09-18T07:00:00-04:00,pre-market,550.68,551.5,545.09,546.6,0,0.0,0.0,False
AMD,2026-09-18T07:30:00-04:00,pre-market,546.49,548.3,545.3,546.98,0,0.0,0.0,False
AMD,2026-09-18T08:00:00-04:00,pre-market,546.98,547.07,544.2,546.09,0,0.0,0.0,False
AMD,2026-09-18T08:30:00-04:00,pre-market,546.2884,546.5,544.1061,544.755,0,0.0,0.0,False
AMD,2026-09-18T09:00:00-04:00,pre-market,544.81,550.5,544.39,547.601,0,0.0,0.0,False
AMD,2026-09-18T09:30:00-04:00,regular market,547.5599975585938,551.3900146484375,544.0,551.2899169921875,5392231,0.0,0.0,True
AMD,2026-09-18T10:00:00-04:00,regular market,551.1679077148438,552.9500122070312,547.1199951171875,548.3200073242188,1940089,0.0,0.0,True
AMD,2026-09-18T10:30:00-04:00,regular market,548.3150024414062,548.6599731445312,542.52001953125,542.5800170898438,1346177,0.0,0.0,True
AMD,2026-09-18T11:00:00-04:00,regular market,542.5750122070312,544.25,541.5399780273438,543.5650024414062,1256517,0.0,0.0,True
AMD,2026-09-18T11:30:00-04:00,regular market,543.72998046875,544.4299926757812,542.260009765625,543.8499755859375,819518,0.0,0.0,True
AMD,2026-09-18T12:00:00-04:00,regular market,544.0,544.4000244140625,542.2999877929688,543.4074096679688,858145,0.0,0.0,True
AMD,2026-09-18T12:30:00-04:00,regular market,543.5150146484375,545.2999267578125,543.1500244140625,544.8800048828125,729544,0.0,0.0,True
AMD,2026-09-18T13:00:00-04:00,regular market,544.85498046875,546.3084106445312,544.6199951171875,545.4299926757812,614385,0.0,0.0,True
AMD,2026-09-18T13:30:00-04:00,regular market,545.469970703125,546.5399780273438,544.9099731445312,545.4500122070312,606089,0.0,0.0,True
AMD,2026-09-18T14:00:00-04:00,regular market,545.489990234375,545.5499877929688,543.5399780273438,544.25,525342,0.0,0.0,True
AMD,2026-09-18T14:30:00-04:00,regular market,544.29541015625,545.3800048828125,543.22998046875,544.9500122070312,519284,0.0,0.0,True
AMD,2026-09-18T15:00:00-04:00,regular market,544.9249877929688,545.75,544.0900268554688,545.4349975585938,668269,0.0,0.0,True
AMD,2026-09-18T15:30:00-04:00,regular market,545.4299926757812,559.9099731445312,545.080078125,559.7999877929688,5212144,0.0,0.0,True
AMD,2026-09-18T16:00:00-04:00,after hours,559.82,559.9,557.3,557.58,0,0.0,0.0,False
AMD,2026-09-18T16:30:00-04:00,after hours,557.63,559.82,556.94,557.15,0,0.0,0.0,False
AMD,2026-09-18T17:00:00-04:00,after hours,557.2,570.9494,557.1355,557.5901,0,0.0,0.0,False
AMD,2026-09-18T17:30:00-04:00,after hours,557.5956,559.82,557.0,557.26,0,0.0,0.0,False
AMD,2026-09-18T18:00:00-04:00,after hours,557.22,559.82,557.0087,557.2,0,0.0,0.0,False
AMD,2026-09-18T18:30:00-04:00,after hours,557.0977,557.4,556.65,556.68,0,0.0,0.0,False
AMD,2026-09-18T19:00:00-04:00,after hours,556.6817,557.5975,556.68,557.53,0,0.0,0.0,False
AMD,2026-09-18T19:30:00-04:00,after hours,557.5061,558.1,557.2,557.98,0,0.0,0.0,False
AMD,2026-09-21T04:00:00-04:00,pre-market,571.22,574.4664,567.0,573.5,0,0.0,0.0,False
AMD,2026-09-21T04:30:00-04:00,pre-market,573.3,574.8488,573.2,574.25,0,0.0,0.0,False
AMD,2026-09-21T05:00:00-04:00,pre-market,574.18,578.31,574.0,577.45,0,0.0,0.0,False
AMD,2026-09-21T05:30:00-04:00,pre-market,577.25,577.7988,574.1752,574.72,0,0.0,0.0,False
AMD,2026-09-21T06:00:00-04:00,pre-market,574.7244,576.0,574.0012,575.02,0,0.0,0.0,False
AMD,2026-09-21T06:30:00-04:00,pre-market,574.83,576.6,574.5,575.18,0,0.0,0.0,False
AMD,2026-09-21T07:00:00-04:00,pre-market,575.01,575.8,573.2,574.67,0,0.0,0.0,False
AMD,2026-09-21T07:30:00-04:00,pre-market,574.7417,575.68,573.3,575.388,0,0.0,0.0,False
AMD,2026-09-21T08:00:00-04:00,pre-market,575.25,579.95,575.0,578.25,0,0.0,0.0,False
AMD,2026-09-21T08:30:00-04:00,pre-market,578.11,582.37,577.8,579.36,0,0.0,0.0,False
AMD,2026-09-21T09:00:00-04:00,pre-market,579.29,586.59,578.4,583.89,0,0.0,0.0,False
AMD,2026-09-21T09:30:00-04:00,regular market,583.9400024414062,608.2299194335938,582.27001953125,607.0650024414062,11353434,0.0,0.0,True
AMD,2026-09-21T10:00:00-04:00,regular market,607.052490234375,613.9240112304688,605.418212890625,609.5855102539062,5020045,0.0,0.0,True
AMD,2026-09-21T10:30:00-04:00,regular market,609.7249755859375,614.2999877929688,608.4000244140625,614.2999877929688,2764454,0.0,0.0,True
AMD,2026-09-21T11:00:00-04:00,regular market,614.25,615.989990234375,610.5,611.6649780273438,2664004,0.0,0.0,True
AMD,2026-09-21T11:30:00-04:00,regular market,611.75,612.97998046875,608.8709716796875,609.8499755859375,2756979,0.0,0.0,True
AMD,2026-09-21T12:00:00-04:00,regular market,609.9000244140625,613.1799926757812,609.510009765625,612.5800170898438,1549063,0.0,0.0,True
AMD,2026-09-21T12:30:00-04:00,regular market,612.635009765625,612.72998046875,609.5,610.3900146484375,1708340,0.0,0.0,True
AMD,2026-09-21T13:00:00-04:00,regular market,610.4406127929688,611.6199951171875,605.9301147460938,606.4000244140625,2045872,0.0,0.0,True
AMD,2026-09-21T13:30:00-04:00,regular market,606.5275268554688,610.2299194335938,606.3200073242188,607.9749755859375,1214559,0.0,0.0,True
AMD,2026-09-21T14:00:00-04:00,regular market,607.97998046875,610.010009765625,607.8800048828125,609.6300048828125,968759,0.0,0.0,True
AMD,2026-09-21T14:30:00-04:00,regular market,609.6400146484375,611.1699829101562,607.5,611.0999755859375,1123053,0.0,0.0,True
AMD,2026-09-21T15:00:00-04:00,regular market,611.1699829101562,615.7000122070312,611.0001220703125,614.4799194335938,2388964,0.0,0.0,True
AMD,2026-09-21T15:30:00-04:00,regular market,614.3800048828125,616.6799926757812,614.22998046875,615.3599853515625,4535377,0.0,0.0,True
AMD,2026-09-21T16:00:00-04:00,after hours,615.45,616.69,607.49,614.48,0,0.0,0.0,False
AMD,2026-09-21T16:30:00-04:00,after hours,614.65,615.52,614.29,614.83,0,0.0,0.0,False
AMD,2026-09-21T17:00:00-04:00,after hours,615.24,615.52,614.61,615.05,0,0.0,0.0,False
AMD,2026-09-21T17:30:00-04:00,after hours,615.05,616.84,615.01,615.84,0,0.0,0.0,False
AMD,2026-09-21T18:00:00-04:00,after hours,615.8,617.99,615.5,617.94,0,0.0,0.0,False
AMD,2026-09-21T18:30:00-04:00,after hours,617.97,619.5,615.52,619.2,0,0.0,0.0,False
AMD,2026-09-21T19:00:00-04:00,after hours,619.2,620.0,619.0,619.355,0,0.0,0.0,False
AMD,2026-09-21T19:30:00-04:00,after hours,619.68,620.0,619.11,619.9809,0,0.0,0.0,False
AMD,2026-09-22T04:00:00-04:00,pre-market,613.0,621.99,604.1,604.26,0,0.0,0.0,False
AMD,2026-09-22T04:30:00-04:00,pre-market,604.2982,610.0,603.6,609.74,0,0.0,0.0,False
AMD,2026-09-22T05:00:00-04:00,pre-market,609.74,610.9888,608.05,608.88,0,0.0,0.0,False
AMD,2026-09-22T05:30:00-04:00,pre-market,608.98,614.4,608.45,613.8,0,0.0,0.0,False
AMD,2026-09-22T06:00:00-04:00,pre-market,613.81,614.67,611.15,612.0,0,0.0,0.0,False
AMD,2026-09-22T06:30:00-04:00,pre-market,611.77,613.19,611.0433,611.35,0,0.0,0.0,False
AMD,2026-09-22T07:00:00-04:00,pre-market,611.5,615.52,606.65,607.0,0,0.0,0.0,False
AMD,2026-09-22T07:30:00-04:00,pre-market,607.0,608.7,604.5,605.0,0,0.0,0.0,False
AMD,2026-09-22T08:00:00-04:00,pre-market,605.36,607.98,603.83,607.34,0,0.0,0.0,False
AMD,2026-09-22T08:30:00-04:00,pre-market,607.32,608.19,445.5,606.68,0,0.0,0.0,False
AMD,2026-09-22T09:00:00-04:00,pre-market,606.7107,608.18,604.4042,607.13,0,0.0,0.0,False
AMD,2026-09-22T09:30:00-04:00,regular market,607.0999755859375,618.4199829101562,606.3125,618.2750244140625,5999772,0.0,0.0,True
AMD,2026-09-22T10:00:00-04:00,regular market,618.0599975585938,622.0,615.0338745117188,618.6500244140625,3175092,0.0,0.0,True
AMD,2026-09-22T10:30:00-04:00,regular market,618.5900268554688,619.52001953125,614.3599853515625,616.0150146484375,1636944,0.0,0.0,True
AMD,2026-09-22T11:00:00-04:00,regular market,616.0800170898438,619.2999877929688,615.9400024414062,617.6799926757812,1397590,0.0,0.0,True
AMD,2026-09-22T11:30:00-04:00,regular market,617.7999877929688,620.9298706054688,616.5200805664062,616.8099975585938,1537151,0.0,0.0,True
AMD,2026-09-22T12:00:00-04:00,regular market,616.760009765625,619.5399780273438,612.6599731445312,613.3599853515625,1103225,0.0,0.0,True
AMD,2026-09-22T12:30:00-04:00,regular market,613.3798828125,617.2100219726562,613.3049926757812,616.7000122070312,966084,0.0,0.0,True
AMD,2026-09-22T13:00:00-04:00,regular market,616.6500244140625,618.0999755859375,615.9299926757812,616.5800170898438,688149,0.0,0.0,True
AMD,2026-09-22T13:30:00-04:00,regular market,616.6649780273438,620.8499755859375,616.25,620.8350219726562,1102703,0.0,0.0,True
AMD,2026-09-22T14:00:00-04:00,regular market,620.9000244140625,621.5,616.0,620.1599731445312,1378242,0.0,0.0,True
AMD,2026-09-22T14:30:00-04:00,regular market,620.0106201171875,620.0106201171875,618.0,619.0250244140625,1182617,0.0,0.0,True
AMD,2026-09-22T15:00:00-04:00,regular market,618.9749755859375,621.6799926757812,618.5999755859375,620.7650146484375,1082618,0.0,0.0,True
AMD,2026-09-22T15:30:00-04:00,regular market,620.8300170898438,624.52001953125,620.760009765625,624.0,2799730,0.0,0.0,True
AMD,2026-09-22T16:00:00-04:00,after hours,623.74,623.99,621.18,621.55,0,0.0,0.0,False
AMD,2026-09-22T16:30:00-04:00,after hours,621.69,623.77,620.8251,621.4,0,0.0,0.0,False
AMD,2026-09-22T17:00:00-04:00,after hours,621.37,656.1456,156.4427,620.92,0,0.0,0.0,False
AMD,2026-09-22T17:30:00-04:00,after hours,621.0,623.77,620.5,620.75,0,0.0,0.0,False
AMD,2026-09-22T18:00:00-04:00,after hours,620.6011,622.0,620.5,621.6,0,0.0,0.0,False
AMD,2026-09-22T18:30:00-04:00,after hours,621.65,622.14,621.35,621.988,0,0.0,0.0,False
AMD,2026-09-22T19:00:00-04:00,after hours,621.99,622.3227,621.6,622.24,0,0.0,0.0,False
AMD,2026-09-22T19:30:00-04:00,after hours,622.05,623.7,621.7554,623.4682,0,0.0,0.0,False
AMD,2026-09-23T04:00:00-04:00,pre-market,619.96,624.9895,618.7,620.97,0,0.0,0.0,False
AMD,2026-09-23T04:30:00-04:00,pre-market,620.02,621.0,618.4,620.3061,0,0.0,0.0,False
AMD,2026-09-23T05:00:00-04:00,pre-market,619.66,621.0,618.645,620.5,0,0.0,0.0,False
AMD,2026-09-23T05:30:00-04:00,pre-market,620.9473,621.9688,619.48,619.5802,0,0.0,0.0,False
AMD,2026-09-23T06:00:00-04:00,pre-market,619.94,621.48,619.5412,620.77,0,0.0,0.0,False
AMD,2026-09-23T06:30:00-04:00,pre-market,621.446,622.9988,620.1909,621.87,0,0.0,0.0,False
AMD,2026-09-23T07:00:00-04:00,pre-market,621.92,623.77,617.7,618.22,0,0.0,0.0,False
AMD,2026-09-23T07:30:00-04:00,pre-market,618.5,619.3,616.6,618.5807,0,0.0,0.0,False
AMD,2026-09-23T08:00:00-04:00,pre-market,618.8,623.77,616.01,618.05,0,0.0,0.0,False
AMD,2026-09-23T08:30:00-04:00,pre-market,618.05,619.9,617.782,618.9,0,0.0,0.0,False
AMD,2026-09-23T09:00:00-04:00,pre-market,618.7,623.0,616.5,622.74,0,0.0,0.0,False
AMD,2026-09-23T09:30:00-04:00,regular market,622.1500244140625,624.6898803710938,614.4400024414062,615.1099853515625,3002247,0.0,0.0,True
AMD,2026-09-23T10:00:00-04:00,regular market,615.1099853515625,618.0,608.0900268554688,610.530029296875,2114253,0.0,0.0,True
AMD,2026-09-23T10:30:00-04:00,regular market,610.530029296875,615.1400146484375,608.25,614.7949829101562,1330196,0.0,0.0,True
AMD,2026-09-23T11:00:00-04:00,regular market,614.760009765625,616.2899780273438,613.010009765625,613.6599731445312,1078070,0.0,0.0,True
AMD,2026-09-23T11:30:00-04:00,regular market,613.6500244140625,615.1099853515625,611.7899780273438,614.97998046875,775603,0.0,0.0,True
AMD,2026-09-23T12:00:00-04:00,regular market,614.97998046875,615.989990234375,612.6300048828125,613.3049926757812,934679,0.0,0.0,True
AMD,2026-09-23T12:30:00-04:00,regular market,613.3049926757812,614.7899169921875,611.5800170898438,612.1950073242188,500326,0.0,0.0,True
AMD,2026-09-23T13:00:00-04:00,regular market,612.1900024414062,613.5328979492188,610.0999755859375,612.0999755859375,776084,0.0,0.0,True
AMD,2026-09-23T13:30:00-04:00,regular market,612.0349731445312,614.8499755859375,611.7000122070312,614.405029296875,422996,0.0,0.0,True
AMD,2026-09-23T14:00:00-04:00,regular market,614.3499755859375,614.5900268554688,612.4010009765625,614.344970703125,511948,0.0,0.0,True
AMD,2026-09-23T14:30:00-04:00,regular market,614.2249755859375,615.2100219726562,613.5999755859375,614.239990234375,524501,0.0,0.0,True
AMD,2026-09-23T15:00:00-04:00,regular market,614.239990234375,615.0900268554688,613.0339965820312,614.6500244140625,505225,0.0,0.0,True
AMD,2026-09-23T15:30:00-04:00,regular market,614.6583862304688,615.9000244140625,612.3516235351562,614.9199829101562,1526703,0.0,0.0,True
AMD,2026-09-23T16:00:00-04:00,after hours,614.91,615.49,613.2,613.95,0,0.0,0.0,False
AMD,2026-09-23T16:30:00-04:00,after hours,614.0,614.75,613.693,614.357,0,0.0,0.0,False
AMD,2026-09-23T17:00:00-04:00,after hours,614.3332,614.75,613.81,614.61,0,0.0,0.0,False
AMD,2026-09-23T17:30:00-04:00,after hours,614.65,614.8,614.2512,614.7089,0,0.0,0.0,False
AMD,2026-09-23T18:00:00-04:00,after hours,614.7291,615.5,614.4689,614.86,0,0.0,0.0,False
AMD,2026-09-23T18:30:00-04:00,after hours,615.0,615.39,614.3,615.0112,0,0.0,0.0,False
AMD,2026-09-23T19:00:00-04:00,after hours,615.0112,615.45,614.5,614.562,0,0.0,0.0,False
AMD,2026-09-23T19:30:00-04:00,after hours,614.61,615.0,614.35,614.51,0,0.0,0.0,False
AMD,2026-09-24T04:00:00-04:00,pre-market,608.59,614.61,602.57,602.87,0,0.0,0.0,False
AMD,2026-09-24T04:30:00-04:00,pre-market,603.13,604.59,599.0,600.64,0,0.0,0.0,False
AMD,2026-09-24T05:00:00-04:00,pre-market,600.83,603.0,597.578,599.51,0,0.0,0.0,False
AMD,2026-09-24T05:30:00-04:00,pre-market,599.67,600.04,597.57,599.99,0,0.0,0.0,False
AMD,2026-09-24T06:00:00-04:00,pre-market,599.9224,601.0,599.142,600.5,0,0.0,0.0,False
AMD,2026-09-24T06:30:00-04:00,pre-market,600.0,604.2075,600.0,602.49,0,0.0,0.0,False
AMD,2026-09-24T07:00:00-04:00,pre-market,602.9405,614.61,600.6,601.36,0,0.0,0.0,False
AMD,2026-09-24T07:30:00-04:00,pre-market,601.67,603.0599,597.22,598.93,0,0.0,0.0,False
AMD,2026-09-24T08:00:00-04:00,pre-market,598.79,613.074,597.25,598.2072,0,0.0,0.0,False
AMD,2026-09-24T08:30:00-04:00,pre-market,598.49,614.61,595.55,598.5,0,0.0,0.0,False
AMD,2026-09-24T09:00:00-04:00,pre-market,598.7,602.56,598.5,600.57,0,0.0,0.0,False
AMD,2026-09-24T09:30:00-04:00,regular market,605.344970703125,624.8400268554688,604.35400390625,622.1466064453125,4786139,0.0,0.0,True
AMZN,2026-09-18T04:00:00-04:00,pre-market,252.02,252.72,251.05,251.72,0,0.0,0.0,False
AMZN,2026-09-18T04:30:00-04:00,pre-market,251.7988,252.4,251.63,252.12,0,0.0,0.0,False
AMZN,2026-09-18T05:00:00-04:00,pre-market,252.16,252.3,252.0,252.0,0,0.0,0.0,False
AMZN,2026-09-18T05:30:00-04:00,pre-market,252.0,252.1,251.7212,251.7212,0,0.0,0.0,False
AMZN,2026-09-18T06:00:00-04:00,pre-market,251.92,252.38,251.8,252.12,0,0.0,0.0,False
AMZN,2026-09-18T06:30:00-04:00,pre-market,252.12,252.48,252.0013,252.25,0,0.0,0.0,False
AMZN,2026-09-18T07:00:00-04:00,pre-market,252.255,252.875,252.1,252.4708,0,0.0,0.0,False
AMZN,2026-09-18T07:30:00-04:00,pre-market,252.49,253.2,252.3,252.4114,0,0.0,0.0,False
AMZN,2026-09-18T08:00:00-04:00,pre-market,252.49,252.69,251.72,251.99,0,0.0,0.0,False
AMZN,2026-09-18T08:30:00-04:00,pre-market,251.9475,252.15,251.67,251.72,0,0.0,0.0,False
AMZN,2026-09-18T09:00:00-04:00,pre-market,251.73,268.59,250.85,252.86,0,0.0,0.0,False
AMZN,2026-09-18T09:30:00-04:00,regular market,252.86000061035156,254.49000549316406,252.00999450683594,252.35000610351562,13088740,0.0,0.0,True
AMZN,2026-09-18T10:00:00-04:00,regular market,252.38999938964844,252.97000122070312,251.8800048828125,252.64999389648438,2998748,0.0,0.0,True
AMZN,2026-09-18T10:30:00-04:00,regular market,252.63999938964844,254.11000061035156,252.22000122070312,254.00999450683594,1998686,0.0,0.0,True
AMZN,2026-09-18T11:00:00-04:00,regular market,254.0500030517578,255.42999267578125,253.0399932861328,253.07000732421875,3287442,0.0,0.0,True
AMZN,2026-09-18T11:30:00-04:00,regular market,253.07000732421875,253.5500030517578,252.5500030517578,253.05999755859375,1165875,0.0,0.0,True
AMZN,2026-09-18T12:00:00-04:00,regular market,253.05999755859375,253.90499877929688,252.99049377441406,253.6199951171875,919040,0.0,0.0,True
AMZN,2026-09-18T12:30:00-04:00,regular market,253.60000610351562,253.80999755859375,253.1699981689453,253.47000122070312,546770,0.0,0.0,True
AMZN,2026-09-18T13:00:00-04:00,regular market,253.46009826660156,253.52999877929688,252.94000244140625,253.0500030517578,497881,0.0,0.0,True
AMZN,2026-09-18T13:30:00-04:00,regular market,253.05999755859375,253.10000610351562,252.77000427246094,252.9600067138672,707302,0.0,0.0,True
AMZN,2026-09-18T14:00:00-04:00,regular market,252.91000366210938,253.27000427246094,252.75100708007812,253.18499755859375,577566,0.0,0.0,True
AMZN,2026-09-18T14:30:00-04:00,regular market,253.1875,254.8000030517578,253.14999389648438,254.27499389648438,1129264,0.0,0.0,True
AMZN,2026-09-18T15:00:00-04:00,regular market,254.27499389648438,254.75999450683594,254.07000732421875,254.5749969482422,1014337,0.0,0.0,True
AMZN,2026-09-18T15:30:00-04:00,regular market,254.5749969482422,254.59359741210938,253.5,253.50999450683594,3900238,0.0,0.0,True
AMZN,2026-09-18T16:00:00-04:00,after hours,253.69,258.6,253.51,254.3,0,0.0,0.0,False
AMZN,2026-09-18T16:30:00-04:00,after hours,254.29,254.89,253.71,254.4403,0,0.0,0.0,False
AMZN,2026-09-18T17:00:00-04:00,after hours,254.28,259.2915,245.4454,254.4,0,0.0,0.0,False
AMZN,2026-09-18T17:30:00-04:00,after hours,254.51,254.7499,253.71,254.61,0,0.0,0.0,False
AMZN,2026-09-18T18:00:00-04:00,after hours,254.61,254.62,253.71,254.5452,0,0.0,0.0,False
AMZN,2026-09-18T18:30:00-04:00,after hours,254.517,259.22,254.32,254.35,0,0.0,0.0,False
AMZN,2026-09-18T19:00:00-04:00,after hours,254.4767,254.71,254.35,254.44,0,0.0,0.0,False
AMZN,2026-09-18T19:30:00-04:00,after hours,254.4904,254.5,253.996,254.15,0,0.0,0.0,False
AMZN,2026-09-21T04:00:00-04:00,pre-market,255.9,256.22,255.2295,255.72,0,0.0,0.0,False
AMZN,2026-09-21T04:30:00-04:00,pre-market,255.72,256.2,255.6,256.1185,0,0.0,0.0,False
AMZN,2026-09-21T05:00:00-04:00,pre-market,256.1,256.23,255.77,255.88,0,0.0,0.0,False
AMZN,2026-09-21T05:30:00-04:00,pre-market,255.88,256.23,255.77,256.09,0,0.0,0.0,False
AMZN,2026-09-21T06:00:00-04:00,pre-market,256.2044,256.23,255.9003,256.06,0,0.0,0.0,False
AMZN,2026-09-21T06:30:00-04:00,pre-market,256.05,256.1988,255.6,255.9,0,0.0,0.0,False
AMZN,2026-09-21T07:00:00-04:00,pre-market,255.89,256.0,255.4,255.6157,0,0.0,0.0,False
AMZN,2026-09-21T07:30:00-04:00,pre-market,255.5736,255.61,255.1,255.2053,0,0.0,0.0,False
AMZN,2026-09-21T08:00:00-04:00,pre-market,255.11,255.44,255.05,255.1297,0,0.0,0.0,False
AMZN,2026-09-21T08:30:00-04:00,pre-market,255.2462,255.3,254.86,255.15,0,0.0,0.0,False
AMZN,2026-09-21T09:00:00-04:00,pre-market,255.15,256.75,254.51,256.33,0,0.0,0.0,False
AMZN,2026-09-21T09:30:00-04:00,regular market,256.5199890136719,256.6499938964844,253.60000610351562,254.7100067138672,5869848,0.0,0.0,True
AMZN,2026-09-21T10:00:00-04:00,regular market,254.72000122070312,257.1199951171875,254.33999633789062,255.82000732421875,3162204,0.0,0.0,True
AMZN,2026-09-21T10:30:00-04:00,regular market,255.83999633789062,256.7099914550781,255.5500030517578,255.6199951171875,1855594,0.0,0.0,True
AMZN,2026-09-21T11:00:00-04:00,regular market,255.6199951171875,255.69979858398438,254.47999572753906,255.4199981689453,1988056,0.0,0.0,True
AMZN,2026-09-21T11:30:00-04:00,regular market,255.4149932861328,256.5400085449219,255.1300048828125,255.94000244140625,1612180,0.0,0.0,True
AMZN,2026-09-21T12:00:00-04:00,regular market,255.94200134277344,257.8999938964844,255.72999572753906,257.864990234375,2455459,0.0,0.0,True
AMZN,2026-09-21T12:30:00-04:00,regular market,257.864990234375,258.69000244140625,257.610107421875,257.69000244140625,2264476,0.0,0.0,True
AMZN,2026-09-21T13:00:00-04:00,regular market,257.70001220703125,258.3900146484375,257.2699890136719,257.6625061035156,1991008,0.0,0.0,True
AMZN,2026-09-21T13:30:00-04:00,regular market,257.673095703125,259.05999755859375,257.5,258.0320129394531,1618912,0.0,0.0,True
AMZN,2026-09-21T14:00:00-04:00,regular market,258.0400085449219,258.6221008300781,257.7001953125,258.29998779296875,1221028,0.0,0.0,True
AMZN,2026-09-21T14:30:00-04:00,regular market,258.28009033203125,258.82000732421875,258.1199951171875,258.7049865722656,1173385,0.0,0.0,True
AMZN,2026-09-21T15:00:00-04:00,regular market,258.7149963378906,259.489990234375,258.5799865722656,258.9700012207031,2377813,0.0,0.0,True
AMZN,2026-09-21T15:30:00-04:00,regular market,258.9750061035156,259.489990234375,258.0409851074219,258.42999267578125,4250538,0.0,0.0,True
AMZN,2026-09-21T16:00:00-04:00,after hours,258.46,258.84,257.554,258.46,0,0.0,0.0,False
AMZN,2026-09-21T16:30:00-04:00,after hours,258.4646,258.6,257.4039,258.57,0,0.0,0.0,False
AMZN,2026-09-21T17:00:00-04:00,after hours,258.58,258.97,246.5713,258.8496,0,0.0,0.0,False
AMZN,2026-09-21T17:30:00-04:00,after hours,258.77,258.91,258.5,258.5387,0,0.0,0.0,False
AMZN,2026-09-21T18:00:00-04:00,after hours,258.7437,258.8,258.5,258.733,0,0.0,0.0,False
AMZN,2026-09-21T18:30:00-04:00,after hours,258.75,258.85,258.45,258.77,0,0.0,0.0,False
AMZN,2026-09-21T19:00:00-04:00,after hours,258.8267,258.93,258.7,258.85,0,0.0,0.0,False
AMZN,2026-09-21T19:30:00-04:00,after hours,258.7779,259.26,258.7779,259.14,0,0.0,0.0,False
AMZN,2026-09-22T04:00:00-04:00,pre-market,259.8732,259.9988,258.45,259.81,0,0.0,0.0,False
AMZN,2026-09-22T04:30:00-04:00,pre-market,259.76,260.73,259.2,260.34,0,0.0,0.0,False
AMZN,2026-09-22T05:00:00-04:00,pre-market,260.41,260.73,260.0,260.2237,0,0.0,0.0,False
AMZN,2026-09-22T05:30:00-04:00,pre-market,260.23,260.5,260.05,260.39,0,0.0,0.0,False
AMZN,2026-09-22T06:00:00-04:00,pre-market,260.35,260.3721,258.89,259.7125,0,0.0,0.0,False
AMZN,2026-09-22T06:30:00-04:00,pre-market,259.67,260.0488,259.57,259.93,0,0.0,0.0,False
AMZN,2026-09-22T07:00:00-04:00,pre-market,259.945,260.1,259.31,259.6287,0,0.0,0.0,False
AMZN,2026-09-22T07:30:00-04:00,pre-market,259.63,260.1975,259.47,260.0,0,0.0,0.0,False
AMZN,2026-09-22T08:00:00-04:00,pre-market,259.81,270.13,258.52,258.74,0,0.0,0.0,False
AMZN,2026-09-22T08:30:00-04:00,pre-market,258.7,259.0,249.02,256.6,0,0.0,0.0,False
AMZN,2026-09-22T09:00:00-04:00,pre-market,256.65,257.27,254.0,255.16,0,0.0,0.0,False
AMZN,2026-09-22T09:30:00-04:00,regular market,255.3800048828125,259.0,253.7899932861328,257.3500061035156,6788116,0.0,0.0,True
AMZN,2026-09-22T10:00:00-04:00,regular market,257.3500061035156,257.6099853515625,256.32501220703125,256.739990234375,2920382,0.0,0.0,True
AMZN,2026-09-22T10:30:00-04:00,regular market,256.7550048828125,257.3399963378906,256.2300109863281,256.42999267578125,1869533,0.0,0.0,True
AMZN,2026-09-22T11:00:00-04:00,regular market,256.4049987792969,256.43499755859375,255.25999450683594,255.35000610351562,2394203,0.0,0.0,True
AMZN,2026-09-22T11:30:00-04:00,regular market,255.33999633789062,255.40499877929688,254.22999572753906,255.0500030517578,2628275,0.0,0.0,True
AMZN,2026-09-22T12:00:00-04:00,regular market,255.05999755859375,255.0800018310547,254.35000610351562,254.35000610351562,1624788,0.0,0.0,True
AMZN,2026-09-22T12:30:00-04:00,regular market,254.360107421875,254.75,254.05079650878906,254.41000366210938,2022018,0.0,0.0,True
AMZN,2026-09-22T13:00:00-04:00,regular market,254.44000244140625,254.89999389648438,254.0500030517578,254.26339721679688,1875919,0.0,0.0,True
AMZN,2026-09-22T13:30:00-04:00,regular market,254.23500061035156,255.9600067138672,253.8300018310547,255.75999450683594,2124930,0.0,0.0,True
AMZN,2026-09-22T14:00:00-04:00,regular market,255.7489013671875,255.9499969482422,255.00999450683594,255.4199981689453,1430665,0.0,0.0,True
AMZN,2026-09-22T14:30:00-04:00,regular market,255.4199981689453,255.61000061035156,254.88999938964844,254.90499877929688,1420224,0.0,0.0,True
AMZN,2026-09-22T15:00:00-04:00,regular market,254.9250030517578,255.92999267578125,254.89999389648438,255.85000610351562,1519989,0.0,0.0,True
AMZN,2026-09-22T15:30:00-04:00,regular market,255.85899353027344,256.3500061035156,254.83999633789062,254.8800048828125,4137998,0.0,0.0,True
AMZN,2026-09-22T16:00:00-04:00,after hours,255.03,255.25,254.9,255.0788,0,0.0,0.0,False
AMZN,2026-09-22T16:30:00-04:00,after hours,254.98,255.08,254.3594,255.0,0,0.0,0.0,False
AMZN,2026-09-22T17:00:00-04:00,after hours,254.9959,315.0204,245.2677,255.0494,0,0.0,0.0,False
AMZN,2026-09-22T17:30:00-04:00,after hours,255.05,255.29,254.98,255.0994,0,0.0,0.0,False
AMZN,2026-09-22T18:00:00-04:00,after hours,255.08,255.3,255.05,255.2977,0,0.0,0.0,False
AMZN,2026-09-22T18:30:00-04:00,after hours,255.28,255.5,255.21,255.4,0,0.0,0.0,False
AMZN,2026-09-22T19:00:00-04:00,after hours,255.3987,255.69,255.34,255.52,0,0.0,0.0,False
AMZN,2026-09-22T19:30:00-04:00,after hours,255.52,255.69,255.38,255.45,0,0.0,0.0,False
AMZN,2026-09-23T04:00:00-04:00,pre-market,255.92,256.3,254.98,256.25,0,0.0,0.0,False
AMZN,2026-09-23T04:30:00-04:00,pre-market,256.142,256.2988,255.6577,255.85,0,0.0,0.0,False
AMZN,2026-09-23T05:00:00-04:00,pre-market,255.86,256.0,255.65,255.8,0,0.0,0.0,False
AMZN,2026-09-23T05:30:00-04:00,pre-market,255.8415,256.95,255.6587,256.0,0,0.0,0.0,False
AMZN,2026-09-23T06:00:00-04:00,pre-market,255.9912,256.6988,255.84,256.45,0,0.0,0.0,False
AMZN,2026-09-23T06:30:00-04:00,pre-market,256.38,257.0,255.8877,256.37,0,0.0,0.0,False
AMZN,2026-09-23T07:00:00-04:00,pre-market,256.37,256.49,254.98,255.78,0,0.0,0.0,False
AMZN,2026-09-23T07:30:00-04:00,pre-market,255.9988,255.9988,254.67,255.11,0,0.0,0.0,False
AMZN,2026-09-23T08:00:00-04:00,pre-market,255.23,255.4,254.3,254.5083,0,0.0,0.0,False
AMZN,2026-09-23T08:30:00-04:00,pre-market,254.5075,254.94,253.9,254.5,0,0.0,0.0,False
AMZN,2026-09-23T09:00:00-04:00,pre-market,254.45,254.6,252.86,253.3,0,0.0,0.0,False
AMZN,2026-09-23T09:30:00-04:00,regular market,253.3300018310547,253.80999755859375,250.22000122070312,250.41000366210938,6384132,0.0,0.0,True
AMZN,2026-09-23T10:00:00-04:00,regular market,250.36500549316406,250.37879943847656,248.19000244140625,249.18130493164062,4693119,0.0,0.0,True
AMZN,2026-09-23T10:30:00-04:00,regular market,249.14999389648438,250.73989868164062,248.79029846191406,250.72000122070312,2524007,0.0,0.0,True
AMZN,2026-09-23T11:00:00-04:00,regular market,250.72000122070312,250.9250030517578,250.1999969482422,250.22999572753906,2285999,0.0,0.0,True
AMZN,2026-09-23T11:30:00-04:00,regular market,250.24989318847656,250.4499969482422,249.72000122070312,249.99000549316406,1918513,0.0,0.0,True
AMZN,2026-09-23T12:00:00-04:00,regular market,250.0,250.389892578125,249.61000061035156,249.63999938964844,1301505,0.0,0.0,True
AMZN,2026-09-23T12:30:00-04:00,regular market,249.63999938964844,249.74000549316406,248.1300048828125,248.3101043701172,2937924,0.0,0.0,True
AMZN,2026-09-23T13:00:00-04:00,regular market,248.31500244140625,248.4600067138672,247.75999450683594,248.05499267578125,2517797,0.0,0.0,True
AMZN,2026-09-23T13:30:00-04:00,regular market,248.0500030517578,249.36000061035156,247.83999633789062,249.16000366210938,1633979,0.0,0.0,True
AMZN,2026-09-23T14:00:00-04:00,regular market,249.14999389648438,249.89999389648438,249.11000061035156,249.42999267578125,1676049,0.0,0.0,True
AMZN,2026-09-23T14:30:00-04:00,regular market,249.44000244140625,250.1497039794922,249.30999755859375,249.8699951171875,1577426,0.0,0.0,True
AMZN,2026-09-23T15:00:00-04:00,regular market,249.889892578125,250.1999969482422,249.5800018310547,250.1750030517578,1681765,0.0,0.0,True
AMZN,2026-09-23T15:30:00-04:00,regular market,250.18499755859375,250.2899932861328,248.4600067138672,249.35000610351562,4831688,0.0,0.0,True
AMZN,2026-09-23T16:00:00-04:00,after hours,249.42,249.88,249.2018,249.45,0,0.0,0.0,False
AMZN,2026-09-23T16:30:00-04:00,after hours,249.45,256.149,249.27,249.5,0,0.0,0.0,False
AMZN,2026-09-23T17:00:00-04:00,after hours,249.4988,249.65,234.3677,249.37,0,0.0,0.0,False
AMZN,2026-09-23T17:30:00-04:00,after hours,249.3435,249.41,249.34,249.41,0,0.0,0.0,False
AMZN,2026-09-23T18:00:00-04:00,after hours,249.41,249.8,249.35,249.7,0,0.0,0.0,False
AMZN,2026-09-23T18:30:00-04:00,after hours,249.54,249.7,249.27,249.59,0,0.0,0.0,False
AMZN,2026-09-23T19:00:00-04:00,after hours,249.59,249.7,248.23,248.45,0,0.0,0.0,False
AMZN,2026-09-23T19:30:00-04:00,after hours,248.44,248.69,247.82,247.85,0,0.0,0.0,False
AMZN,2026-09-24T04:00:00-04:00,pre-market,248.07,249.27,247.22,247.38,0,0.0,0.0,False
AMZN,2026-09-24T04:30:00-04:00,pre-market,247.32,247.6888,246.9,247.2,0,0.0,0.0,False
AMZN,2026-09-24T05:00:00-04:00,pre-market,247.24,247.69,247.06,247.21,0,0.0,0.0,False
AMZN,2026-09-24T05:30:00-04:00,pre-market,247.25,247.4288,246.73,247.4288,0,0.0,0.0,False
AMZN,2026-09-24T06:00:00-04:00,pre-market,247.26,247.6,247.11,247.44,0,0.0,0.0,False
AMZN,2026-09-24T06:30:00-04:00,pre-market,247.6988,248.13,247.4412,247.5962,0,0.0,0.0,False
AMZN,2026-09-24T07:00:00-04:00,pre-market,247.7,249.27,247.01,247.17,0,0.0,0.0,False
AMZN,2026-09-24T07:30:00-04:00,pre-market,247.2,247.5,246.85,247.42,0,0.0,0.0,False
AMZN,2026-09-24T08:00:00-04:00,pre-market,247.4249,249.893,246.8,246.91,0,0.0,0.0,False
AMZN,2026-09-24T08:30:00-04:00,pre-market,247.08,247.1,246.01,246.4,0,0.0,0.0,False
AMZN,2026-09-24T09:00:00-04:00,pre-market,246.4,246.94,245.6,246.03,0,0.0,0.0,False
AMZN,2026-09-24T09:30:00-04:00,regular market,246.08230590820312,247.52000427246094,245.7301025390625,246.6999969482422,3846490,0.0,0.0,True
BE,2026-09-18T04:00:00-04:00,pre-market,283.47,288.8,281.51,287.46,0,0.0,0.0,False
BE,2026-09-18T04:30:00-04:00,pre-market,287.15,288.4,287.02,287.36,0,0.0,0.0,False
BE,2026-09-18T05:00:00-04:00,pre-market,287.3,288.0,286.02,286.5,0,0.0,0.0,False
BE,2026-09-18T05:30:00-04:00,pre-market,286.0515,286.5,284.53,285.36,0,0.0,0.0,False
BE,2026-09-18T06:00:00-04:00,pre-market,285.49,287.0,285.0,286.8,0,0.0,0.0,False
BE,2026-09-18T06:30:00-04:00,pre-market,286.89,287.775,286.4,286.6691,0,0.0,0.0,False
BE,2026-09-18T07:00:00-04:00,pre-market,286.42,286.7,284.0,284.49,0,0.0,0.0,False
BE,2026-09-18T07:30:00-04:00,pre-market,284.35,285.2,283.15,283.62,0,0.0,0.0,False
BE,2026-09-18T08:00:00-04:00,pre-market,283.7,283.7,281.571,282.7305,0,0.0,0.0,False
BE,2026-09-18T08:30:00-04:00,pre-market,282.64,282.9,281.1,281.42,0,0.0,0.0,False
BE,2026-09-18T09:00:00-04:00,pre-market,281.56,282.0,281.1,281.28,0,0.0,0.0,False
BE,2026-09-18T09:30:00-04:00,regular market,284.32000732421875,285.1000061035156,269.760009765625,273.4549865722656,3040476,0.0,0.0,True
BE,2026-09-18T10:00:00-04:00,regular market,273.4549865722656,273.7699890136719,266.6600036621094,271.04998779296875,1801190,0.0,0.0,True
BE,2026-09-18T10:30:00-04:00,regular market,271.0,272.5,270.29998779296875,270.5899963378906,972386,0.0,0.0,True
BE,2026-09-18T11:00:00-04:00,regular market,270.6199951171875,271.44000244140625,269.1199951171875,270.0299987792969,648235,0.0,0.0,True
BE,2026-09-18T11:30:00-04:00,regular market,269.739990234375,271.75,268.5299987792969,271.5000915527344,687789,0.0,0.0,True
BE,2026-09-18T12:00:00-04:00,regular market,271.69000244140625,272.5400085449219,268.840087890625,270.3291015625,722056,0.0,0.0,True
BE,2026-09-18T12:30:00-04:00,regular market,270.4100036621094,274.44000244140625,270.1842041015625,272.7799987792969,801962,0.0,0.0,True
BE,2026-09-18T13:00:00-04:00,regular market,272.6744079589844,273.59991455078125,270.9599914550781,271.6700134277344,636646,0.0,0.0,True
BE,2026-09-18T13:30:00-04:00,regular market,271.67498779296875,273.8399963378906,271.2200012207031,273.17999267578125,663411,0.0,0.0,True
BE,2026-09-18T14:00:00-04:00,regular market,273.1300048828125,273.8599853515625,270.6700134277344,271.4849853515625,634636,0.0,0.0,True
BE,2026-09-18T14:30:00-04:00,regular market,271.510009765625,272.25,267.8699951171875,268.95001220703125,934764,0.0,0.0,True
BE,2026-09-18T15:00:00-04:00,regular market,269.0299987792969,274.94000244140625,267.17999267578125,274.239990234375,2047475,0.0,0.0,True
BE,2026-09-18T15:30:00-04:00,regular market,274.2200012207031,274.8999938964844,265.0,265.6099853515625,4299493,0.0,0.0,True
BE,2026-09-18T16:00:00-04:00,after hours,264.9037,268.94,264.4,267.35,0,0.0,0.0,False
BE,2026-09-18T16:30:00-04:00,after hours,267.46,267.53,265.63,267.05,0,0.0,0.0,False
BE,2026-09-18T17:00:00-04:00,after hours,266.88,267.45,265.63,267.1,0,0.0,0.0,False
BE,2026-09-18T17:30:00-04:00,after hours,267.2051,267.24,266.51,266.9,0,0.0,0.0,False
BE,2026-09-18T18:00:00-04:00,after hours,266.9,267.0,265.63,266.96,0,0.0,0.0,False
BE,2026-09-18T18:30:00-04:00,after hours,266.96,267.0,266.31,266.79,0,0.0,0.0,False
BE,2026-09-18T19:00:00-04:00,after hours,266.7,267.24,266.45,266.87,0,0.0,0.0,False
BE,2026-09-18T19:30:00-04:00,after hours,266.9242,267.7,266.69,267.0483,0,0.0,0.0,False
BE,2026-09-21T04:00:00-04:00,pre-market,271.27,275.3884,268.88,274.0491,0,0.0,0.0,False
BE,2026-09-21T04:30:00-04:00,pre-market,274.0,275.07,274.0,275.0,0,0.0,0.0,False
BE,2026-09-21T05:00:00-04:00,pre-market,274.84,275.8,274.32,274.32,0,0.0,0.0,False
BE,2026-09-21T05:30:00-04:00,pre-market,274.99,274.99,273.71,273.71,0,0.0,0.0,False
BE,2026-09-21T06:00:00-04:00,pre-market,273.64,275.08,273.64,274.97,0,0.0,0.0,False
BE,2026-09-21T06:30:00-04:00,pre-market,274.5,275.24,274.0,274.22,0,0.0,0.0,False
BE,2026-09-21T07:00:00-04:00,pre-market,274.22,274.52,271.76,272.5,0,0.0,0.0,False
BE,2026-09-21T07:30:00-04:00,pre-market,272.5,272.9,270.7911,272.17,0,0.0,0.0,False
BE,2026-09-21T08:00:00-04:00,pre-market,271.67,272.67,270.0578,270.14,0,0.0,0.0,False
BE,2026-09-21T08:30:00-04:00,pre-market,270.5,271.77,268.5,269.0321,0,0.0,0.0,False
BE,2026-09-21T09:00:00-04:00,pre-market,269.4,271.93,269.04,271.74,0,0.0,0.0,False
BE,2026-09-21T09:30:00-04:00,regular market,270.0,275.9898986816406,265.9700012207031,266.95001220703125,3306378,0.0,0.0,True
BE,2026-09-21T10:00:00-04:00,regular market,266.92498779296875,270.3999938964844,265.3599853515625,270.0,1134956,0.0,0.0,True
BE,2026-09-21T10:30:00-04:00,regular market,270.07000732421875,276.1400146484375,269.6700134277344,275.614990234375,1490688,0.0,0.0,True
BE,2026-09-21T11:00:00-04:00,regular market,275.6099853515625,279.6000061035156,275.0201110839844,279.4949951171875,1211180,0.0,0.0,True
BE,2026-09-21T11:30:00-04:00,regular market,279.5,282.0,276.7101135253906,278.8599853515625,1077706,0.0,0.0,True
BE,2026-09-21T12:00:00-04:00,regular market,278.989990234375,279.0,275.79998779296875,276.1700134277344,559734,0.0,0.0,True
BE,2026-09-21T12:30:00-04:00,regular market,276.3299865722656,276.69000244140625,273.94940185546875,275.20001220703125,544639,0.0,0.0,True
BE,2026-09-21T13:00:00-04:00,regular market,275.3399963378906,275.6499938964844,272.82000732421875,274.1400146484375,440935,0.0,0.0,True
BE,2026-09-21T13:30:00-04:00,regular market,274.2799987792969,277.0,273.877197265625,275.760009765625,490443,0.0,0.0,True
BE,2026-09-21T14:00:00-04:00,regular market,275.7699890136719,275.92999267578125,274.65008544921875,274.8999938964844,340826,0.0,0.0,True
BE,2026-09-21T14:30:00-04:00,regular market,274.9198913574219,275.9800109863281,274.0,274.80999755859375,419299,0.0,0.0,True
BE,2026-09-21T15:00:00-04:00,regular market,274.67999267578125,275.010009765625,271.0,271.6400146484375,635176,0.0,0.0,True
BE,2026-09-21T15:30:00-04:00,regular market,271.5799865722656,274.5,271.4649963378906,272.6700134277344,1292504,0.0,0.0,True
BE,2026-09-21T16:00:00-04:00,after hours,272.89,274.5504,272.26,272.71,0,0.0,0.0,False
BE,2026-09-21T16:30:00-04:00,after hours,272.5239,272.6,271.41,271.4445,0,0.0,0.0,False
BE,2026-09-21T17:00:00-04:00,after hours,272.0,272.34,271.59,271.9,0,0.0,0.0,False
BE,2026-09-21T17:30:00-04:00,after hours,271.7709,272.89,271.7709,272.3,0,0.0,0.0,False
BE,2026-09-21T18:00:00-04:00,after hours,272.3,273.1451,272.3,273.14,0,0.0,0.0,False
BE,2026-09-21T18:30:00-04:00,after hours,273.15,273.25,272.96,273.06,0,0.0,0.0,False
BE,2026-09-21T19:00:00-04:00,after hours,273.25,274.3193,273.25,274.0,0,0.0,0.0,False
BE,2026-09-21T19:30:00-04:00,after hours,274.0,274.34,273.8,273.98,0,0.0,0.0,False
BE,2026-09-22T04:00:00-04:00,pre-market,270.88,274.93,267.61,267.61,0,0.0,0.0,False
BE,2026-09-22T04:30:00-04:00,pre-market,267.5,274.0,267.4,273.94,0,0.0,0.0,False
BE,2026-09-22T05:00:00-04:00,pre-market,273.76,274.0,272.6234,273.5,0,0.0,0.0,False
BE,2026-09-22T05:30:00-04:00,pre-market,273.8,275.1,273.3,274.99,0,0.0,0.0,False
BE,2026-09-22T06:00:00-04:00,pre-market,274.79,276.0,274.0,274.8,0,0.0,0.0,False
BE,2026-09-22T06:30:00-04:00,pre-market,275.0,275.64,274.01,275.57,0,0.0,0.0,False
BE,2026-09-22T07:00:00-04:00,pre-market,275.16,275.7,273.5134,273.88,0,0.0,0.0,False
BE,2026-09-22T07:30:00-04:00,pre-market,273.72,275.4117,273.54,273.8661,0,0.0,0.0,False
BE,2026-09-22T08:00:00-04:00,pre-market,273.7,275.1736,273.0,275.036,0,0.0,0.0,False
BE,2026-09-22T08:30:00-04:00,pre-market,275.09,275.1561,274.02,274.49,0,0.0,0.0,False
BE,2026-09-22T09:00:00-04:00,pre-market,274.6,275.85,274.27,275.3899,0,0.0,0.0,False
BE,2026-09-22T09:30:00-04:00,regular market,274.1600036621094,280.7900085449219,268.9700012207031,277.9399108886719,2466642,0.0,0.0,True
BE,2026-09-22T10:00:00-04:00,regular market,277.340087890625,284.25,276.5799865722656,280.2200012207031,1306369,0.0,0.0,True
BE,2026-09-22T10:30:00-04:00,regular market,280.2699890136719,283.19989013671875,276.5000915527344,277.3999938964844,1041171,0.0,0.0,True
BE,2026-09-22T11:00:00-04:00,regular market,277.42999267578125,280.5199890136719,276.8276062011719,277.3949890136719,570337,0.0,0.0,True
BE,2026-09-22T11:30:00-04:00,regular market,277.6199951171875,280.19000244140625,277.2900085449219,278.3500061035156,571325,0.0,0.0,True
BE,2026-09-22T12:00:00-04:00,regular market,278.5,278.7799987792969,274.6300048828125,275.15869140625,580842,0.0,0.0,True
BE,2026-09-22T12:30:00-04:00,regular market,275.510009765625,277.0400085449219,274.79998779296875,276.6700134277344,358642,0.0,0.0,True
BE,2026-09-22T13:00:00-04:00,regular market,276.6099853515625,277.7799987792969,276.04180908203125,277.66009521484375,287934,0.0,0.0,True
BE,2026-09-22T13:30:00-04:00,regular market,277.7200012207031,278.29998779296875,276.20001220703125,277.7449951171875,350798,0.0,0.0,True
BE,2026-09-22T14:00:00-04:00,regular market,277.7349853515625,278.1000061035156,276.73858642578125,277.7300109863281,264602,0.0,0.0,True
BE,2026-09-22T14:30:00-04:00,regular market,277.70001220703125,277.7900085449219,275.56109619140625,275.8599853515625,296112,0.0,0.0,True
BE,2026-09-22T15:00:00-04:00,regular market,275.8349914550781,276.70001220703125,274.0201110839844,274.1199951171875,400723,0.0,0.0,True
BE,2026-09-22T15:30:00-04:00,regular market,274.2099914550781,277.5299987792969,273.0,276.45001220703125,830835,0.0,0.0,True
BE,2026-09-22T16:00:00-04:00,after hours,276.53,277.9125,275.39,276.51,0,0.0,0.0,False
BE,2026-09-22T16:30:00-04:00,after hours,276.55,276.55,276.2532,276.3,0,0.0,0.0,False
BE,2026-09-22T17:00:00-04:00,after hours,276.53,276.53,174.9576,276.3,0,0.0,0.0,False
BE,2026-09-22T17:30:00-04:00,after hours,276.54,276.54,276.027,276.08,0,0.0,0.0,False
BE,2026-09-22T18:00:00-04:00,after hours,276.2671,276.9225,276.13,276.9225,0,0.0,0.0,False
BE,2026-09-22T18:30:00-04:00,after hours,276.5043,277.0,276.5043,276.8127,0,0.0,0.0,False
BE,2026-09-22T19:00:00-04:00,after hours,276.71,277.4468,276.71,277.3868,0,0.0,0.0,False
BE,2026-09-22T19:30:00-04:00,after hours,277.3,277.49,277.04,277.38,0,0.0,0.0,False
BE,2026-09-23T04:00:00-04:00,pre-market,276.5043,283.0,276.0,281.7477,0,0.0,0.0,False
BE,2026-09-23T04:30:00-04:00,pre-market,281.44,281.48,279.6,279.66,0,0.0,0.0,False
BE,2026-09-23T05:00:00-04:00,pre-market,280.1431,280.15,279.11,280.09,0,0.0,0.0,False
BE,2026-09-23T05:30:00-04:00,pre-market,280.48,280.9,279.78,280.42,0,0.0,0.0,False
BE,2026-09-23T06:00:00-04:00,pre-market,280.18,280.98,279.88,279.88,0,0.0,0.0,False
BE,2026-09-23T06:30:00-04:00,pre-market,280.12,280.12,279.7,279.75,0,0.0,0.0,False
BE,2026-09-23T07:00:00-04:00,pre-market,280.2,280.4535,276.56,276.58,0,0.0,0.0,False
BE,2026-09-23T07:30:00-04:00,pre-market,276.59,276.8313,275.1,275.6,0,0.0,0.0,False
BE,2026-09-23T08:00:00-04:00,pre-market,275.77,275.77,273.0,274.95,0,0.0,0.0,False
BE,2026-09-23T08:30:00-04:00,pre-market,274.05,275.95,274.05,275.7,0,0.0,0.0,False
BE,2026-09-23T09:00:00-04:00,pre-market,275.25,276.0,274.8,276.0,0,0.0,0.0,False
BE,2026-09-23T09:30:00-04:00,regular market,276.9649963378906,280.4239501953125,271.67999267578125,279.0,1571911,0.0,0.0,True
BE,2026-09-23T10:00:00-04:00,regular market,278.8999938964844,282.635009765625,274.6700134277344,277.3599853515625,1104983,0.0,0.0,True
BE,2026-09-23T10:30:00-04:00,regular market,277.4200134277344,278.39990234375,274.30999755859375,275.2799987792969,640627,0.0,0.0,True
BE,2026-09-23T11:00:00-04:00,regular market,275.3450012207031,278.70001220703125,275.03009033203125,277.4200134277344,460763,0.0,0.0,True
BE,2026-09-23T11:30:00-04:00,regular market,277.5,277.6400146484375,274.57000732421875,275.4700012207031,389359,0.0,0.0,True
BE,2026-09-23T12:00:00-04:00,regular market,275.32000732421875,275.45001220703125,273.68011474609375,275.0299987792969,362179,0.0,0.0,True
BE,2026-09-23T12:30:00-04:00,regular market,275.1023864746094,276.3971862792969,274.25,274.45001220703125,328526,0.0,0.0,True
BE,2026-09-23T13:00:00-04:00,regular market,274.5,274.55999755859375,271.0249938964844,273.0899963378906,485049,0.0,0.0,True
BE,2026-09-23T13:30:00-04:00,regular market,272.94000244140625,275.9798889160156,272.8999938964844,275.6650085449219,310921,0.0,0.0,True
BE,2026-09-23T14:00:00-04:00,regular market,275.69000244140625,275.8900146484375,273.29998779296875,274.3999938964844,215253,0.0,0.0,True
BE,2026-09-23T14:30:00-04:00,regular market,274.44000244140625,274.6700134277344,273.1000061035156,274.3399963378906,293160,0.0,0.0,True
BE,2026-09-23T15:00:00-04:00,regular market,274.2099914550781,275.19000244140625,273.19000244140625,274.510009765625,334497,0.0,0.0,True
BE,2026-09-23T15:30:00-04:00,regular market,274.4949951171875,275.3999938964844,273.7799987792969,275.1700134277344,613385,0.0,0.0,True
BE,2026-09-23T16:00:00-04:00,after hours,274.915,275.88,274.77,274.84,0,0.0,0.0,False
BE,2026-09-23T16:30:00-04:00,after hours,274.42,275.19,274.42,274.8545,0,0.0,0.0,False
BE,2026-09-23T17:00:00-04:00,after hours,275.13,275.13,274.5008,274.5008,0,0.0,0.0,False
BE,2026-09-23T17:30:00-04:00,after hours,274.5738,274.85,274.4866,274.8,0,0.0,0.0,False
BE,2026-09-23T18:00:00-04:00,after hours,274.8,275.5,274.6391,275.5,0,0.0,0.0,False
BE,2026-09-23T18:30:00-04:00,after hours,275.5,275.5,275.19,275.35,0,0.0,0.0,False
BE,2026-09-23T19:00:00-04:00,after hours,275.394,275.5,275.1647,275.1647,0,0.0,0.0,False
BE,2026-09-23T19:30:00-04:00,after hours,275.2,275.57,275.15,275.57,0,0.0,0.0,False
BE,2026-09-24T04:00:00-04:00,pre-market,271.3427,274.2,266.12,266.86,0,0.0,0.0,False
BE,2026-09-24T04:30:00-04:00,pre-market,266.84,268.1,264.1,266.2,0,0.0,0.0,False
BE,2026-09-24T05:00:00-04:00,pre-market,266.2657,266.97,265.3401,265.65,0,0.0,0.0,False
BE,2026-09-24T05:30:00-04:00,pre-market,265.83,266.25,264.45,266.0,0,0.0,0.0,False
BE,2026-09-24T06:00:00-04:00,pre-market,266.97,268.0,266.15,266.97,0,0.0,0.0,False
BE,2026-09-24T06:30:00-04:00,pre-market,267.0,268.8,267.0,268.11,0,0.0,0.0,False
BE,2026-09-24T07:00:00-04:00,pre-market,268.7,270.2,268.0,269.01,0,0.0,0.0,False
BE,2026-09-24T07:30:00-04:00,pre-market,269.75,270.0,268.0,268.15,0,0.0,0.0,False
BE,2026-09-24T08:00:00-04:00,pre-market,268.25,270.3,259.1,259.1,0,0.0,0.0,False
BE,2026-09-24T08:30:00-04:00,pre-market,259.1,261.99,255.56,261.14,0,0.0,0.0,False
BE,2026-09-24T09:00:00-04:00,pre-market,261.4,261.51,258.88,259.7,0,0.0,0.0,False
BE,2026-09-24T09:30:00-04:00,regular market,256.0,263.2349853515625,251.3000030517578,259.010009765625,4763845,0.0,0.0,True
BMNR,2026-09-18T04:00:00-04:00,pre-market,24.52,24.78,24.24,24.66,0,0.0,0.0,False
BMNR,2026-09-18T04:30:00-04:00,pre-market,24.66,24.8,24.63,24.8,0,0.0,0.0,False
BMNR,2026-09-18T05:00:00-04:00,pre-market,24.8,24.93,24.74,24.7484,0,0.0,0.0,False
BMNR,2026-09-18T05:30:00-04:00,pre-market,24.77,24.79,24.6407,24.77,0,0.0,0.0,False
BMNR,2026-09-18T06:00:00-04:00,pre-market,24.77,24.87,24.76,24.8695,0,0.0,0.0,False
BMNR,2026-09-18T06:30:00-04:00,pre-market,24.869,24.89,24.8,24.845,0,0.0,0.0,False
BMNR,2026-09-18T07:00:00-04:00,pre-market,24.845,24.9,24.58,24.699,0,0.0,0.0,False
BMNR,2026-09-18T07:30:00-04:00,pre-market,24.7,24.89,24.68,24.76,0,0.0,0.0,False
BMNR,2026-09-18T08:00:00-04:00,pre-market,24.78,24.83,24.65,24.7,0,0.0,0.0,False
BMNR,2026-09-18T08:30:00-04:00,pre-market,24.7,24.8,24.66,24.69,0,0.0,0.0,False
BMNR,2026-09-18T09:00:00-04:00,pre-market,24.68,24.71,24.6,24.69,0,0.0,0.0,False
BMNR,2026-09-18T09:30:00-04:00,regular market,24.829999923706055,25.709999084472656,24.760000228881836,25.399900436401367,10740683,0.0,0.0,True
BMNR,2026-09-18T10:00:00-04:00,regular market,25.395000457763672,25.809999465942383,25.222000122070312,25.6299991607666,5489201,0.0,0.0,True
BMNR,2026-09-18T10:30:00-04:00,regular market,25.635000228881836,25.8799991607666,25.479999542236328,25.868600845336914,3291162,0.0,0.0,True
BMNR,2026-09-18T11:00:00-04:00,regular market,25.8700008392334,25.899999618530273,25.59320068359375,25.760000228881836,3223588,0.0,0.0,True
BMNR,2026-09-18T11:30:00-04:00,regular market,25.760000228881836,25.760000228881836,25.434999465942383,25.604999542236328,3383707,0.0,0.0,True
BMNR,2026-09-18T12:00:00-04:00,regular market,25.604999542236328,25.875,25.54050064086914,25.834999084472656,2527796,0.0,0.0,True
BMNR,2026-09-18T12:30:00-04:00,regular market,25.84000015258789,25.950000762939453,25.610000610351562,25.725000381469727,1798854,0.0,0.0,True
BMNR,2026-09-18T13:00:00-04:00,regular market,25.725000381469727,25.78499984741211,25.540000915527344,25.704999923706055,1267504,0.0,0.0,True
BMNR,2026-09-18T13:30:00-04:00,regular market,25.700000762939453,26.049999237060547,25.59000015258789,26.014999389648438,2036250,0.0,0.0,True
BMNR,2026-09-18T14:00:00-04:00,regular market,26.010000228881836,26.1200008392334,25.924800872802734,26.075000762939453,1860661,0.0,0.0,True
BMNR,2026-09-18T14:30:00-04:00,regular market,26.075000762939453,26.15999984741211,25.969999313354492,26.065000534057617,2359773,0.0,0.0,True
BMNR,2026-09-18T15:00:00-04:00,regular market,26.069900512695312,26.3700008392334,26.040000915527344,26.28499984741211,4637817,0.0,0.0,True
BMNR,2026-09-18T15:30:00-04:00,regular market,26.280000686645508,26.280000686645508,25.94499969482422,25.959999084472656,8951447,0.0,0.0,True
BMNR,2026-09-18T16:00:00-04:00,after hours,25.99,26.01,25.67,25.7918,0,0.0,0.0,False
BMNR,2026-09-18T16:30:00-04:00,after hours,25.82,25.99,25.79,25.9,0,0.0,0.0,False
BMNR,2026-09-18T17:00:00-04:00,after hours,25.9,25.99,25.88,25.91,0,0.0,0.0,False
BMNR,2026-09-18T17:30:00-04:00,after hours,25.9001,25.96,25.85,25.941,0,0.0,0.0,False
BMNR,2026-09-18T18:00:00-04:00,after hours,25.94,26.0358,25.88,26.03,0,0.0,0.0,False
BMNR,2026-09-18T18:30:00-04:00,after hours,26.01,26.03,25.83,25.8439,0,0.0,0.0,False
BMNR,2026-09-18T19:00:00-04:00,after hours,25.8538,25.93,25.84,25.88,0,0.0,0.0,False
BMNR,2026-09-18T19:30:00-04:00,after hours,25.88,25.88,25.76,25.8488,0,0.0,0.0,False
BMNR,2026-09-21T04:00:00-04:00,pre-market,26.56,26.89,26.26,26.88,0,0.0,0.0,False
BMNR,2026-09-21T04:30:00-04:00,pre-market,26.87,27.3,26.85,27.05,0,0.0,0.0,False
BMNR,2026-09-21T05:00:00-04:00,pre-market,27.09,27.42,27.01,27.4,0,0.0,0.0,False
BMNR,2026-09-21T05:30:00-04:00,pre-market,27.4,27.7,27.26,27.27,0,0.0,0.0,False
BMNR,2026-09-21T06:00:00-04:00,pre-market,27.27,27.32,27.17,27.1956,0,0.0,0.0,False
BMNR,2026-09-21T06:30:00-04:00,pre-market,27.19,27.23,27.13,27.215,0,0.0,0.0,False
BMNR,2026-09-21T07:00:00-04:00,pre-market,27.215,27.37,27.19,27.34,0,0.0,0.0,False
BMNR,2026-09-21T07:30:00-04:00,pre-market,27.34,27.42,27.31,27.39,0,0.0,0.0,False
BMNR,2026-09-21T08:00:00-04:00,pre-market,27.37,27.5,27.27,27.34,0,0.0,0.0,False
BMNR,2026-09-21T08:30:00-04:00,pre-market,27.3315,27.57,27.33,27.51,0,0.0,0.0,False
BMNR,2026-09-21T09:00:00-04:00,pre-market,27.51,27.6351,27.45,27.46,0,0.0,0.0,False
BMNR,2026-09-21T09:30:00-04:00,regular market,27.559999465942383,28.05500030517578,27.079999923706055,27.475000381469727,15961103,0.0,0.0,True
BMNR,2026-09-21T10:00:00-04:00,regular market,27.485000610351562,27.610000610351562,27.270000457763672,27.549999237060547,3409824,0.0,0.0,True
BMNR,2026-09-21T10:30:00-04:00,regular market,27.545000076293945,27.709999084472656,27.290000915527344,27.440000534057617,2725795,0.0,0.0,True
BMNR,2026-09-21T11:00:00-04:00,regular market,27.43000030517578,27.68000030517578,27.402000427246094,27.43323516845703,1879847,0.0,0.0,True
BMNR,2026-09-21T11:30:00-04:00,regular market,27.43000030517578,27.559999465942383,27.334999084472656,27.47719955444336,2108073,0.0,0.0,True
BMNR,2026-09-21T12:00:00-04:00,regular market,27.469999313354492,27.739999771118164,27.420499801635742,27.71500015258789,2979920,0.0,0.0,True
BMNR,2026-09-21T12:30:00-04:00,regular market,27.71500015258789,27.940000534057617,27.514999389648438,27.825000762939453,1677972,0.0,0.0,True
BMNR,2026-09-21T13:00:00-04:00,regular market,27.825000762939453,27.875,27.670000076293945,27.704999923706055,1397272,0.0,0.0,True
BMNR,2026-09-21T13:30:00-04:00,regular market,27.709999084472656,27.829999923706055,27.540300369262695,27.658100128173828,1231624,0.0,0.0,True
BMNR,2026-09-21T14:00:00-04:00,regular market,27.665000915527344,27.895000457763672,27.625,27.8799991607666,1160004,0.0,0.0,True
BMNR,2026-09-21T14:30:00-04:00,regular market,27.889999389648438,27.979999542236328,27.770000457763672,27.934999465942383,1268713,0.0,0.0,True
BMNR,2026-09-21T15:00:00-04:00,regular market,27.940000534057617,28.299999237060547,27.940000534057617,28.184999465942383,2897878,0.0,0.0,True
BMNR,2026-09-21T15:30:00-04:00,regular market,28.184999465942383,28.329999923706055,28.0,28.235000610351562,5597992,0.0,0.0,True
BMNR,2026-09-21T16:00:00-04:00,after hours,28.25,28.6,28.18,28.5993,0,0.0,0.0,False
BMNR,2026-09-21T16:30:00-04:00,after hours,28.59,28.6,28.25,28.4392,0,0.0,0.0,False
BMNR,2026-09-21T17:00:00-04:00,after hours,28.4338,28.4338,28.25,28.4,0,0.0,0.0,False
BMNR,2026-09-21T17:30:00-04:00,after hours,28.3468,28.44,28.25,28.35,0,0.0,0.0,False
BMNR,2026-09-21T18:00:00-04:00,after hours,28.3588,28.43,28.25,28.25,0,0.0,0.0,False
BMNR,2026-09-21T18:30:00-04:00,after hours,28.26,28.38,28.2305,28.3799,0,0.0,0.0,False
BMNR,2026-09-21T19:00:00-04:00,after hours,28.37,28.52,28.37,28.42,0,0.0,0.0,False
BMNR,2026-09-21T19:30:00-04:00,after hours,28.42,28.52,28.38,28.51,0,0.0,0.0,False
BMNR,2026-09-22T04:00:00-04:00,pre-market,27.56,27.83,27.35,27.42,0,0.0,0.0,False
BMNR,2026-09-22T04:30:00-04:00,pre-market,27.41,28.08,27.37,28.0174,0,0.0,0.0,False
BMNR,2026-09-22T05:00:00-04:00,pre-market,27.96,27.96,27.73,27.81,0,0.0,0.0,False
BMNR,2026-09-22T05:30:00-04:00,pre-market,27.82,28.08,27.78,28.06,0,0.0,0.0,False
BMNR,2026-09-22T06:00:00-04:00,pre-market,28.06,28.13,27.96,28.03,0,0.0,0.0,False
BMNR,2026-09-22T06:30:00-04:00,pre-market,28.0,28.15,27.94,28.08,0,0.0,0.0,False
BMNR,2026-09-22T07:00:00-04:00,pre-market,28.09,28.15,27.9,27.91,0,0.0,0.0,False
BMNR,2026-09-22T07:30:00-04:00,pre-market,27.9365,27.95,27.74,27.7984,0,0.0,0.0,False
BMNR,2026-09-22T08:00:00-04:00,pre-market,27.84,27.9226,27.78,27.9226,0,0.0,0.0,False
BMNR,2026-09-22T08:30:00-04:00,pre-market,27.914,28.0,27.9,27.9819,0,0.0,0.0,False
BMNR,2026-09-22T09:00:00-04:00,pre-market,27.9897,28.13,27.9788,28.05,0,0.0,0.0,False
BMNR,2026-09-22T09:30:00-04:00,regular market,27.979999542236328,28.440000534057617,27.790000915527344,28.248600006103516,7771811,0.0,0.0,True
BMNR,2026-09-22T10:00:00-04:00,regular market,28.25,28.364999771118164,27.93000030517578,28.100000381469727,3059421,0.0,0.0,True
BMNR,2026-09-22T10:30:00-04:00,regular market,28.109500885009766,28.110000610351562,27.719999313354492,27.915000915527344,2805567,0.0,0.0,True
BMNR,2026-09-22T11:00:00-04:00,regular market,27.920000076293945,28.170000076293945,27.8799991607666,28.104999542236328,3100569,0.0,0.0,True
BMNR,2026-09-22T11:30:00-04:00,regular market,28.100000381469727,28.329999923706055,27.885000228881836,27.934999465942383,2808844,0.0,0.0,True
BMNR,2026-09-22T12:00:00-04:00,regular market,27.940000534057617,28.155000686645508,27.8700008392334,27.954999923706055,3686832,0.0,0.0,True
BMNR,2026-09-22T12:30:00-04:00,regular market,27.950000762939453,28.3700008392334,27.950000762939453,28.325000762939453,1326763,0.0,0.0,True
BMNR,2026-09-22T13:00:00-04:00,regular market,28.3257999420166,28.549999237060547,28.28499984741211,28.54840087890625,1639106,0.0,0.0,True
BMNR,2026-09-22T13:30:00-04:00,regular market,28.545000076293945,28.6200008392334,28.430999755859375,28.59000015258789,1379027,0.0,0.0,True
BMNR,2026-09-22T14:00:00-04:00,regular market,28.58989906311035,28.655000686645508,28.469999313354492,28.55500030517578,1411047,0.0,0.0,True
BMNR,2026-09-22T14:30:00-04:00,regular market,28.55500030517578,28.68000030517578,28.520099639892578,28.674999237060547,1138973,0.0,0.0,True
BMNR,2026-09-22T15:00:00-04:00,regular market,28.674999237060547,28.860000610351562,28.665000915527344,28.774999618530273,1701451,0.0,0.0,True
BMNR,2026-09-22T15:30:00-04:00,regular market,28.774999618530273,28.780000686645508,28.5,28.7450008392334,3231598,0.0,0.0,True
BMNR,2026-09-22T16:00:00-04:00,after hours,28.75,28.78,28.66,28.78,0,0.0,0.0,False
BMNR,2026-09-22T16:30:00-04:00,after hours,28.7934,28.7934,28.7,28.7295,0,0.0,0.0,False
BMNR,2026-09-22T17:00:00-04:00,after hours,28.72,28.73,28.65,28.6638,0,0.0,0.0,False
BMNR,2026-09-22T17:30:00-04:00,after hours,28.6503,28.73,28.6503,28.67,0,0.0,0.0,False
BMNR,2026-09-22T18:00:00-04:00,after hours,28.69,28.7,28.57,28.6397,0,0.0,0.0,False
BMNR,2026-09-22T18:30:00-04:00,after hours,28.63,28.74,28.63,28.674,0,0.0,0.0,False
BMNR,2026-09-22T19:00:00-04:00,after hours,28.67,28.9,28.67,28.8388,0,0.0,0.0,False
BMNR,2026-09-22T19:30:00-04:00,after hours,28.83,28.8623,28.76,28.86,0,0.0,0.0,False
BMNR,2026-09-23T04:00:00-04:00,pre-market,28.99,29.38,28.47,28.7,0,0.0,0.0,False
BMNR,2026-09-23T04:30:00-04:00,pre-market,28.75,28.8186,28.3857,28.52,0,0.0,0.0,False
BMNR,2026-09-23T05:00:00-04:00,pre-market,28.55,28.71,28.55,28.68,0,0.0,0.0,False
BMNR,2026-09-23T05:30:00-04:00,pre-market,28.62,28.62,28.45,28.53,0,0.0,0.0,False
BMNR,2026-09-23T06:00:00-04:00,pre-market,28.53,28.56,28.38,28.462,0,0.0,0.0,False
BMNR,2026-09-23T06:30:00-04:00,pre-market,28.49,28.62,28.48,28.58,0,0.0,0.0,False
BMNR,2026-09-23T07:00:00-04:00,pre-market,28.6,28.6286,28.1,28.12,0,0.0,0.0,False
BMNR,2026-09-23T07:30:00-04:00,pre-market,28.14,28.18,27.98,28.1131,0,0.0,0.0,False
BMNR,2026-09-23T08:00:00-04:00,pre-market,28.11,28.13,27.94,28.1,0,0.0,0.0,False
BMNR,2026-09-23T08:30:00-04:00,pre-market,28.12,28.15,27.982,28.02,0,0.0,0.0,False
BMNR,2026-09-23T09:00:00-04:00,pre-market,28.02,28.03,27.9,27.96,0,0.0,0.0,False
BMNR,2026-09-23T09:30:00-04:00,regular market,28.18000030517578,28.55500030517578,28.03499984741211,28.14900016784668,5863989,0.0,0.0,True
BMNR,2026-09-23T10:00:00-04:00,regular market,28.139999389648438,28.325000762939453,27.385000228881836,27.40999984741211,4956504,0.0,0.0,True
BMNR,2026-09-23T10:30:00-04:00,regular market,27.405000686645508,27.899999618530273,27.299999237060547,27.7893009185791,3049291,0.0,0.0,True
BMNR,2026-09-23T11:00:00-04:00,regular market,27.78499984741211,27.989999771118164,27.719999313354492,27.885000228881836,1648813,0.0,0.0,True
BMNR,2026-09-23T11:30:00-04:00,regular market,27.885000228881836,27.889999389648438,27.469999313354492,27.4950008392334,1812343,0.0,0.0,True
BMNR,2026-09-23T12:00:00-04:00,regular market,27.489999771118164,27.649999618530273,27.309999465942383,27.570499420166016,2134846,0.0,0.0,True
BMNR,2026-09-23T12:30:00-04:00,regular market,27.575000762939453,27.670000076293945,27.3799991607666,27.420000076293945,1408337,0.0,0.0,True
BMNR,2026-09-23T13:00:00-04:00,regular market,27.420000076293945,27.549999237060547,27.34000015258789,27.430400848388672,1285720,0.0,0.0,True
BMNR,2026-09-23T13:30:00-04:00,regular market,27.43000030517578,27.655000686645508,27.40999984741211,27.614999771118164,1145685,0.0,0.0,True
BMNR,2026-09-23T14:00:00-04:00,regular market,27.614999771118164,27.6299991607666,27.489999771118164,27.510900497436523,704149,0.0,0.0,True
BMNR,2026-09-23T14:30:00-04:00,regular market,27.510000228881836,27.674999237060547,27.415000915527344,27.639999389648438,1000779,0.0,0.0,True
BMNR,2026-09-23T15:00:00-04:00,regular market,27.639999389648438,27.709999084472656,27.469999313354492,27.625,1282440,0.0,0.0,True
BMNR,2026-09-23T15:30:00-04:00,regular market,27.625,27.665000915527344,27.40999984741211,27.450000762939453,3201575,0.0,0.0,True
BMNR,2026-09-23T16:00:00-04:00,after hours,27.46,27.52,27.4,27.4073,0,0.0,0.0,False
BMNR,2026-09-23T16:30:00-04:00,after hours,27.4489,27.52,27.4377,27.4477,0,0.0,0.0,False
BMNR,2026-09-23T17:00:00-04:00,after hours,27.4448,27.59,27.4448,27.51,0,0.0,0.0,False
BMNR,2026-09-23T17:30:00-04:00,after hours,27.4818,27.55,27.4818,27.54,0,0.0,0.0,False
BMNR,2026-09-23T18:00:00-04:00,after hours,27.57,27.85,27.5503,27.8,0,0.0,0.0,False
BMNR,2026-09-23T18:30:00-04:00,after hours,27.79,27.87,27.75,27.82,0,0.0,0.0,False
BMNR,2026-09-23T19:00:00-04:00,after hours,27.825,27.84,27.75,27.75,0,0.0,0.0,False
BMNR,2026-09-23T19:30:00-04:00,after hours,27.75,27.7623,27.66,27.69,0,0.0,0.0,False
BMNR,2026-09-24T04:00:00-04:00,pre-market,27.4857,27.72,27.19,27.19,0,0.0,0.0,False
BMNR,2026-09-24T04:30:00-04:00,pre-market,27.18,27.31,26.89,27.13,0,0.0,0.0,False
BMNR,2026-09-24T05:00:00-04:00,pre-market,27.16,27.19,26.98,26.98,0,0.0,0.0,False
BMNR,2026-09-24T05:30:00-04:00,pre-market,26.97,26.97,26.76,26.94,0,0.0,0.0,False
BMNR,2026-09-24T06:00:00-04:00,pre-market,26.93,27.02,26.92,26.92,0,0.0,0.0,False
BMNR,2026-09-24T06:30:00-04:00,pre-market,26.91,26.99,26.9,26.92,0,0.0,0.0,False
BMNR,2026-09-24T07:00:00-04:00,pre-market,26.91,27.0136,26.9,26.94,0,0.0,0.0,False
BMNR,2026-09-24T07:30:00-04:00,pre-market,26.94,26.95,26.84,26.95,0,0.0,0.0,False
BMNR,2026-09-24T08:00:00-04:00,pre-market,26.94,27.052,26.84,26.9995,0,0.0,0.0,False
BMNR,2026-09-24T08:30:00-04:00,pre-market,27.0,27.03,26.86,27.0056,0,0.0,0.0,False
BMNR,2026-09-24T09:00:00-04:00,pre-market,27.01,27.21,27.01,27.19,0,0.0,0.0,False
BMNR,2026-09-24T09:30:00-04:00,regular market,27.204999923706055,28.05500030517578,27.149999618530273,27.3799991607666,4640696,0.0,0.0,True
BMRN,2026-09-18T04:00:00-04:00,pre-market,65.08,65.08,65.08,65.08,0,0.0,0.0,False
BMRN,2026-09-18T04:30:00-04:00,pre-market,64.7,64.73,64.7,64.7,0,0.0,0.0,False
BMRN,2026-09-18T07:00:00-04:00,pre-market,65.59,65.59,65.1,65.1,0,0.0,0.0,False
BMRN,2026-09-18T08:00:00-04:00,pre-market,64.847,65.2,64.8,64.8,0,0.0,0.0,False
BMRN,2026-09-18T08:30:00-04:00,pre-market,64.9,64.9,64.9,64.9,0,0.0,0.0,False
BMRN,2026-09-18T09:00:00-04:00,pre-market,64.76,65.0,64.76,65.0,0,0.0,0.0,False
BMRN,2026-09-18T09:30:00-04:00,regular market,65.25,65.29000091552734,64.75,64.98999786376953,273881,0.0,0.0,True
BMRN,2026-09-18T10:00:00-04:00,regular market,64.9749984741211,65.19000244140625,64.75,64.91999816894531,178485,0.0,0.0,True
BMRN,2026-09-18T10:30:00-04:00,regular market,64.91999816894531,65.05999755859375,64.66000366210938,64.87999725341797,58767,0.0,0.0,True
BMRN,2026-09-18T11:00:00-04:00,regular market,64.86499786376953,64.87999725341797,64.70999908447266,64.81999969482422,27674,0.0,0.0,True
BMRN,2026-09-18T11:30:00-04:00,regular market,64.80500030517578,64.96499633789062,64.69010162353516,64.77999877929688,56236,0.0,0.0,True
BMRN,2026-09-18T12:00:00-04:00,regular market,64.74500274658203,64.75,64.53500366210938,64.7300033569336,42781,0.0,0.0,True
BMRN,2026-09-18T12:30:00-04:00,regular market,64.70999908447266,64.73999786376953,64.53500366210938,64.66500091552734,53703,0.0,0.0,True
BMRN,2026-09-18T13:00:00-04:00,regular market,64.66500091552734,64.66500091552734,64.52999877929688,64.55999755859375,33027,0.0,0.0,True
BMRN,2026-09-18T13:30:00-04:00,regular market,64.52999877929688,64.83000183105469,64.5,64.80000305175781,46742,0.0,0.0,True
BMRN,2026-09-18T14:00:00-04:00,regular market,64.79000091552734,64.80000305175781,64.62000274658203,64.72000122070312,49436,0.0,0.0,True
BMRN,2026-09-18T14:30:00-04:00,regular market,64.73999786376953,64.77999877929688,64.62999725341797,64.69989776611328,41921,0.0,0.0,True
BMRN,2026-09-18T15:00:00-04:00,regular market,64.69499969482422,64.73500061035156,64.54000091552734,64.61000061035156,74855,0.0,0.0,True
BMRN,2026-09-18T15:30:00-04:00,regular market,64.62999725341797,64.68000030517578,63.869998931884766,63.91999816894531,631524,0.0,0.0,True
BMRN,2026-09-18T16:00:00-04:00,after hours,63.96,64.15,63.935,63.94,0,0.0,0.0,False
BMRN,2026-09-18T16:30:00-04:00,after hours,63.94,63.94,63.94,63.94,0,0.0,0.0,False
BMRN,2026-09-18T18:00:00-04:00,after hours,64.2999,64.2999,64.2999,64.2999,0,0.0,0.0,False
BMRN,2026-09-18T18:30:00-04:00,after hours,63.9,64.0,63.9,64.0,0,0.0,0.0,False
BMRN,2026-09-18T19:30:00-04:00,after hours,63.9375,63.9375,63.9375,63.9375,0,0.0,0.0,False
BMRN,2026-09-21T04:30:00-04:00,pre-market,64.7,64.7,64.2,64.43,0,0.0,0.0,False
BMRN,2026-09-21T08:00:00-04:00,pre-market,64.5,64.5,64.5,64.5,0,0.0,0.0,False
BMRN,2026-09-21T08:30:00-04:00,pre-market,64.3,64.5,64.14,64.2,0,0.0,0.0,False
BMRN,2026-09-21T09:00:00-04:00,pre-market,64.5,64.5,64.5,64.5,0,0.0,0.0,False
BMRN,2026-09-21T09:30:00-04:00,regular market,64.3499984741211,64.3949966430664,63.58000183105469,64.37999725341797,117212,0.0,0.0,True
BMRN,2026-09-21T10:00:00-04:00,regular market,64.44999694824219,64.9000015258789,64.25,64.75,121724,0.0,0.0,True
BMRN,2026-09-21T10:30:00-04:00,regular market,64.77999877929688,64.95999908447266,64.30500030517578,64.30500030517578,67971,0.0,0.0,True
BMRN,2026-09-21T11:00:00-04:00,regular market,64.30500030517578,64.30500030517578,63.875,63.915000915527344,95559,0.0,0.0,True
BMRN,2026-09-21T11:30:00-04:00,regular market,63.93000030517578,64.28500366210938,63.91999816894531,64.22000122070312,52479,0.0,0.0,True
BMRN,2026-09-21T12:00:00-04:00,regular market,64.2249984741211,64.30999755859375,64.04000091552734,64.25499725341797,87366,0.0,0.0,True
BMRN,2026-09-21T12:30:00-04:00,regular market,64.25499725341797,64.34500122070312,64.01000213623047,64.05999755859375,111504,0.0,0.0,True
BMRN,2026-09-21T13:00:00-04:00,regular market,64.05999755859375,64.2750015258789,64.0199966430664,64.19999694824219,53629,0.0,0.0,True
BMRN,2026-09-21T13:30:00-04:00,regular market,64.18000030517578,64.24500274658203,64.08000183105469,64.24500274658203,49720,0.0,0.0,True
BMRN,2026-09-21T14:00:00-04:00,regular market,64.23999786376953,64.41500091552734,64.19499969482422,64.22000122070312,69589,0.0,0.0,True
BMRN,2026-09-21T14:30:00-04:00,regular market,64.22000122070312,64.25499725341797,64.08999633789062,64.16000366210938,68672,0.0,0.0,True
BMRN,2026-09-21T15:00:00-04:00,regular market,64.16500091552734,64.31999969482422,64.0999984741211,64.22000122070312,91094,0.0,0.0,True
BMRN,2026-09-21T15:30:00-04:00,regular market,64.2300033569336,64.26000213623047,64.0,64.0,289942,0.0,0.0,True
BMRN,2026-09-21T16:00:00-04:00,after hours,64.058,64.08,64.058,64.06,0,0.0,0.0,False
BMRN,2026-09-21T16:30:00-04:00,after hours,64.96,64.96,64.96,64.96,0,0.0,0.0,False
BMRN,2026-09-21T19:30:00-04:00,after hours,64.95,65.0,64.95,65.0,0,0.0,0.0,False
BMRN,2026-09-22T07:00:00-04:00,pre-market,64.25,64.25,64.25,64.25,0,0.0,0.0,False
BMRN,2026-09-22T07:30:00-04:00,pre-market,64.06,64.98,64.06,64.98,0,0.0,0.0,False
BMRN,2026-09-22T08:00:00-04:00,pre-market,62.22,64.7,53.55,53.55,0,0.0,0.0,False
BMRN,2026-09-22T08:30:00-04:00,pre-market,55.47,55.47,55.47,55.47,0,0.0,0.0,False
BMRN,2026-09-22T09:00:00-04:00,pre-market,64.47,64.98,64.06,64.98,0,0.0,0.0,False
BMRN,2026-09-22T09:30:00-04:00,regular market,64.33999633789062,64.59500122070312,63.38999938964844,63.650001525878906,99709,0.0,0.0,True
BMRN,2026-09-22T10:00:00-04:00,regular market,63.744998931884766,63.89500045776367,63.369998931884766,63.505001068115234,95599,0.0,0.0,True
BMRN,2026-09-22T10:30:00-04:00,regular market,63.494998931884766,64.41000366210938,63.46500015258789,64.41000366210938,90987,0.0,0.0,True
BMRN,2026-09-22T11:00:00-04:00,regular market,64.38999938964844,64.7699966430664,64.22000122070312,64.72000122070312,103494,0.0,0.0,True
BMRN,2026-09-22T11:30:00-04:00,regular market,64.69000244140625,64.7699966430664,64.31999969482422,64.38999938964844,91576,0.0,0.0,True
BMRN,2026-09-22T12:00:00-04:00,regular market,64.41999816894531,64.79000091552734,64.41000366210938,64.58000183105469,61290,0.0,0.0,True
BMRN,2026-09-22T12:30:00-04:00,regular market,64.58000183105469,64.69000244140625,64.48500061035156,64.55000305175781,65017,0.0,0.0,True
BMRN,2026-09-22T13:00:00-04:00,regular market,64.53500366210938,64.53500366210938,63.870601654052734,64.01000213623047,180648,0.0,0.0,True
BMRN,2026-09-22T13:30:00-04:00,regular market,64.01499938964844,64.13500213623047,64.01000213623047,64.05500030517578,57009,0.0,0.0,True
BMRN,2026-09-22T14:00:00-04:00,regular market,64.02999877929688,64.02999877929688,63.849998474121094,63.849998474121094,59459,0.0,0.0,True
BMRN,2026-09-22T14:30:00-04:00,regular market,63.845001220703125,63.95500183105469,63.650001525878906,63.95500183105469,131371,0.0,0.0,True
BMRN,2026-09-22T15:00:00-04:00,regular market,63.95500183105469,64.08999633789062,63.69499969482422,63.880001068115234,137653,0.0,0.0,True
BMRN,2026-09-22T15:30:00-04:00,regular market,63.88999938964844,63.970001220703125,63.349998474121094,63.369998931884766,382766,0.0,0.0,True
BMRN,2026-09-22T16:00:00-04:00,after hours,63.37,63.37,63.0,63.33,0,0.0,0.0,False
BMRN,2026-09-22T16:30:00-04:00,after hours,63.23,63.23,63.23,63.23,0,0.0,0.0,False
BMRN,2026-09-22T17:00:00-04:00,after hours,63.87,63.87,63.87,63.87,0,0.0,0.0,False
BMRN,2026-09-22T17:30:00-04:00,after hours,63.8592,63.8592,63.8592,63.8592,0,0.0,0.0,False
BMRN,2026-09-22T19:30:00-04:00,after hours,63.37,63.37,63.37,63.37,0,0.0,0.0,False
BMRN,2026-09-23T04:00:00-04:00,pre-market,63.71,63.8,63.71,63.8,0,0.0,0.0,False
BMRN,2026-09-23T07:00:00-04:00,pre-market,64.0,67.0,63.38,64.07,0,0.0,0.0,False
BMRN,2026-09-23T07:30:00-04:00,pre-market,63.6,63.9,63.6,63.7,0,0.0,0.0,False
BMRN,2026-09-23T08:00:00-04:00,pre-market,63.46,63.61,63.46,63.61,0,0.0,0.0,False
BMRN,2026-09-23T08:30:00-04:00,pre-market,63.8,63.8,63.8,63.8,0,0.0,0.0,False
BMRN,2026-09-23T09:30:00-04:00,regular market,63.68000030517578,64.0,62.54499816894531,62.61000061035156,102540,0.0,0.0,True
BMRN,2026-09-23T10:00:00-04:00,regular market,62.459999084472656,62.81999969482422,62.29999923706055,62.63999938964844,81974,0.0,0.0,True
BMRN,2026-09-23T10:30:00-04:00,regular market,62.665000915527344,62.665000915527344,61.935001373291016,61.970001220703125,98745,0.0,0.0,True
BMRN,2026-09-23T11:00:00-04:00,regular market,62.04999923706055,62.29999923706055,62.0,62.18000030517578,131391,0.0,0.0,True
BMRN,2026-09-23T11:30:00-04:00,regular market,62.20000076293945,62.40999984741211,62.15999984741211,62.2599983215332,97739,0.0,0.0,True
BMRN,2026-09-23T12:00:00-04:00,regular market,62.27000045776367,62.419898986816406,62.2599983215332,62.2599983215332,56427,0.0,0.0,True
BMRN,2026-09-23T12:30:00-04:00,regular market,62.2599983215332,62.2599983215332,61.970001220703125,62.189998626708984,113965,0.0,0.0,True
BMRN,2026-09-23T13:00:00-04:00,regular market,62.17499923706055,62.34000015258789,62.08000183105469,62.154998779296875,110668,0.0,0.0,True
BMRN,2026-09-23T13:30:00-04:00,regular market,62.130001068115234,62.31990051269531,62.040000915527344,62.25,105065,0.0,0.0,True
BMRN,2026-09-23T14:00:00-04:00,regular market,62.2599983215332,62.2599983215332,61.619998931884766,61.619998931884766,108169,0.0,0.0,True
BMRN,2026-09-23T14:30:00-04:00,regular market,61.619998931884766,61.91999816894531,61.58000183105469,61.91999816894531,102930,0.0,0.0,True
BMRN,2026-09-23T15:00:00-04:00,regular market,61.880001068115234,62.23899841308594,61.880001068115234,62.189998626708984,128118,0.0,0.0,True
BMRN,2026-09-23T15:30:00-04:00,regular market,62.189998626708984,62.36000061035156,61.915000915527344,62.207000732421875,479906,0.0,0.0,True
BMRN,2026-09-23T16:00:00-04:00,after hours,62.21,62.21,62.21,62.21,0,0.0,0.0,False
BMRN,2026-09-23T16:30:00-04:00,after hours,61.35,61.35,61.35,61.35,0,0.0,0.0,False
BMRN,2026-09-23T17:00:00-04:00,after hours,61.02,61.02,61.02,61.02,0,0.0,0.0,False
BMRN,2026-09-23T19:30:00-04:00,after hours,62.21,62.21,62.21,62.21,0,0.0,0.0,False
BMRN,2026-09-24T07:00:00-04:00,pre-market,62.4,65.0,62.25,64.0,0,0.0,0.0,False
BMRN,2026-09-24T09:00:00-04:00,pre-market,61.61,62.02,61.61,62.02,0,0.0,0.0,False
BMRN,2026-09-24T09:30:00-04:00,regular market,62.244998931884766,62.33000183105469,61.685001373291016,61.810001373291016,71314,0.0,0.0,True
CRWD,2026-09-18T04:00:00-04:00,pre-market,246.28,247.8109,245.3,245.62,0,0.0,0.0,False
CRWD,2026-09-18T04:30:00-04:00,pre-market,245.85,246.3,245.2,245.9583,0,0.0,0.0,False
CRWD,2026-09-18T05:00:00-04:00,pre-market,245.55,245.76,245.2,245.5899,0,0.0,0.0,False
CRWD,2026-09-18T05:30:00-04:00,pre-market,245.39,245.59,244.3,244.5,0,0.0,0.0,False
CRWD,2026-09-18T06:00:00-04:00,pre-market,244.75,245.25,244.51,245.2322,0,0.0,0.0,False
CRWD,2026-09-18T06:30:00-04:00,pre-market,244.89,245.25,244.53,245.2133,0,0.0,0.0,False
CRWD,2026-09-18T07:00:00-04:00,pre-market,245.23,245.59,244.53,245.48,0,0.0,0.0,False
CRWD,2026-09-18T07:30:00-04:00,pre-market,245.48,246.0,245.1,245.21,0,0.0,0.0,False
CRWD,2026-09-18T08:00:00-04:00,pre-market,245.22,246.314,245.2,245.5694,0,0.0,0.0,False
CRWD,2026-09-18T08:30:00-04:00,pre-market,245.57,246.9,245.46,246.9,0,0.0,0.0,False
CRWD,2026-09-18T09:00:00-04:00,pre-market,246.7,248.0,245.1,247.14,0,0.0,0.0,False
CRWD,2026-09-18T09:30:00-04:00,regular market,247.41000366210938,247.50250244140625,237.52999877929688,237.92999267578125,2745242,0.0,0.0,True
CRWD,2026-09-18T10:00:00-04:00,regular market,237.82730102539062,238.19000244140625,234.89999389648438,236.67999267578125,1048466,0.0,0.0,True
CRWD,2026-09-18T10:30:00-04:00,regular market,236.7006072998047,237.30990600585938,236.02000427246094,236.7100067138672,602114,0.0,0.0,True
CRWD,2026-09-18T11:00:00-04:00,regular market,236.6800994873047,238.5399932861328,236.67909240722656,237.85499572753906,753661,0.0,0.0,True
CRWD,2026-09-18T11:30:00-04:00,regular market,237.88999938964844,238.6300048828125,237.80520629882812,238.4149932861328,366398,0.0,0.0,True
CRWD,2026-09-18T12:00:00-04:00,regular market,238.4199981689453,239.22000122070312,237.35000610351562,238.25999450683594,360900,0.0,0.0,True
CRWD,2026-09-18T12:30:00-04:00,regular market,238.27000427246094,238.27999877929688,237.00999450683594,237.39500427246094,312933,0.0,0.0,True
CRWD,2026-09-18T13:00:00-04:00,regular market,237.39999389648438,238.27999877929688,236.83999633789062,238.00999450683594,361292,0.0,0.0,True
CRWD,2026-09-18T13:30:00-04:00,regular market,238.0,239.3300018310547,237.77499389648438,238.52999877929688,343319,0.0,0.0,True
CRWD,2026-09-18T14:00:00-04:00,regular market,238.51499938964844,239.80799865722656,237.85000610351562,239.6199951171875,352449,0.0,0.0,True
CRWD,2026-09-18T14:30:00-04:00,regular market,239.64990234375,240.88999938964844,239.3699951171875,240.08999633789062,588281,0.0,0.0,True
CRWD,2026-09-18T15:00:00-04:00,regular market,240.03500366210938,240.35989379882812,238.9499969482422,239.01499938964844,505262,0.0,0.0,True
CRWD,2026-09-18T15:30:00-04:00,regular market,239.0500030517578,239.14999389648438,237.22000122070312,237.6199951171875,1532735,0.0,0.0,True
CRWD,2026-09-18T16:00:00-04:00,after hours,237.65,238.6,237.2247,237.85,0,0.0,0.0,False
CRWD,2026-09-18T16:30:00-04:00,after hours,237.85,237.85,237.4,237.75,0,0.0,0.0,False
CRWD,2026-09-18T17:00:00-04:00,after hours,237.6958,237.75,237.205,237.65,0,0.0,0.0,False
CRWD,2026-09-18T17:30:00-04:00,after hours,237.4898,237.64,237.2,237.35,0,0.0,0.0,False
CRWD,2026-09-18T18:00:00-04:00,after hours,237.3669,237.7,237.21,237.2999,0,0.0,0.0,False
CRWD,2026-09-18T18:30:00-04:00,after hours,237.3,237.3,236.88,236.9886,0,0.0,0.0,False
CRWD,2026-09-18T19:00:00-04:00,after hours,236.8827,237.03,236.8,236.98,0,0.0,0.0,False
CRWD,2026-09-18T19:30:00-04:00,after hours,236.975,237.28,236.9,237.1279,0,0.0,0.0,False
CRWD,2026-09-21T04:00:00-04:00,pre-market,237.365,237.7,236.58,236.7077,0,0.0,0.0,False
CRWD,2026-09-21T04:30:00-04:00,pre-market,236.5,237.2,236.5,237.0,0,0.0,0.0,False
CRWD,2026-09-21T05:00:00-04:00,pre-market,237.0,237.47,236.73,237.24,0,0.0,0.0,False
CRWD,2026-09-21T05:30:00-04:00,pre-market,237.15,238.32,237.15,238.32,0,0.0,0.0,False
CRWD,2026-09-21T06:00:00-04:00,pre-market,237.6,237.8,237.0,237.18,0,0.0,0.0,False
CRWD,2026-09-21T06:30:00-04:00,pre-market,237.12,237.5,237.07,237.45,0,0.0,0.0,False
CRWD,2026-09-21T07:00:00-04:00,pre-market,237.5,237.99,237.0,237.56,0,0.0,0.0,False
CRWD,2026-09-21T07:30:00-04:00,pre-market,237.7261,238.0,237.2,237.65,0,0.0,0.0,False
CRWD,2026-09-21T08:00:00-04:00,pre-market,237.66,237.9,236.92,237.39,0,0.0,0.0,False
CRWD,2026-09-21T08:30:00-04:00,pre-market,237.307,237.39,236.9,237.0,0,0.0,0.0,False
CRWD,2026-09-21T09:00:00-04:00,pre-market,236.95,237.31,229.56,231.62,0,0.0,0.0,False
CRWD,2026-09-21T09:30:00-04:00,regular market,231.6199951171875,246.92990112304688,230.85000610351562,246.60499572753906,4270842,0.0,0.0,True
CRWD,2026-09-21T10:00:00-04:00,regular market,246.60000610351562,247.10000610351562,245.0399932861328,246.6623992919922,738289,0.0,0.0,True
CRWD,2026-09-21T10:30:00-04:00,regular market,246.6199951171875,247.6999969482422,246.02000427246094,246.52999877929688,655756,0.0,0.0,True
CRWD,2026-09-21T11:00:00-04:00,regular market,246.5395050048828,247.77000427246094,246.2100067138672,246.77999877929688,461333,0.0,0.0,True
CRWD,2026-09-21T11:30:00-04:00,regular market,246.77499389648438,247.6999053955078,246.3699951171875,247.52999877929688,327166,0.0,0.0,True
CRWD,2026-09-21T12:00:00-04:00,regular market,247.47500610351562,248.3300018310547,246.73109436035156,247.27000427246094,466372,0.0,0.0,True
CRWD,2026-09-21T12:30:00-04:00,regular market,247.25999450683594,247.42999267578125,246.360107421875,246.88999938964844,266334,0.0,0.0,True
CRWD,2026-09-21T13:00:00-04:00,regular market,246.88999938964844,247.968994140625,246.1999969482422,247.55999755859375,287532,0.0,0.0,True
CRWD,2026-09-21T13:30:00-04:00,regular market,247.60000610351562,248.42999267578125,246.83999633789062,248.26499938964844,407358,0.0,0.0,True
CRWD,2026-09-21T14:00:00-04:00,regular market,248.22999572753906,249.07000732421875,247.97000122070312,248.77999877929688,390234,0.0,0.0,True
CRWD,2026-09-21T14:30:00-04:00,regular market,248.8300018310547,249.97999572753906,248.25,249.60000610351562,400830,0.0,0.0,True
CRWD,2026-09-21T15:00:00-04:00,regular market,249.6199951171875,250.30999755859375,248.38999938964844,249.5399932861328,606354,0.0,0.0,True
CRWD,2026-09-21T15:30:00-04:00,regular market,249.5399932861328,250.0399932861328,248.75999450683594,249.27000427246094,1170652,0.0,0.0,True
CRWD,2026-09-21T16:00:00-04:00,after hours,249.35,249.4,248.55,248.9696,0,0.0,0.0,False
CRWD,2026-09-21T16:30:00-04:00,after hours,248.85,249.35,248.0,248.9057,0,0.0,0.0,False
CRWD,2026-09-21T17:00:00-04:00,after hours,248.45,249.35,248.0,248.44,0,0.0,0.0,False
CRWD,2026-09-21T17:30:00-04:00,after hours,248.5,249.35,248.0,248.25,0,0.0,0.0,False
CRWD,2026-09-21T18:00:00-04:00,after hours,248.59,248.65,248.25,248.56,0,0.0,0.0,False
CRWD,2026-09-21T18:30:00-04:00,after hours,248.4,248.95,248.3,248.5001,0,0.0,0.0,False
CRWD,2026-09-21T19:00:00-04:00,after hours,248.74,248.857,248.35,248.587,0,0.0,0.0,False
CRWD,2026-09-21T19:30:00-04:00,after hours,248.4244,248.95,248.35,248.596,0,0.0,0.0,False
CRWD,2026-09-22T04:00:00-04:00,pre-market,250.455,251.573,248.66,249.35,0,0.0,0.0,False
CRWD,2026-09-22T04:30:00-04:00,pre-market,249.3512,250.6,249.3,250.56,0,0.0,0.0,False
CRWD,2026-09-22T05:00:00-04:00,pre-market,250.71,251.32,250.01,250.41,0,0.0,0.0,False
CRWD,2026-09-22T05:30:00-04:00,pre-market,250.69,250.7,250.0,250.0,0,0.0,0.0,False
CRWD,2026-09-22T06:00:00-04:00,pre-market,249.72,250.05,248.8,249.71,0,0.0,0.0,False
CRWD,2026-09-22T06:30:00-04:00,pre-market,249.24,249.9609,249.24,249.9609,0,0.0,0.0,False
CRWD,2026-09-22T07:00:00-04:00,pre-market,249.625,250.32,249.3551,249.8,0,0.0,0.0,False
CRWD,2026-09-22T07:30:00-04:00,pre-market,249.98,250.46,249.648,250.25,0,0.0,0.0,False
CRWD,2026-09-22T08:00:00-04:00,pre-market,250.3533,252.32,250.1,251.8,0,0.0,0.0,False
CRWD,2026-09-22T08:30:00-04:00,pre-market,251.784,251.7995,250.19,250.44,0,0.0,0.0,False
CRWD,2026-09-22T09:00:00-04:00,pre-market,250.47,251.15,247.51,248.28,0,0.0,0.0,False
CRWD,2026-09-22T09:30:00-04:00,regular market,248.11000061035156,249.8800048828125,244.7100067138672,247.01499938964844,1965218,0.0,0.0,True
CRWD,2026-09-22T10:00:00-04:00,regular market,246.89500427246094,249.03250122070312,246.75,247.8197021484375,786276,0.0,0.0,True
CRWD,2026-09-22T10:30:00-04:00,regular market,247.8000030517578,249.0500030517578,247.0399932861328,247.26499938964844,549215,0.0,0.0,True
CRWD,2026-09-22T11:00:00-04:00,regular market,247.22000122070312,247.47999572753906,245.97999572753906,246.8300018310547,336913,0.0,0.0,True
CRWD,2026-09-22T11:30:00-04:00,regular market,246.72999572753906,247.27999877929688,245.71099853515625,245.8625946044922,247322,0.0,0.0,True
CRWD,2026-09-22T12:00:00-04:00,regular market,245.81500244140625,246.82000732421875,245.45010375976562,246.68499755859375,398500,0.0,0.0,True
CRWD,2026-09-22T12:30:00-04:00,regular market,246.72999572753906,248.86099243164062,246.56500244140625,248.52999877929688,425411,0.0,0.0,True
CRWD,2026-09-22T13:00:00-04:00,regular market,248.53500366210938,249.49000549316406,248.1717987060547,249.1300048828125,301856,0.0,0.0,True
CRWD,2026-09-22T13:30:00-04:00,regular market,249.1300048828125,249.8583984375,248.8699951171875,249.32000732421875,352322,0.0,0.0,True
CRWD,2026-09-22T14:00:00-04:00,regular market,249.36500549316406,250.79989624023438,248.63999938964844,250.24000549316406,639788,0.0,0.0,True
CRWD,2026-09-22T14:30:00-04:00,regular market,250.25,250.42999267578125,248.3300018310547,248.5500030517578,382649,0.0,0.0,True
CRWD,2026-09-22T15:00:00-04:00,regular market,248.52999877929688,249.13499450683594,248.10000610351562,248.8699951171875,324877,0.0,0.0,True
CRWD,2026-09-22T15:30:00-04:00,regular market,248.8699951171875,250.1199951171875,248.2899932861328,250.07000732421875,888093,0.0,0.0,True
CRWD,2026-09-22T16:00:00-04:00,after hours,250.01,250.06,248.527,249.8,0,0.0,0.0,False
CRWD,2026-09-22T16:30:00-04:00,after hours,249.43,250.06,249.3,249.6,0,0.0,0.0,False
CRWD,2026-09-22T17:00:00-04:00,after hours,249.69,249.95,249.482,249.6509,0,0.0,0.0,False
CRWD,2026-09-22T17:30:00-04:00,after hours,249.75,250.06,249.65,249.84,0,0.0,0.0,False
CRWD,2026-09-22T18:00:00-04:00,after hours,249.92,250.5,249.73,250.18,0,0.0,0.0,False
CRWD,2026-09-22T18:30:00-04:00,after hours,250.18,250.4817,249.77,249.78,0,0.0,0.0,False
CRWD,2026-09-22T19:00:00-04:00,after hours,249.8158,250.0,249.2,249.25,0,0.0,0.0,False
CRWD,2026-09-22T19:30:00-04:00,after hours,249.55,249.9999,249.26,249.37,0,0.0,0.0,False
CRWD,2026-09-23T04:00:00-04:00,pre-market,249.1712,250.5,248.9,250.4,0,0.0,0.0,False
CRWD,2026-09-23T04:30:00-04:00,pre-market,250.54,250.54,249.6497,250.2,0,0.0,0.0,False
CRWD,2026-09-23T05:00:00-04:00,pre-market,250.23,250.6883,250.21,250.622,0,0.0,0.0,False
CRWD,2026-09-23T05:30:00-04:00,pre-market,250.63,251.5,250.501,251.4885,0,0.0,0.0,False
CRWD,2026-09-23T06:00:00-04:00,pre-market,251.1,251.5,250.83,250.9,0,0.0,0.0,False
CRWD,2026-09-23T06:30:00-04:00,pre-market,250.9,251.1706,250.6912,250.81,0,0.0,0.0,False
CRWD,2026-09-23T07:00:00-04:00,pre-market,250.74,251.5,249.75,249.9445,0,0.0,0.0,False
CRWD,2026-09-23T07:30:00-04:00,pre-market,249.75,250.92,249.2,249.8705,0,0.0,0.0,False
CRWD,2026-09-23T08:00:00-04:00,pre-market,249.87,251.0,249.87,251.0,0,0.0,0.0,False
CRWD,2026-09-23T08:30:00-04:00,pre-market,251.0,251.0,250.1669,250.2586,0,0.0,0.0,False
CRWD,2026-09-23T09:00:00-04:00,pre-market,250.25,251.99,250.0,251.89,0,0.0,0.0,False
CRWD,2026-09-23T09:30:00-04:00,regular market,251.9759979248047,255.39950561523438,248.50999450683594,254.2899932861328,1670323,0.0,0.0,True
CRWD,2026-09-23T10:00:00-04:00,regular market,254.27999877929688,254.5500030517578,250.76400756835938,251.17999267578125,613958,0.0,0.0,True
CRWD,2026-09-23T10:30:00-04:00,regular market,251.1300048828125,259.6000061035156,251.1300048828125,259.010009765625,1187485,0.0,0.0,True
CRWD,2026-09-23T11:00:00-04:00,regular market,259.0299987792969,260.6000061035156,257.239990234375,260.0799865722656,1445635,0.0,0.0,True
CRWD,2026-09-23T11:30:00-04:00,regular market,260.0799865722656,262.2298889160156,259.45001220703125,262.1499938964844,1248234,0.0,0.0,True
CRWD,2026-09-23T12:00:00-04:00,regular market,262.0899963378906,263.19000244140625,260.5299987792969,261.80499267578125,1375822,0.0,0.0,True
CRWD,2026-09-23T12:30:00-04:00,regular market,261.8900146484375,262.18011474609375,259.7925109863281,260.2349853515625,614273,0.0,0.0,True
CRWD,2026-09-23T13:00:00-04:00,regular market,260.45001220703125,262.20001220703125,260.25,260.87701416015625,612035,0.0,0.0,True
CRWD,2026-09-23T13:30:00-04:00,regular market,260.8699951171875,261.0299987792969,259.8940124511719,260.3951110839844,306165,0.0,0.0,True
CRWD,2026-09-23T14:00:00-04:00,regular market,260.3949890136719,262.32000732421875,259.9100036621094,261.32000732421875,456224,0.0,0.0,True
CRWD,2026-09-23T14:30:00-04:00,regular market,261.32000732421875,261.8900146484375,260.8500061035156,261.8550109863281,336590,0.0,0.0,True
CRWD,2026-09-23T15:00:00-04:00,regular market,261.885009765625,262.28948974609375,260.7099914550781,261.0050048828125,462569,0.0,0.0,True
CRWD,2026-09-23T15:30:00-04:00,regular market,260.9800109863281,263.0,260.7638854980469,262.5,1344373,0.0,0.0,True
CRWD,2026-09-23T16:00:00-04:00,after hours,262.49,262.49,261.4101,261.78,0,0.0,0.0,False
CRWD,2026-09-23T16:30:00-04:00,after hours,261.78,262.49,261.55,261.741,0,0.0,0.0,False
CRWD,2026-09-23T17:00:00-04:00,after hours,261.75,261.85,261.04,261.44,0,0.0,0.0,False
CRWD,2026-09-23T17:30:00-04:00,after hours,261.491,261.67,261.35,261.57,0,0.0,0.0,False
CRWD,2026-09-23T18:00:00-04:00,after hours,261.7,262.0,261.4,261.6562,0,0.0,0.0,False
CRWD,2026-09-23T18:30:00-04:00,after hours,261.6577,261.7,261.4,261.51,0,0.0,0.0,False
CRWD,2026-09-23T19:00:00-04:00,after hours,261.42,261.88,261.03,261.6,0,0.0,0.0,False
CRWD,2026-09-23T19:30:00-04:00,after hours,261.75,261.8,261.1932,261.31,0,0.0,0.0,False
CRWD,2026-09-24T04:00:00-04:00,pre-market,260.2049,261.0597,258.6,258.6,0,0.0,0.0,False
CRWD,2026-09-24T04:30:00-04:00,pre-market,258.72,260.63,258.72,260.4,0,0.0,0.0,False
CRWD,2026-09-24T05:00:00-04:00,pre-market,260.39,260.9578,259.0,260.2,0,0.0,0.0,False
CRWD,2026-09-24T05:30:00-04:00,pre-market,260.2,260.64,259.56,260.36,0,0.0,0.0,False
CRWD,2026-09-24T06:00:00-04:00,pre-market,260.41,260.6588,259.86,260.15,0,0.0,0.0,False
CRWD,2026-09-24T06:30:00-04:00,pre-market,260.39,261.0,260.34,261.0,0,0.0,0.0,False
CRWD,2026-09-24T07:00:00-04:00,pre-market,260.905,262.49,259.0,259.43,0,0.0,0.0,False
CRWD,2026-09-24T07:30:00-04:00,pre-market,259.5,259.6768,258.92,259.249,0,0.0,0.0,False
CRWD,2026-09-24T08:00:00-04:00,pre-market,259.45,260.0,259.13,260.0,0,0.0,0.0,False
CRWD,2026-09-24T08:30:00-04:00,pre-market,259.853,260.75,259.11,260.469,0,0.0,0.0,False
CRWD,2026-09-24T09:00:00-04:00,pre-market,260.0788,262.02,260.0788,261.8,0,0.0,0.0,False
CRWD,2026-09-24T09:30:00-04:00,regular market,261.7749938964844,262.4750061035156,258.54998779296875,259.56500244140625,998332,0.0,0.0,True
DIA,2026-09-18T04:00:00-04:00,pre-market,518.37,518.86,517.74,517.79,0,1.192,0.0,False
DIA,2026-09-18T04:30:00-04:00,pre-market,517.75,518.2,517.75,518.2,0,0.0,0.0,False
DIA,2026-09-18T05:00:00-04:00,pre-market,518.15,518.3191,518.0,518.01,0,0.0,0.0,False
DIA,2026-09-18T05:30:00-04:00,pre-market,517.87,517.87,517.45,517.48,0,0.0,0.0,False
DIA,2026-09-18T06:00:00-04:00,pre-market,517.44,517.59,517.35,517.45,0,0.0,0.0,False
DIA,2026-09-18T06:30:00-04:00,pre-market,517.56,517.78,517.52,517.68,0,0.0,0.0,False
DIA,2026-09-18T07:00:00-04:00,pre-market,517.56,517.65,516.79,516.9969,0,0.0,0.0,False
DIA,2026-09-18T07:30:00-04:00,pre-market,517.1513,517.3,516.62,516.67,0,0.0,0.0,False
DIA,2026-09-18T08:00:00-04:00,pre-market,516.6921,516.9,515.39,515.39,0,0.0,0.0,False
DIA,2026-09-18T08:30:00-04:00,pre-market,515.428,515.99,515.38,515.81,0,0.0,0.0,False
DIA,2026-09-18T09:00:00-04:00,pre-market,515.87,516.07,515.6,515.7,0,0.0,0.0,False
DIA,2026-09-18T09:30:00-04:00,regular market,516.52001953125,517.0800170898438,514.77001953125,514.9600219726562,631864,0.0,0.0,True
DIA,2026-09-18T10:00:00-04:00,regular market,514.969970703125,515.3900146484375,514.3499755859375,515.1199951171875,165333,0.0,0.0,True
DIA,2026-09-18T10:30:00-04:00,regular market,515.1500244140625,515.2899780273438,514.2899780273438,515.1362915039062,145537,0.0,0.0,True
DIA,2026-09-18T11:00:00-04:00,regular market,515.1199951171875,515.2210083007812,514.5499877929688,515.0900268554688,248456,0.0,0.0,True
DIA,2026-09-18T11:30:00-04:00,regular market,515.0999755859375,515.2949829101562,514.530029296875,514.7000122070312,78091,0.0,0.0,True
DIA,2026-09-18T12:00:00-04:00,regular market,514.6950073242188,514.8800048828125,514.1500244140625,514.614990234375,118263,0.0,0.0,True
DIA,2026-09-18T12:30:00-04:00,regular market,514.6400146484375,515.3499755859375,514.5,515.22998046875,122892,0.0,0.0,True
DIA,2026-09-18T13:00:00-04:00,regular market,515.2100219726562,515.2100219726562,514.6901245117188,514.8900146484375,35858,0.0,0.0,True
DIA,2026-09-18T13:30:00-04:00,regular market,514.8599853515625,515.2899780273438,514.8049926757812,515.2899780273438,110195,0.0,0.0,True
DIA,2026-09-18T14:00:00-04:00,regular market,515.25,516.0900268554688,515.1799926757812,516.0900268554688,88937,0.0,0.0,True
DIA,2026-09-18T14:30:00-04:00,regular market,516.10498046875,516.7000122070312,515.8300170898438,516.4299926757812,86216,0.0,0.0,True
DIA,2026-09-18T15:00:00-04:00,regular market,516.4500122070312,516.510009765625,516.0499877929688,516.0599975585938,163606,0.0,0.0,True
DIA,2026-09-18T15:30:00-04:00,regular market,516.0599975585938,516.5,515.7100219726562,515.8599853515625,422392,0.0,0.0,True
DIA,2026-09-18T16:00:00-04:00,after hours,515.92,517.0009,515.845,516.595,0,0.0,0.0,False
DIA,2026-09-18T16:30:00-04:00,after hours,516.6085,516.6323,515.88,516.43,0,0.0,0.0,False
DIA,2026-09-18T17:00:00-04:00,after hours,515.6828,516.5999,515.5,516.5999,0,0.0,0.0,False
DIA,2026-09-18T17:30:00-04:00,after hours,516.45,516.6,515.9912,516.2,0,0.0,0.0,False
DIA,2026-09-18T18:00:00-04:00,after hours,516.12,516.5612,515.87,515.87,0,0.0,0.0,False
DIA,2026-09-18T18:30:00-04:00,after hours,515.86,516.5534,515.8162,516.42,0,0.0,0.0,False
DIA,2026-09-18T19:00:00-04:00,after hours,516.42,516.42,515.92,516.2286,0,0.0,0.0,False
DIA,2026-09-18T19:30:00-04:00,after hours,516.16,516.25,516.02,516.15,0,0.0,0.0,False
DIA,2026-09-21T04:00:00-04:00,pre-market,518.98,519.49,517.81,519.48,0,0.0,0.0,False
DIA,2026-09-21T04:30:00-04:00,pre-market,519.69,519.69,519.58,519.69,0,0.0,0.0,False
DIA,2026-09-21T05:00:00-04:00,pre-market,519.0,519.13,518.97,519.1,0,0.0,0.0,False
DIA,2026-09-21T05:30:00-04:00,pre-market,519.41,519.46,519.41,519.46,0,0.0,0.0,False
DIA,2026-09-21T06:00:00-04:00,pre-market,519.5,519.89,519.5,519.89,0,0.0,0.0,False
DIA,2026-09-21T06:30:00-04:00,pre-market,519.99,520.19,519.99,520.0,0,0.0,0.0,False
DIA,2026-09-21T07:00:00-04:00,pre-market,519.96,520.28,519.92,520.1,0,0.0,0.0,False
DIA,2026-09-21T07:30:00-04:00,pre-market,520.201,520.61,520.18,520.42,0,0.0,0.0,False
DIA,2026-09-21T08:00:00-04:00,pre-market,520.3,520.45,520.1807,520.3,0,0.0,0.0,False
DIA,2026-09-21T08:30:00-04:00,pre-market,520.37,520.59,519.89,520.05,0,0.0,0.0,False
DIA,2026-09-21T09:00:00-04:00,pre-market,520.12,520.38,520.119,520.201,0,0.0,0.0,False
DIA,2026-09-21T09:30:00-04:00,regular market,520.030029296875,520.0399780273438,516.760009765625,517.3200073242188,586977,0.0,0.0,True
DIA,2026-09-21T10:00:00-04:00,regular market,517.239990234375,518.5999755859375,516.969970703125,518.219970703125,178640,0.0,0.0,True
DIA,2026-09-21T10:30:00-04:00,regular market,518.2100219726562,518.6300048828125,517.9500122070312,518.010009765625,131653,0.0,0.0,True
DIA,2026-09-21T11:00:00-04:00,regular market,517.9500122070312,518.75,517.8499755859375,518.0449829101562,124483,0.0,0.0,True
DIA,2026-09-21T11:30:00-04:00,regular market,518.0549926757812,519.0,517.969970703125,518.4000244140625,138818,0.0,0.0,True
DIA,2026-09-21T12:00:00-04:00,regular market,518.3400268554688,519.2349853515625,518.2100219726562,518.9500122070312,303632,0.0,0.0,True
DIA,2026-09-21T12:30:00-04:00,regular market,518.9500122070312,519.4400024414062,518.9099731445312,519.344970703125,104516,0.0,0.0,True
DIA,2026-09-21T13:00:00-04:00,regular market,519.3599853515625,519.885009765625,519.1199951171875,519.5399780273438,109969,0.0,0.0,True
DIA,2026-09-21T13:30:00-04:00,regular market,519.5750122070312,519.5750122070312,518.9550170898438,519.2100219726562,159853,0.0,0.0,True
DIA,2026-09-21T14:00:00-04:00,regular market,519.2349853515625,520.0150146484375,519.2349853515625,519.9600219726562,117810,0.0,0.0,True
DIA,2026-09-21T14:30:00-04:00,regular market,519.989990234375,520.52001953125,519.85498046875,520.27001953125,238115,0.0,0.0,True
DIA,2026-09-21T15:00:00-04:00,regular market,520.280029296875,520.4099731445312,520.030029296875,520.0499877929688,230524,0.0,0.0,True
DIA,2026-09-21T15:30:00-04:00,regular market,520.0499877929688,520.4500122070312,519.739990234375,519.8049926757812,394565,0.0,0.0,True
DIA,2026-09-21T16:00:00-04:00,after hours,519.87,519.8901,519.63,519.63,0,0.0,0.0,False
DIA,2026-09-21T16:30:00-04:00,after hours,519.7,519.7,519.64,519.65,0,0.0,0.0,False
DIA,2026-09-21T17:00:00-04:00,after hours,519.78,519.78,519.78,519.78,0,0.0,0.0,False
DIA,2026-09-21T18:00:00-04:00,after hours,519.79,519.86,519.7,519.82,0,0.0,0.0,False
DIA,2026-09-21T18:30:00-04:00,after hours,519.83,519.83,519.83,519.83,0,0.0,0.0,False
DIA,2026-09-21T19:00:00-04:00,after hours,519.8318,519.85,519.8318,519.85,0,0.0,0.0,False
DIA,2026-09-21T19:30:00-04:00,after hours,519.72,519.78,519.72,519.72,0,0.0,0.0,False
DIA,2026-09-22T04:00:00-04:00,pre-market,518.51,520.2,518.5,518.53,0,0.0,0.0,False
DIA,2026-09-22T04:30:00-04:00,pre-market,518.38,520.74,518.38,520.4306,0,0.0,0.0,False
DIA,2026-09-22T05:00:00-04:00,pre-market,520.4306,520.4306,519.99,520.01,0,0.0,0.0,False
DIA,2026-09-22T05:30:00-04:00,pre-market,520.18,521.33,520.18,521.1,0,0.0,0.0,False
DIA,2026-09-22T06:00:00-04:00,pre-market,521.01,521.08,521.0,521.06,0,0.0,0.0,False
DIA,2026-09-22T06:30:00-04:00,pre-market,521.02,521.5,520.98,521.5,0,0.0,0.0,False
DIA,2026-09-22T07:00:00-04:00,pre-market,521.2916,521.46,520.66,521.43,0,0.0,0.0,False
DIA,2026-09-22T07:30:00-04:00,pre-market,521.45,521.87,521.41,521.63,0,0.0,0.0,False
DIA,2026-09-22T08:00:00-04:00,pre-market,521.56,522.08,521.55,522.05,0,0.0,0.0,False
DIA,2026-09-22T08:30:00-04:00,pre-market,522.04,522.36,521.829,521.9897,0,0.0,0.0,False
DIA,2026-09-22T09:00:00-04:00,pre-market,521.99,523.34,521.99,523.27,0,0.0,0.0,False
DIA,2026-09-22T09:30:00-04:00,regular market,522.47998046875,522.5499877929688,518.9299926757812,519.0349731445312,691314,0.0,0.0,True
DIA,2026-09-22T10:00:00-04:00,regular market,519.030029296875,519.6400146484375,517.1400146484375,517.1799926757812,243457,0.0,0.0,True
DIA,2026-09-22T10:30:00-04:00,regular market,517.1500244140625,518.260009765625,516.9400024414062,517.3599853515625,219848,0.0,0.0,True
DIA,2026-09-22T11:00:00-04:00,regular market,517.4099731445312,517.8300170898438,517.0900268554688,517.2349853515625,159968,0.0,0.0,True
DIA,2026-09-22T11:30:00-04:00,regular market,517.1300048828125,517.1300048828125,516.510009765625,516.739990234375,147714,0.0,0.0,True
DIA,2026-09-22T12:00:00-04:00,regular market,516.8699951171875,517.4349975585938,516.780029296875,517.2999877929688,94084,0.0,0.0,True
DIA,2026-09-22T12:30:00-04:00,regular market,517.2949829101562,518.0549926757812,517.260009765625,517.8900146484375,192717,0.0,0.0,True
DIA,2026-09-22T13:00:00-04:00,regular market,517.8800048828125,517.9299926757812,517.0650024414062,517.4600219726562,68243,0.0,0.0,True
DIA,2026-09-22T13:30:00-04:00,regular market,517.4500122070312,518.2650146484375,517.2100219726562,518.0599975585938,165176,0.0,0.0,True
DIA,2026-09-22T14:00:00-04:00,regular market,518.1099853515625,518.1699829101562,517.77001953125,517.969970703125,116169,0.0,0.0,True
DIA,2026-09-22T14:30:00-04:00,regular market,517.989990234375,518.25,517.780029296875,518.0300903320312,91841,0.0,0.0,True
DIA,2026-09-22T15:00:00-04:00,regular market,518.0700073242188,518.60498046875,518.030029296875,518.4149780273438,141452,0.0,0.0,True
DIA,2026-09-22T15:30:00-04:00,regular market,518.4000244140625,519.02001953125,517.8150024414062,517.9500122070312,853026,0.0,0.0,True
DIA,2026-09-22T16:00:00-04:00,after hours,518.0,518.09,517.88,517.98,0,0.0,0.0,False
DIA,2026-09-22T16:30:00-04:00,after hours,517.91,517.94,517.7,517.7,0,0.0,0.0,False
DIA,2026-09-22T17:00:00-04:00,after hours,517.7,518.0,517.7,518.0,0,0.0,0.0,False
DIA,2026-09-22T17:30:00-04:00,after hours,517.4018,517.4018,517.39,517.39,0,0.0,0.0,False
DIA,2026-09-22T18:00:00-04:00,after hours,517.95,518.07,517.86,517.86,0,0.0,0.0,False
DIA,2026-09-22T18:30:00-04:00,after hours,517.9613,517.9613,517.91,517.91,0,0.0,0.0,False
DIA,2026-09-22T19:00:00-04:00,after hours,517.91,517.94,517.8436,517.8436,0,0.0,0.0,False
DIA,2026-09-22T19:30:00-04:00,after hours,517.909,517.9423,517.8734,517.8734,0,0.0,0.0,False
DIA,2026-09-23T04:00:00-04:00,pre-market,518.97,518.97,518.59,518.67,0,0.0,0.0,False
DIA,2026-09-23T04:30:00-04:00,pre-market,518.53,518.57,518.2,518.2,0,0.0,0.0,False
DIA,2026-09-23T05:00:00-04:00,pre-market,518.25,518.4,518.1,518.4,0,0.0,0.0,False
DIA,2026-09-23T05:30:00-04:00,pre-market,518.31,518.31,517.97,517.98,0,0.0,0.0,False
DIA,2026-09-23T06:00:00-04:00,pre-market,518.31,518.31,518.31,518.31,0,0.0,0.0,False
DIA,2026-09-23T06:30:00-04:00,pre-market,517.99,517.99,517.99,517.99,0,0.0,0.0,False
DIA,2026-09-23T07:00:00-04:00,pre-market,518.03,518.12,517.29,517.29,0,0.0,0.0,False
DIA,2026-09-23T07:30:00-04:00,pre-market,517.29,517.29,516.35,517.08,0,0.0,0.0,False
DIA,2026-09-23T08:00:00-04:00,pre-market,517.27,517.35,516.37,516.5,0,0.0,0.0,False
DIA,2026-09-23T08:30:00-04:00,pre-market,516.5,516.76,516.31,516.54,0,0.0,0.0,False
DIA,2026-09-23T09:00:00-04:00,pre-market,516.48,516.54,516.1,516.21,0,0.0,0.0,False
DIA,2026-09-23T09:30:00-04:00,regular market,516.02001953125,517.52001953125,515.739990234375,516.3400268554688,560232,0.0,0.0,True
DIA,2026-09-23T10:00:00-04:00,regular market,516.3400268554688,517.6599731445312,516.152587890625,516.864990234375,273831,0.0,0.0,True
DIA,2026-09-23T10:30:00-04:00,regular market,517.1300048828125,517.2999877929688,516.0900268554688,516.4500122070312,387472,0.0,0.0,True
DIA,2026-09-23T11:00:00-04:00,regular market,516.4400024414062,516.5,515.1500244140625,515.2100219726562,192725,0.0,0.0,True
DIA,2026-09-23T11:30:00-04:00,regular market,515.2150268554688,515.3099975585938,514.5750122070312,514.719970703125,198260,0.0,0.0,True
DIA,2026-09-23T12:00:00-04:00,regular market,514.7000122070312,515.0499877929688,514.405029296875,514.9990234375,157945,0.0,0.0,True
DIA,2026-09-23T12:30:00-04:00,regular market,515.0349731445312,515.0599975585938,514.219970703125,514.6799926757812,209820,0.0,0.0,True
DIA,2026-09-23T13:00:00-04:00,regular market,514.6950073242188,514.9099731445312,514.0,514.719970703125,222397,0.0,0.0,True
DIA,2026-09-23T13:30:00-04:00,regular market,514.72998046875,515.6599731445312,514.3599853515625,515.6599731445312,163214,0.0,0.0,True
DIA,2026-09-23T14:00:00-04:00,regular market,515.6500244140625,515.6500244140625,514.7349853515625,514.8400268554688,84463,0.0,0.0,True
DIA,2026-09-23T14:30:00-04:00,regular market,514.8300170898438,514.8400268554688,514.3599853515625,514.6799926757812,199854,0.0,0.0,True
DIA,2026-09-23T15:00:00-04:00,regular market,514.6799926757812,514.875,514.4299926757812,514.5599975585938,83724,0.0,0.0,True
DIA,2026-09-23T15:30:00-04:00,regular market,514.530029296875,514.969970703125,513.9500122070312,514.3099975585938,754218,0.0,0.0,True
DIA,2026-09-23T16:00:00-04:00,after hours,514.35,514.35,514.07,514.3135,0,0.0,0.0,False
DIA,2026-09-23T16:30:00-04:00,after hours,514.26,514.27,514.19,514.26,0,0.0,0.0,False
DIA,2026-09-23T17:00:00-04:00,after hours,514.3,514.5,514.18,514.5,0,0.0,0.0,False
DIA,2026-09-23T18:00:00-04:00,after hours,514.3,514.51,514.3,514.4714,0,0.0,0.0,False
DIA,2026-09-23T18:30:00-04:00,after hours,514.36,514.43,514.36,514.43,0,0.0,0.0,False
DIA,2026-09-23T19:00:00-04:00,after hours,514.38,514.38,513.98,514.06,0,0.0,0.0,False
DIA,2026-09-23T19:30:00-04:00,after hours,514.03,514.03,513.82,513.9035,0,0.0,0.0,False
DIA,2026-09-24T04:00:00-04:00,pre-market,512.53,513.63,511.95,512.0,0,0.0,0.0,False
DIA,2026-09-24T04:30:00-04:00,pre-market,511.95,512.22,511.81,511.81,0,0.0,0.0,False
DIA,2026-09-24T05:00:00-04:00,pre-market,512.29,512.66,512.21,512.37,0,0.0,0.0,False
DIA,2026-09-24T05:30:00-04:00,pre-market,512.41,512.41,511.64,512.06,0,0.0,0.0,False
DIA,2026-09-24T06:00:00-04:00,pre-market,512.44,512.59,512.1,512.58,0,0.0,0.0,False
DIA,2026-09-24T06:30:00-04:00,pre-market,512.33,513.34,512.33,512.54,0,0.0,0.0,False
DIA,2026-09-24T07:00:00-04:00,pre-market,512.8,512.91,512.62,512.71,0,0.0,0.0,False
DIA,2026-09-24T07:30:00-04:00,pre-market,512.7199,512.97,512.1579,512.82,0,0.0,0.0,False
DIA,2026-09-24T08:00:00-04:00,pre-market,512.8,513.1861,512.69,512.69,0,0.0,0.0,False
DIA,2026-09-24T08:30:00-04:00,pre-market,513.0,513.1301,512.3,513.1301,0,0.0,0.0,False
DIA,2026-09-24T09:00:00-04:00,pre-market,513.07,513.19,512.88,513.08,0,0.0,0.0,False
DIA,2026-09-24T09:30:00-04:00,regular market,512.8499755859375,514.030029296875,511.5400085449219,512.1300048828125,367631,0.0,0.0,True
GDX,2026-09-18T04:00:00-04:00,pre-market,97.43,97.63,95.92,97.3,0,0.0,0.0,False
GDX,2026-09-18T04:30:00-04:00,pre-market,97.37,97.44,97.12,97.4,0,0.0,0.0,False
GDX,2026-09-18T05:00:00-04:00,pre-market,97.46,97.7,97.37,97.37,0,0.0,0.0,False
GDX,2026-09-18T05:30:00-04:00,pre-market,97.45,97.54,96.9,97.02,0,0.0,0.0,False
GDX,2026-09-18T06:00:00-04:00,pre-market,97.08,97.176,96.94,97.09,0,0.0,0.0,False
GDX,2026-09-18T06:30:00-04:00,pre-market,97.13,97.2625,97.08,97.15,0,0.0,0.0,False
GDX,2026-09-18T07:00:00-04:00,pre-market,97.23,97.44,95.92,97.0,0,0.0,0.0,False
GDX,2026-09-18T07:30:00-04:00,pre-market,97.02,97.12,96.72,96.86,0,0.0,0.0,False
GDX,2026-09-18T08:00:00-04:00,pre-market,96.86,96.88,95.86,96.27,0,0.0,0.0,False
GDX,2026-09-18T08:30:00-04:00,pre-market,96.27,96.49,95.99,96.27,0,0.0,0.0,False
GDX,2026-09-18T09:00:00-04:00,pre-market,96.27,96.5,96.11,96.41,0,0.0,0.0,False
GDX,2026-09-18T09:30:00-04:00,regular market,96.1500015258789,96.25,94.8499984741211,94.9800033569336,3298264,0.0,0.0,True
GDX,2026-09-18T10:00:00-04:00,regular market,94.98999786376953,95.1500015258789,94.44000244140625,94.47000122070312,2022968,0.0,0.0,True
GDX,2026-09-18T10:30:00-04:00,regular market,94.47000122070312,95.02999877929688,94.37000274658203,94.44499969482422,1547363,0.0,0.0,True
GDX,2026-09-18T11:00:00-04:00,regular market,94.44999694824219,94.62000274658203,94.2300033569336,94.56999969482422,1209070,0.0,0.0,True
GDX,2026-09-18T11:30:00-04:00,regular market,94.58000183105469,94.91000366210938,94.51000213623047,94.91000366210938,891645,0.0,0.0,True
GDX,2026-09-18T12:00:00-04:00,regular market,94.91000366210938,95.38990020751953,94.76010131835938,95.3499984741211,600722,0.0,0.0,True
GDX,2026-09-18T12:30:00-04:00,regular market,95.33999633789062,95.55000305175781,95.18499755859375,95.47000122070312,722931,0.0,0.0,True
GDX,2026-09-18T13:00:00-04:00,regular market,95.4800033569336,95.58999633789062,95.37999725341797,95.49500274658203,597195,0.0,0.0,True
GDX,2026-09-18T13:30:00-04:00,regular market,95.5,95.86000061035156,95.47000122070312,95.70999908447266,786459,0.0,0.0,True
GDX,2026-09-18T14:00:00-04:00,regular market,95.72000122070312,95.7699966430664,95.45999908447266,95.55500030517578,506876,0.0,0.0,True
GDX,2026-09-18T14:30:00-04:00,regular market,95.55500030517578,95.55500030517578,95.30000305175781,95.33999633789062,683980,0.0,0.0,True
GDX,2026-09-18T15:00:00-04:00,regular market,95.36000061035156,95.43499755859375,95.25,95.30999755859375,882676,0.0,0.0,True
GDX,2026-09-18T15:30:00-04:00,regular market,95.30999755859375,95.62999725341797,95.25,95.55000305175781,2953885,0.0,0.0,True
GDX,2026-09-18T16:00:00-04:00,after hours,95.48,96.0,95.22,95.7387,0,0.0,0.0,False
GDX,2026-09-18T16:30:00-04:00,after hours,95.88,95.88,95.5,95.7,0,0.0,0.0,False
GDX,2026-09-18T17:00:00-04:00,after hours,95.665,95.84,95.48,95.48,0,0.0,0.0,False
GDX,2026-09-18T17:30:00-04:00,after hours,95.7,95.8,95.48,95.77,0,0.0,0.0,False
GDX,2026-09-18T18:00:00-04:00,after hours,95.7,95.9,95.7,95.77,0,0.0,0.0,False
GDX,2026-09-18T18:30:00-04:00,after hours,95.78,95.8,95.74,95.75,0,0.0,0.0,False
GDX,2026-09-18T19:00:00-04:00,after hours,95.78,95.8,95.5,95.68,0,0.0,0.0,False
GDX,2026-09-18T19:30:00-04:00,after hours,95.68,95.7,95.5609,95.6,0,0.0,0.0,False
GDX,2026-09-21T04:00:00-04:00,pre-market,95.38,95.84,95.026,95.72,0,0.0,0.0,False
GDX,2026-09-21T04:30:00-04:00,pre-market,95.69,95.86,95.55,95.7,0,0.0,0.0,False
GDX,2026-09-21T05:00:00-04:00,pre-market,95.65,95.76,95.49,95.5,0,0.0,0.0,False
GDX,2026-09-21T05:30:00-04:00,pre-market,95.47,95.61,95.31,95.49,0,0.0,0.0,False
GDX,2026-09-21T06:00:00-04:00,pre-market,95.52,95.8,95.52,95.75,0,0.0,0.0,False
GDX,2026-09-21T06:30:00-04:00,pre-market,95.72,95.72,95.44,95.45,0,0.0,0.0,False
GDX,2026-09-21T07:00:00-04:00,pre-market,95.45,95.67,95.38,95.66,0,0.0,0.0,False
GDX,2026-09-21T07:30:00-04:00,pre-market,95.65,96.24,95.65,96.1972,0,0.0,0.0,False
GDX,2026-09-21T08:00:00-04:00,pre-market,96.23,96.48,95.85,95.95,0,0.0,0.0,False
GDX,2026-09-21T08:30:00-04:00,pre-market,95.91,96.08,95.73,95.94,0,0.0,0.0,False
GDX,2026-09-21T09:00:00-04:00,pre-market,95.88,96.05,95.7894,96.05,0,0.0,0.0,False
GDX,2026-09-21T09:30:00-04:00,regular market,95.80999755859375,95.91000366210938,94.55000305175781,94.69000244140625,2068557,0.0,0.0,True
GDX,2026-09-21T10:00:00-04:00,regular market,94.69000244140625,94.72000122070312,93.70500183105469,94.48999786376953,1565269,0.0,0.0,True
GDX,2026-09-21T10:30:00-04:00,regular market,94.5,94.57499694824219,93.87999725341797,93.93000030517578,1034320,0.0,0.0,True
GDX,2026-09-21T11:00:00-04:00,regular market,93.93000030517578,94.53500366210938,93.91000366210938,94.2699966430664,904096,0.0,0.0,True
GDX,2026-09-21T11:30:00-04:00,regular market,94.29000091552734,94.62999725341797,94.16000366210938,94.27999877929688,599453,0.0,0.0,True
GDX,2026-09-21T12:00:00-04:00,regular market,94.2699966430664,94.56999969482422,94.0999984741211,94.16500091552734,670352,0.0,0.0,True
GDX,2026-09-21T12:30:00-04:00,regular market,94.16500091552734,94.16999816894531,93.87000274658203,93.90499877929688,693709,0.0,0.0,True
GDX,2026-09-21T13:00:00-04:00,regular market,93.91000366210938,94.12999725341797,93.87000274658203,94.1050033569336,568892,0.0,0.0,True
GDX,2026-09-21T13:30:00-04:00,regular market,94.11000061035156,94.23500061035156,94.00499725341797,94.1500015258789,560798,0.0,0.0,True
GDX,2026-09-21T14:00:00-04:00,regular market,94.16000366210938,94.62000274658203,94.12999725341797,94.51499938964844,585173,0.0,0.0,True
GDX,2026-09-21T14:30:00-04:00,regular market,94.5199966430664,94.66000366210938,94.45500183105469,94.51499938964844,544382,0.0,0.0,True
GDX,2026-09-21T15:00:00-04:00,regular market,94.5198974609375,94.58000183105469,94.3949966430664,94.47000122070312,1546106,0.0,0.0,True
GDX,2026-09-21T15:30:00-04:00,regular market,94.47000122070312,94.78500366210938,94.38999938964844,94.5199966430664,1762989,0.0,0.0,True
GDX,2026-09-21T16:00:00-04:00,after hours,94.49,94.49,94.3071,94.32,0,0.0,0.0,False
GDX,2026-09-21T16:30:00-04:00,after hours,94.43,94.43,93.4079,93.4079,0,0.0,0.0,False
GDX,2026-09-21T17:00:00-04:00,after hours,94.3,94.3,90.0435,94.24,0,0.0,0.0,False
GDX,2026-09-21T17:30:00-04:00,after hours,94.43,94.43,94.1818,94.43,0,0.0,0.0,False
GDX,2026-09-21T18:00:00-04:00,after hours,94.32,94.38,94.32,94.38,0,0.0,0.0,False
GDX,2026-09-21T18:30:00-04:00,after hours,94.4,94.68,94.4,94.61,0,0.0,0.0,False
GDX,2026-09-21T19:00:00-04:00,after hours,94.62,94.72,94.62,94.72,0,0.0,0.0,False
GDX,2026-09-21T19:30:00-04:00,after hours,94.78,94.8303,94.7,94.8201,0,0.0,0.0,False
GDX,2026-09-22T04:00:00-04:00,pre-market,92.95,94.35,92.8,92.94,0,0.0,0.0,False
GDX,2026-09-22T04:30:00-04:00,pre-market,92.8,94.21,92.7,94.12,0,0.0,0.0,False
GDX,2026-09-22T05:00:00-04:00,pre-market,94.05,94.1,93.67,93.78,0,0.0,0.0,False
GDX,2026-09-22T05:30:00-04:00,pre-market,93.81,94.6,93.78,94.5,0,0.0,0.0,False
GDX,2026-09-22T06:00:00-04:00,pre-market,94.5,94.85,94.43,94.54,0,0.0,0.0,False
GDX,2026-09-22T06:30:00-04:00,pre-market,94.52,94.7821,94.49,94.49,0,0.0,0.0,False
GDX,2026-09-22T07:00:00-04:00,pre-market,94.5,94.55,94.19,94.35,0,0.0,0.0,False
GDX,2026-09-22T07:30:00-04:00,pre-market,94.3,94.38,94.17,94.325,0,0.0,0.0,False
GDX,2026-09-22T08:00:00-04:00,pre-market,94.35,94.8548,94.2379,94.63,0,0.0,0.0,False
GDX,2026-09-22T08:30:00-04:00,pre-market,94.69,94.91,94.62,94.75,0,0.0,0.0,False
GDX,2026-09-22T09:00:00-04:00,pre-market,94.6,94.95,94.6,94.81,0,0.0,0.0,False
GDX,2026-09-22T09:30:00-04:00,regular market,94.51000213623047,96.30999755859375,94.5,95.70999908447266,2771086,0.0,0.0,True
GDX,2026-09-22T10:00:00-04:00,regular market,95.71499633789062,95.80000305175781,95.0999984741211,95.4000015258789,1059446,0.0,0.0,True
GDX,2026-09-22T10:30:00-04:00,regular market,95.4000015258789,95.5,94.68009948730469,95.3550033569336,964493,0.0,0.0,True
GDX,2026-09-22T11:00:00-04:00,regular market,95.36000061035156,95.9800033569336,95.2699966430664,95.73999786376953,1050671,0.0,0.0,True
GDX,2026-09-22T11:30:00-04:00,regular market,95.7300033569336,95.7699966430664,95.48999786376953,95.75,386661,0.0,0.0,True
GDX,2026-09-22T12:00:00-04:00,regular market,95.75,95.81999969482422,95.47699737548828,95.6500015258789,383792,0.0,0.0,True
GDX,2026-09-22T12:30:00-04:00,regular market,95.65499877929688,96.37000274658203,95.63999938964844,96.29499816894531,669801,0.0,0.0,True
GDX,2026-09-22T13:00:00-04:00,regular market,96.30000305175781,96.37999725341797,96.04499816894531,96.22000122070312,478640,0.0,0.0,True
GDX,2026-09-22T13:30:00-04:00,regular market,96.2249984741211,97.26000213623047,96.12000274658203,97.16999816894531,849844,0.0,0.0,True
GDX,2026-09-22T14:00:00-04:00,regular market,97.16000366210938,97.54000091552734,96.94999694824219,97.36000061035156,1557433,0.0,0.0,True
GDX,2026-09-22T14:30:00-04:00,regular market,97.37999725341797,97.37999725341797,96.96499633789062,97.22000122070312,979687,0.0,0.0,True
GDX,2026-09-22T15:00:00-04:00,regular market,97.22000122070312,97.73999786376953,97.22000122070312,97.69999694824219,1316215,0.0,0.0,True
GDX,2026-09-22T15:30:00-04:00,regular market,97.69999694824219,98.36499786376953,97.6500015258789,97.6500015258789,4365587,0.0,0.0,True
GDX,2026-09-22T16:00:00-04:00,after hours,97.78,97.84,97.55,97.77,0,0.0,0.0,False
GDX,2026-09-22T16:30:00-04:00,after hours,97.78,97.83,97.6,97.83,0,0.0,0.0,False
GDX,2026-09-22T17:00:00-04:00,after hours,97.81,97.81,97.56,97.75,0,0.0,0.0,False
GDX,2026-09-22T17:30:00-04:00,after hours,97.81,97.83,97.65,97.8,0,0.0,0.0,False
GDX,2026-09-22T18:00:00-04:00,after hours,97.7508,97.83,97.7508,97.83,0,0.0,0.0,False
GDX,2026-09-22T18:30:00-04:00,after hours,97.9491,98.11,97.94,97.94,0,0.0,0.0,False
GDX,2026-09-22T19:00:00-04:00,after hours,97.9,97.93,97.7605,97.88,0,0.0,0.0,False
GDX,2026-09-22T19:30:00-04:00,after hours,97.85,97.92,97.77,97.77,0,0.0,0.0,False
GDX,2026-09-23T04:00:00-04:00,pre-market,96.44,97.41,95.62,95.72,0,0.0,0.0,False
GDX,2026-09-23T04:30:00-04:00,pre-market,95.74,95.81,95.62,95.76,0,0.0,0.0,False
GDX,2026-09-23T05:00:00-04:00,pre-market,95.85,95.85,95.58,95.67,0,0.0,0.0,False
GDX,2026-09-23T05:30:00-04:00,pre-market,95.6,95.66,95.27,95.44,0,0.0,0.0,False
GDX,2026-09-23T06:00:00-04:00,pre-market,95.49,95.65,95.39,95.56,0,0.0,0.0,False
GDX,2026-09-23T06:30:00-04:00,pre-market,95.66,95.68,95.4,95.48,0,0.0,0.0,False
GDX,2026-09-23T07:00:00-04:00,pre-market,95.57,95.78,95.0,95.1,0,0.0,0.0,False
GDX,2026-09-23T07:30:00-04:00,pre-market,95.14,95.1475,94.57,95.075,0,0.0,0.0,False
GDX,2026-09-23T08:00:00-04:00,pre-market,95.1473,95.2965,95.07,95.1135,0,0.0,0.0,False
GDX,2026-09-23T08:30:00-04:00,pre-market,95.1,95.23,94.9624,95.19,0,0.0,0.0,False
GDX,2026-09-23T09:00:00-04:00,pre-market,95.17,95.21,94.9,94.98,0,0.0,0.0,False
GDX,2026-09-23T09:30:00-04:00,regular market,95.18489837646484,95.2699966430664,93.0999984741211,93.33000183105469,5999622,0.0,0.0,True
GDX,2026-09-23T10:00:00-04:00,regular market,93.31999969482422,93.88999938964844,93.06999969482422,93.33999633789062,1868419,0.0,0.0,True
GDX,2026-09-23T10:30:00-04:00,regular market,93.3499984741211,94.26000213623047,93.3499984741211,93.98999786376953,1901254,0.0,0.0,True
GDX,2026-09-23T11:00:00-04:00,regular market,93.98999786376953,94.08000183105469,93.66000366210938,93.66000366210938,837537,0.0,0.0,True
GDX,2026-09-23T11:30:00-04:00,regular market,93.66999816894531,93.70999908447266,93.23999786376953,93.38999938964844,1001114,0.0,0.0,True
GDX,2026-09-23T12:00:00-04:00,regular market,93.38999938964844,93.73999786376953,93.16999816894531,93.68499755859375,780861,0.0,0.0,True
GDX,2026-09-23T12:30:00-04:00,regular market,93.69000244140625,94.12000274658203,93.69000244140625,93.93000030517578,1029188,0.0,0.0,True
GDX,2026-09-23T13:00:00-04:00,regular market,93.93000030517578,93.94000244140625,93.38999938964844,93.62999725341797,1166998,0.0,0.0,True
GDX,2026-09-23T13:30:00-04:00,regular market,93.62000274658203,94.22000122070312,93.41000366210938,94.19499969482422,1258479,0.0,0.0,True
GDX,2026-09-23T14:00:00-04:00,regular market,94.19999694824219,94.27999877929688,94.01499938964844,94.09500122070312,1297923,0.0,0.0,True
GDX,2026-09-23T14:30:00-04:00,regular market,94.08499908447266,94.22000122070312,94.06009674072266,94.20999908447266,1211780,0.0,0.0,True
GDX,2026-09-23T15:00:00-04:00,regular market,94.21990203857422,94.29000091552734,93.79000091552734,93.83499908447266,1199706,0.0,0.0,True
GDX,2026-09-23T15:30:00-04:00,regular market,93.83999633789062,93.87999725341797,93.43000030517578,93.5999984741211,3731558,0.0,0.0,True
GDX,2026-09-23T16:00:00-04:00,after hours,93.56,93.75,93.56,93.59,0,0.0,0.0,False
GDX,2026-09-23T16:30:00-04:00,after hours,93.5509,93.59,93.55,93.55,0,0.0,0.0,False
GDX,2026-09-23T17:00:00-04:00,after hours,87.2333,93.61,87.2333,93.6,0,0.0,0.0,False
GDX,2026-09-23T17:30:00-04:00,after hours,93.56,93.61,93.5131,93.56,0,0.0,0.0,False
GDX,2026-09-23T18:00:00-04:00,after hours,93.61,93.74,93.6,93.7,0,0.0,0.0,False
GDX,2026-09-23T18:30:00-04:00,after hours,93.72,93.72,93.62,93.64,0,0.0,0.0,False
GDX,2026-09-23T19:00:00-04:00,after hours,93.63,93.72,93.63,93.72,0,0.0,0.0,False
GDX,2026-09-23T19:30:00-04:00,after hours,93.61,93.74,93.61,93.74,0,0.0,0.0,False
GDX,2026-09-24T04:00:00-04:00,pre-market,93.25,93.83,92.45,92.61,0,0.0,0.0,False
GDX,2026-09-24T04:30:00-04:00,pre-market,92.61,92.87,92.4247,92.48,0,0.0,0.0,False
GDX,2026-09-24T05:00:00-04:00,pre-market,92.6,92.71,92.5,92.5,0,0.0,0.0,False
GDX,2026-09-24T05:30:00-04:00,pre-market,92.53,92.54,92.24,92.38,0,0.0,0.0,False
GDX,2026-09-24T06:00:00-04:00,pre-market,92.5,92.59,92.11,92.15,0,0.0,0.0,False
GDX,2026-09-24T06:30:00-04:00,pre-market,92.19,92.74,92.19,92.45,0,0.0,0.0,False
GDX,2026-09-24T07:00:00-04:00,pre-market,92.53,92.65,92.31,92.52,0,0.0,0.0,False
GDX,2026-09-24T07:30:00-04:00,pre-market,92.52,92.59,92.4,92.52,0,0.0,0.0,False
GDX,2026-09-24T08:00:00-04:00,pre-market,92.5,92.679,92.33,92.58,0,0.0,0.0,False
GDX,2026-09-24T08:30:00-04:00,pre-market,92.58,92.82,92.32,92.79,0,0.0,0.0,False
GDX,2026-09-24T09:00:00-04:00,pre-market,92.82,92.91,92.73,92.73,0,0.0,0.0,False
GDX,2026-09-24T09:30:00-04:00,regular market,92.5199966430664,92.62999725341797,91.65499877929688,91.7699966430664,2192876,0.0,0.0,True
GOOGL,2026-09-18T04:00:00-04:00,pre-market,353.91,355.96,347.33,353.5359,0,0.0,0.0,False
GOOGL,2026-09-18T04:30:00-04:00,pre-market,353.57,355.1,353.35,354.9,0,0.0,0.0,False
GOOGL,2026-09-18T05:00:00-04:00,pre-market,354.91,355.55,354.5957,354.74,0,0.0,0.0,False
GOOGL,2026-09-18T05:30:00-04:00,pre-market,354.66,354.857,353.9,354.51,0,0.0,0.0,False
GOOGL,2026-09-18T06:00:00-04:00,pre-market,354.5488,355.55,354.0,355.52,0,0.0,0.0,False
GOOGL,2026-09-18T06:30:00-04:00,pre-market,355.47,356.4,355.258,355.85,0,0.0,0.0,False
GOOGL,2026-09-18T07:00:00-04:00,pre-market,355.83,356.89,347.33,355.6,0,0.0,0.0,False
GOOGL,2026-09-18T07:30:00-04:00,pre-market,355.62,356.48,355.1,355.39,0,0.0,0.0,False
GOOGL,2026-09-18T08:00:00-04:00,pre-market,355.4,355.6679,354.0,354.5387,0,0.0,0.0,False
GOOGL,2026-09-18T08:30:00-04:00,pre-market,354.67,356.34,354.36,354.7786,0,0.0,0.0,False
GOOGL,2026-09-18T09:00:00-04:00,pre-market,354.7895,357.88,354.7,357.21,0,0.0,0.0,False
GOOGL,2026-09-18T09:30:00-04:00,regular market,356.9200134277344,359.44000244140625,354.6199951171875,355.3599853515625,12346910,0.0,0.0,True
GOOGL,2026-09-18T10:00:00-04:00,regular market,355.3699951171875,355.7099914550781,350.0286865234375,350.5299987792969,3416399,0.0,0.0,True
GOOGL,2026-09-18T10:30:00-04:00,regular market,350.55999755859375,351.9601135253906,349.5299987792969,351.4100036621094,2052184,0.0,0.0,True
GOOGL,2026-09-18T11:00:00-04:00,regular market,351.44000244140625,351.67999267578125,349.4800109863281,350.8475036621094,1742066,0.0,0.0,True
GOOGL,2026-09-18T11:30:00-04:00,regular market,350.8349914550781,350.94989013671875,349.0799865722656,349.4200134277344,1241750,0.0,0.0,True
GOOGL,2026-09-18T12:00:00-04:00,regular market,349.4602966308594,350.29998779296875,348.8900146484375,349.80999755859375,936205,0.0,0.0,True
GOOGL,2026-09-18T12:30:00-04:00,regular market,349.79998779296875,350.1494140625,349.32000732421875,349.80999755859375,701788,0.0,0.0,True
GOOGL,2026-09-18T13:00:00-04:00,regular market,349.80999755859375,349.8900146484375,349.3399963378906,349.3550109863281,642177,0.0,0.0,True
GOOGL,2026-09-18T13:30:00-04:00,regular market,349.32000732421875,350.1000061035156,349.1199951171875,349.7279052734375,576726,0.0,0.0,True
GOOGL,2026-09-18T14:00:00-04:00,regular market,349.75,350.989990234375,349.6700134277344,350.760009765625,890725,0.0,0.0,True
GOOGL,2026-09-18T14:30:00-04:00,regular market,350.75,352.0899963378906,350.6900939941406,351.75,1024127,0.0,0.0,True
GOOGL,2026-09-18T15:00:00-04:00,regular market,351.739990234375,352.1400146484375,350.8700866699219,351.8900146484375,878165,0.0,0.0,True
GOOGL,2026-09-18T15:30:00-04:00,regular market,351.9100036621094,351.94000244140625,348.45001220703125,349.05999755859375,4524678,0.0,0.0,True
GOOGL,2026-09-18T16:00:00-04:00,after hours,349.01,350.5,349.01,349.98,0,0.0,0.0,False
GOOGL,2026-09-18T16:30:00-04:00,after hours,349.99,350.69,349.54,350.0,0,0.0,0.0,False
GOOGL,2026-09-18T17:00:00-04:00,after hours,350.04,350.29,349.54,350.22,0,0.0,0.0,False
GOOGL,2026-09-18T17:30:00-04:00,after hours,350.25,350.68,349.54,350.58,0,0.0,0.0,False
GOOGL,2026-09-18T18:00:00-04:00,after hours,350.6,350.7751,349.54,350.61,0,0.0,0.0,False
GOOGL,2026-09-18T18:30:00-04:00,after hours,350.61,350.7,343.35,350.3698,0,0.0,0.0,False
GOOGL,2026-09-18T19:00:00-04:00,after hours,350.37,350.89,350.31,350.6,0,0.0,0.0,False
GOOGL,2026-09-18T19:30:00-04:00,after hours,350.64,350.88,350.34,350.83,0,0.0,0.0,False
GOOGL,2026-09-21T04:00:00-04:00,pre-market,352.05,354.1365,351.1,353.91,0,0.0,0.0,False
GOOGL,2026-09-21T04:30:00-04:00,pre-market,353.93,353.93,352.9704,352.99,0,0.0,0.0,False
GOOGL,2026-09-21T05:00:00-04:00,pre-market,353.0,353.09,352.535,352.69,0,0.0,0.0,False
GOOGL,2026-09-21T05:30:00-04:00,pre-market,352.69,353.386,352.6,352.97,0,0.0,0.0,False
GOOGL,2026-09-21T06:00:00-04:00,pre-market,352.96,353.25,352.75,352.84,0,0.0,0.0,False
GOOGL,2026-09-21T06:30:00-04:00,pre-market,352.89,352.89,352.2,352.4,0,0.0,0.0,False
GOOGL,2026-09-21T07:00:00-04:00,pre-market,352.35,352.65,350.58,350.72,0,0.0,0.0,False
GOOGL,2026-09-21T07:30:00-04:00,pre-market,350.72,351.3499,349.5,350.4886,0,0.0,0.0,False
GOOGL,2026-09-21T08:00:00-04:00,pre-market,350.5,350.84,349.73,350.6807,0,0.0,0.0,False
GOOGL,2026-09-21T08:30:00-04:00,pre-market,350.75,351.73,350.5,350.7791,0,0.0,0.0,False
GOOGL,2026-09-21T09:00:00-04:00,pre-market,350.68,351.28,349.09,350.18,0,0.0,0.0,False
GOOGL,2026-09-21T09:30:00-04:00,regular market,350.6700134277344,355.1400146484375,349.1000061035156,353.5474853515625,5876733,0.0,0.0,True
GOOGL,2026-09-21T10:00:00-04:00,regular market,353.6099853515625,357.5799865722656,352.42999267578125,356.2550048828125,2415995,0.0,0.0,True
GOOGL,2026-09-21T10:30:00-04:00,regular market,356.2099914550781,357.5299987792969,354.8299865722656,355.3699951171875,1284230,0.0,0.0,True
GOOGL,2026-09-21T11:00:00-04:00,regular market,355.44000244140625,356.6400146484375,354.17999267578125,356.3450012207031,1025639,0.0,0.0,True
GOOGL,2026-09-21T11:30:00-04:00,regular market,356.3550109863281,356.989990234375,355.8301086425781,356.9599914550781,977790,0.0,0.0,True
GOOGL,2026-09-21T12:00:00-04:00,regular market,356.9599914550781,357.0398864746094,356.0400085449219,356.43499755859375,1133236,0.0,0.0,True
GOOGL,2026-09-21T12:30:00-04:00,regular market,356.5,356.6700134277344,355.0,355.5,928245,0.0,0.0,True
GOOGL,2026-09-21T13:00:00-04:00,regular market,355.5,356.1600036621094,355.1000061035156,356.0,681289,0.0,0.0,True
GOOGL,2026-09-21T13:30:00-04:00,regular market,355.9949951171875,356.5249938964844,355.739990234375,356.1449890136719,821519,0.0,0.0,True
GOOGL,2026-09-21T14:00:00-04:00,regular market,356.1449890136719,356.489990234375,355.07000732421875,355.2300109863281,1259936,0.0,0.0,True
GOOGL,2026-09-21T14:30:00-04:00,regular market,355.2699890136719,355.6099853515625,354.4599914550781,354.7699890136719,1420620,0.0,0.0,True
GOOGL,2026-09-21T15:00:00-04:00,regular market,354.80999755859375,356.2200012207031,354.0,356.17498779296875,1433967,0.0,0.0,True
GOOGL,2026-09-21T15:30:00-04:00,regular market,356.17498779296875,356.760009765625,354.7149963378906,355.2200012207031,2586562,0.0,0.0,True
GOOGL,2026-09-21T16:00:00-04:00,after hours,354.97,355.83,354.55,355.79,0,0.0,0.0,False
GOOGL,2026-09-21T16:30:00-04:00,after hours,355.7838,363.4996,339.8868,355.7699,0,0.0,0.0,False
GOOGL,2026-09-21T17:00:00-04:00,after hours,355.5,363.4996,331.2394,355.91,0,0.0,0.0,False
GOOGL,2026-09-21T17:30:00-04:00,after hours,355.89,355.96,355.8,355.88,0,0.0,0.0,False
GOOGL,2026-09-21T18:00:00-04:00,after hours,355.88,356.33,355.65,356.028,0,0.0,0.0,False
GOOGL,2026-09-21T18:30:00-04:00,after hours,356.1268,356.65,354.97,356.463,0,0.0,0.0,False
GOOGL,2026-09-21T19:00:00-04:00,after hours,356.31,356.47,356.0,356.1,0,0.0,0.0,False
GOOGL,2026-09-21T19:30:00-04:00,after hours,356.0,356.3462,356.0,356.2,0,0.0,0.0,False
GOOGL,2026-09-22T04:00:00-04:00,pre-market,357.22,357.7,354.97,356.9942,0,0.0,0.0,False
GOOGL,2026-09-22T04:30:00-04:00,pre-market,356.77,358.5906,356.2846,358.3,0,0.0,0.0,False
GOOGL,2026-09-22T05:00:00-04:00,pre-market,358.26,358.49,357.895,358.1962,0,0.0,0.0,False
GOOGL,2026-09-22T05:30:00-04:00,pre-market,358.19,359.12,358.1242,359.014,0,0.0,0.0,False
GOOGL,2026-09-22T06:00:00-04:00,pre-market,359.05,359.12,356.6,357.5,0,0.0,0.0,False
GOOGL,2026-09-22T06:30:00-04:00,pre-market,357.58,357.58,356.9807,357.31,0,0.0,0.0,False
GOOGL,2026-09-22T07:00:00-04:00,pre-market,357.25,357.43,356.75,356.9865,0,0.0,0.0,False
GOOGL,2026-09-22T07:30:00-04:00,pre-market,356.8506,357.2596,356.45,356.57,0,0.0,0.0,False
GOOGL,2026-09-22T08:00:00-04:00,pre-market,356.59,356.84,355.9,356.35,0,0.0,0.0,False
GOOGL,2026-09-22T08:30:00-04:00,pre-market,356.3088,402.62,356.25,356.3009,0,0.0,0.0,False
GOOGL,2026-09-22T09:00:00-04:00,pre-market,356.29,357.75,356.0212,357.69,0,0.0,0.0,False
GOOGL,2026-09-22T09:30:00-04:00,regular market,357.9049987792969,364.1700134277344,357.15301513671875,360.239990234375,5024110,0.0,0.0,True
GOOGL,2026-09-22T10:00:00-04:00,regular market,360.25,362.17999267578125,359.340087890625,362.0450134277344,3061134,0.0,0.0,True
GOOGL,2026-09-22T10:30:00-04:00,regular market,362.0450134277344,362.1199951171875,359.5400085449219,360.0,1604742,0.0,0.0,True
GOOGL,2026-09-22T11:00:00-04:00,regular market,360.05999755859375,360.1400146484375,357.7200012207031,357.73699951171875,1262379,0.0,0.0,True
GOOGL,2026-09-22T11:30:00-04:00,regular market,357.7200012207031,357.739990234375,355.1300048828125,355.3699951171875,1647720,0.0,0.0,True
GOOGL,2026-09-22T12:00:00-04:00,regular market,355.385009765625,355.4938049316406,352.05999755859375,352.07501220703125,1828722,0.0,0.0,True
GOOGL,2026-09-22T12:30:00-04:00,regular market,352.07501220703125,352.1499938964844,350.2200012207031,350.875,1930289,0.0,0.0,True
GOOGL,2026-09-22T13:00:00-04:00,regular market,350.8999938964844,352.8399963378906,350.2699890136719,352.45001220703125,1621115,0.0,0.0,True
GOOGL,2026-09-22T13:30:00-04:00,regular market,352.3699951171875,353.7900085449219,351.2049865722656,353.5199890136719,1064001,0.0,0.0,True
GOOGL,2026-09-22T14:00:00-04:00,regular market,353.5299987792969,353.8699951171875,352.79998779296875,352.8599853515625,683945,0.0,0.0,True
GOOGL,2026-09-22T14:30:00-04:00,regular market,352.82501220703125,353.80499267578125,352.20001220703125,352.42999267578125,853187,0.0,0.0,True
GOOGL,2026-09-22T15:00:00-04:00,regular market,352.4599914550781,353.3299865722656,351.8800048828125,353.2699890136719,1055317,0.0,0.0,True
GOOGL,2026-09-22T15:30:00-04:00,regular market,353.2699890136719,353.6700134277344,350.92999267578125,351.18499755859375,3097819,0.0,0.0,True
GOOGL,2026-09-22T16:00:00-04:00,after hours,351.086,351.56,351.02,351.46,0,0.0,0.0,False
GOOGL,2026-09-22T16:30:00-04:00,after hours,351.4807,351.8,332.3136,351.71,0,0.0,0.0,False
GOOGL,2026-09-22T17:00:00-04:00,after hours,351.7,418.6982,291.4235,351.9,0,0.0,0.0,False
GOOGL,2026-09-22T17:30:00-04:00,after hours,351.9,352.42,351.16,352.1699,0,0.0,0.0,False
GOOGL,2026-09-22T18:00:00-04:00,after hours,352.1699,352.78,352.168,352.62,0,0.0,0.0,False
GOOGL,2026-09-22T18:30:00-04:00,after hours,352.606,352.68,352.0,352.36,0,0.0,0.0,False
GOOGL,2026-09-22T19:00:00-04:00,after hours,352.4,352.57,352.33,352.4403,0,0.0,0.0,False
GOOGL,2026-09-22T19:30:00-04:00,after hours,352.45,352.45,351.55,351.9,0,0.0,0.0,False
GOOGL,2026-09-23T04:00:00-04:00,pre-market,352.3675,353.19,351.16,352.9888,0,0.0,0.0,False
GOOGL,2026-09-23T04:30:00-04:00,pre-market,352.61,352.9888,352.36,352.5834,0,0.0,0.0,False
GOOGL,2026-09-23T05:00:00-04:00,pre-market,352.5,352.6072,352.352,352.39,0,0.0,0.0,False
GOOGL,2026-09-23T05:30:00-04:00,pre-market,352.39,352.68,352.16,352.5,0,0.0,0.0,False
GOOGL,2026-09-23T06:00:00-04:00,pre-market,352.6543,353.2188,352.4103,353.1488,0,0.0,0.0,False
GOOGL,2026-09-23T06:30:00-04:00,pre-market,353.1272,353.1385,352.55,352.77,0,0.0,0.0,False
GOOGL,2026-09-23T07:00:00-04:00,pre-market,352.87,352.95,351.5,351.5,0,0.0,0.0,False
GOOGL,2026-09-23T07:30:00-04:00,pre-market,351.53,351.6,350.55,351.0,0,0.0,0.0,False
GOOGL,2026-09-23T08:00:00-04:00,pre-market,351.09,351.3199,350.22,350.5,0,0.0,0.0,False
GOOGL,2026-09-23T08:30:00-04:00,pre-market,350.5422,350.85,348.83,349.9922,0,0.0,0.0,False
GOOGL,2026-09-23T09:00:00-04:00,pre-market,349.95,351.16,349.2962,349.71,0,0.0,0.0,False
GOOGL,2026-09-23T09:30:00-04:00,regular market,349.7799987792969,350.0,343.2749938964844,343.67999267578125,4252341,0.0,0.0,True
GOOGL,2026-09-23T10:00:00-04:00,regular market,343.62750244140625,343.7699890136719,340.135009765625,341.2099914550781,4173865,0.0,0.0,True
GOOGL,2026-09-23T10:30:00-04:00,regular market,341.2799987792969,342.75,341.0400085449219,342.6600036621094,2457821,0.0,0.0,True
GOOGL,2026-09-23T11:00:00-04:00,regular market,342.67999267578125,342.7300109863281,340.7799987792969,341.0199890136719,2184982,0.0,0.0,True
GOOGL,2026-09-23T11:30:00-04:00,regular market,341.0150146484375,341.2799987792969,340.2699890136719,340.6600036621094,1712524,0.0,0.0,True
GOOGL,2026-09-23T12:00:00-04:00,regular market,340.6679992675781,341.0,338.8800048828125,338.9599914550781,1716981,0.0,0.0,True
GOOGL,2026-09-23T12:30:00-04:00,regular market,338.9599914550781,339.47039794921875,337.7300109863281,337.9800109863281,2276108,0.0,0.0,True
GOOGL,2026-09-23T13:00:00-04:00,regular market,337.9700012207031,338.56658935546875,337.7799987792969,338.3699951171875,1440721,0.0,0.0,True
GOOGL,2026-09-23T13:30:00-04:00,regular market,338.3500061035156,339.3800048828125,338.0,339.2900085449219,1144219,0.0,0.0,True
GOOGL,2026-09-23T14:00:00-04:00,regular market,339.2799987792969,339.92999267578125,338.8550109863281,339.7950134277344,868925,0.0,0.0,True
GOOGL,2026-09-23T14:30:00-04:00,regular market,339.760009765625,339.760009765625,338.8699951171875,339.0799865722656,964723,0.0,0.0,True
GOOGL,2026-09-23T15:00:00-04:00,regular market,339.0799865722656,339.5899963378906,338.8999938964844,339.0299987792969,1146671,0.0,0.0,True
GOOGL,2026-09-23T15:30:00-04:00,regular market,339.0450134277344,339.4700012207031,337.45001220703125,337.8599853515625,4407594,0.0,0.0,True
GOOGL,2026-09-23T16:00:00-04:00,after hours,337.85,354.6567,337.8142,338.28,0,0.0,0.0,False
GOOGL,2026-09-23T16:30:00-04:00,after hours,338.2739,343.4488,325.1359,338.65,0,0.0,0.0,False
GOOGL,2026-09-23T17:00:00-04:00,after hours,338.6345,354.418,325.1359,338.69,0,0.0,0.0,False
GOOGL,2026-09-23T17:30:00-04:00,after hours,338.6377,339.3,338.6,338.79,0,0.0,0.0,False
GOOGL,2026-09-23T18:00:00-04:00,after hours,338.76,339.28,338.76,339.0,0,0.0,0.0,False
GOOGL,2026-09-23T18:30:00-04:00,after hours,338.9985,339.19,337.83,339.08,0,0.0,0.0,False
GOOGL,2026-09-23T19:00:00-04:00,after hours,339.03,339.35,338.9,339.0,0,0.0,0.0,False
GOOGL,2026-09-23T19:30:00-04:00,after hours,339.0,339.15,338.8,339.0488,0,0.0,0.0,False
GOOGL,2026-09-24T04:00:00-04:00,pre-market,338.69,341.32,337.6242,337.68,0,0.0,0.0,False
GOOGL,2026-09-24T04:30:00-04:00,pre-market,337.7,338.1085,336.09,336.46,0,0.0,0.0,False
GOOGL,2026-09-24T05:00:00-04:00,pre-market,336.61,337.1,335.9,336.0982,0,0.0,0.0,False
GOOGL,2026-09-24T05:30:00-04:00,pre-market,336.1,336.64,335.54,336.628,0,0.0,0.0,False
GOOGL,2026-09-24T06:00:00-04:00,pre-market,336.63,337.37,336.45,336.9527,0,0.0,0.0,False
GOOGL,2026-09-24T06:30:00-04:00,pre-market,336.9288,337.45,336.6441,337.16,0,0.0,0.0,False
GOOGL,2026-09-24T07:00:00-04:00,pre-market,337.17,337.83,335.36,335.78,0,0.0,0.0,False
GOOGL,2026-09-24T07:30:00-04:00,pre-market,335.7902,335.92,335.07,335.78,0,0.0,0.0,False
GOOGL,2026-09-24T08:00:00-04:00,pre-market,335.87,336.45,335.38,336.0,0,0.0,0.0,False
GOOGL,2026-09-24T08:30:00-04:00,pre-market,336.0,337.38,335.7089,337.3376,0,0.0,0.0,False
GOOGL,2026-09-24T09:00:00-04:00,pre-market,337.3,338.68,336.05,336.38,0,0.0,0.0,False
GOOGL,2026-09-24T09:30:00-04:00,regular market,336.2349853515625,339.57000732421875,336.0201110839844,338.2715148925781,3509313,0.0,0.0,True
IREN,2026-09-18T04:00:00-04:00,pre-market,43.97,44.28,43.66,44.09,0,0.0,0.0,False
IREN,2026-09-18T04:30:00-04:00,pre-market,44.1,44.19,44.0652,44.07,0,0.0,0.0,False
IREN,2026-09-18T05:00:00-04:00,pre-market,44.1453,44.1453,43.9036,43.95,0,0.0,0.0,False
IREN,2026-09-18T05:30:00-04:00,pre-market,43.93,43.98,43.8026,43.91,0,0.0,0.0,False
IREN,2026-09-18T06:00:00-04:00,pre-market,43.9164,44.0858,43.9,44.06,0,0.0,0.0,False
IREN,2026-09-18T06:30:00-04:00,pre-market,44.04,44.62,44.0,44.31,0,0.0,0.0,False
IREN,2026-09-18T07:00:00-04:00,pre-market,44.31,44.44,44.05,44.26,0,0.0,0.0,False
IREN,2026-09-18T07:30:00-04:00,pre-market,44.24,44.4514,44.11,44.1854,0,0.0,0.0,False
IREN,2026-09-18T08:00:00-04:00,pre-market,44.19,44.3,43.95,44.28,0,0.0,0.0,False
IREN,2026-09-18T08:30:00-04:00,pre-market,44.28,44.43,44.22,44.29,0,0.0,0.0,False
IREN,2026-09-18T09:00:00-04:00,pre-market,44.29,44.8,43.48,44.75,0,0.0,0.0,False
IREN,2026-09-18T09:30:00-04:00,regular market,44.72999954223633,45.27000045776367,44.20000076293945,44.667198181152344,7704998,0.0,0.0,True
IREN,2026-09-18T10:00:00-04:00,regular market,44.68000030517578,44.772499084472656,43.36330032348633,44.01839828491211,3148781,0.0,0.0,True
IREN,2026-09-18T10:30:00-04:00,regular market,44.0,44.630001068115234,43.83000183105469,44.19499969482422,2428533,0.0,0.0,True
IREN,2026-09-18T11:00:00-04:00,regular market,44.21030044555664,44.68000030517578,44.02000045776367,44.470001220703125,1865223,0.0,0.0,True
IREN,2026-09-18T11:30:00-04:00,regular market,44.470001220703125,44.91999816894531,44.31999969482422,44.65999984741211,1525284,0.0,0.0,True
IREN,2026-09-18T12:00:00-04:00,regular market,44.65999984741211,44.84000015258789,44.45500183105469,44.76860046386719,1189455,0.0,0.0,True
IREN,2026-09-18T12:30:00-04:00,regular market,44.77000045776367,45.130001068115234,44.599998474121094,44.845001220703125,2047433,0.0,0.0,True
IREN,2026-09-18T13:00:00-04:00,regular market,44.849998474121094,45.31999969482422,44.775001525878906,45.255001068115234,1600400,0.0,0.0,True
IREN,2026-09-18T13:30:00-04:00,regular market,45.25,45.60499954223633,45.152198791503906,45.595001220703125,1705789,0.0,0.0,True
IREN,2026-09-18T14:00:00-04:00,regular market,45.595001220703125,46.27000045776367,45.57619857788086,46.23500061035156,3565705,0.0,0.0,True
IREN,2026-09-18T14:30:00-04:00,regular market,46.238800048828125,46.255001068115234,45.70000076293945,45.85919952392578,2062093,0.0,0.0,True
IREN,2026-09-18T15:00:00-04:00,regular market,45.849998474121094,46.09000015258789,45.70000076293945,45.90999984741211,2374632,0.0,0.0,True
IREN,2026-09-18T15:30:00-04:00,regular market,45.91510009765625,46.7400016784668,45.810001373291016,46.689998626708984,6629929,0.0,0.0,True
IREN,2026-09-18T16:00:00-04:00,after hours,46.69,46.9,46.45,46.4915,0,0.0,0.0,False
IREN,2026-09-18T16:30:00-04:00,after hours,46.4702,46.72,46.47,46.63,0,0.0,0.0,False
IREN,2026-09-18T17:00:00-04:00,after hours,46.64,46.7,46.6,46.6302,0,0.0,0.0,False
IREN,2026-09-18T17:30:00-04:00,after hours,46.63,46.64,46.52,46.5564,0,0.0,0.0,False
IREN,2026-09-18T18:00:00-04:00,after hours,46.56,46.68,46.5,46.54,0,0.0,0.0,False
IREN,2026-09-18T18:30:00-04:00,after hours,46.5236,46.55,46.32,46.36,0,0.0,0.0,False
IREN,2026-09-18T19:00:00-04:00,after hours,46.35,46.5,46.35,46.3805,0,0.0,0.0,False
IREN,2026-09-18T19:30:00-04:00,after hours,46.3835,46.55,46.38,46.55,0,0.0,0.0,False
IREN,2026-09-21T04:00:00-04:00,pre-market,47.49,47.7497,47.217,47.66,0,0.0,0.0,False
IREN,2026-09-21T04:30:00-04:00,pre-market,47.6513,47.9,47.65,47.83,0,0.0,0.0,False
IREN,2026-09-21T05:00:00-04:00,pre-market,47.84,48.01,47.74,47.93,0,0.0,0.0,False
IREN,2026-09-21T05:30:00-04:00,pre-market,47.9,48.18,47.8,47.83,0,0.0,0.0,False
IREN,2026-09-21T06:00:00-04:00,pre-market,47.79,48.44,47.7497,48.39,0,0.0,0.0,False
IREN,2026-09-21T06:30:00-04:00,pre-market,48.37,48.5,48.01,48.08,0,0.0,0.0,False
IREN,2026-09-21T07:00:00-04:00,pre-market,48.06,48.36,47.95,48.05,0,0.0,0.0,False
IREN,2026-09-21T07:30:00-04:00,pre-market,48.08,48.28,47.95,47.98,0,0.0,0.0,False
IREN,2026-09-21T08:00:00-04:00,pre-market,47.98,48.29,47.9,48.16,0,0.0,0.0,False
IREN,2026-09-21T08:30:00-04:00,pre-market,48.15,48.44,48.01,48.01,0,0.0,0.0,False
IREN,2026-09-21T09:00:00-04:00,pre-market,48.01,48.29,47.74,47.86,0,0.0,0.0,False
IREN,2026-09-21T09:30:00-04:00,regular market,47.849998474121094,48.0,46.400001525878906,47.11000061035156,8661755,0.0,0.0,True
IREN,2026-09-21T10:00:00-04:00,regular market,47.130001068115234,47.310001373291016,46.81990051269531,46.93000030517578,3102645,0.0,0.0,True
IREN,2026-09-21T10:30:00-04:00,regular market,46.93000030517578,47.469200134277344,46.779998779296875,47.38999938964844,2445709,0.0,0.0,True
IREN,2026-09-21T11:00:00-04:00,regular market,47.38999938964844,47.959999084472656,47.3120002746582,47.720001220703125,2175476,0.0,0.0,True
IREN,2026-09-21T11:30:00-04:00,regular market,47.71989822387695,47.79999923706055,47.310001373291016,47.36000061035156,2815670,0.0,0.0,True
IREN,2026-09-21T12:00:00-04:00,regular market,47.36000061035156,47.400001525878906,47.099998474121094,47.235198974609375,1127382,0.0,0.0,True
IREN,2026-09-21T12:30:00-04:00,regular market,47.2400016784668,47.650001525878906,47.04999923706055,47.53310012817383,2584703,0.0,0.0,True
IREN,2026-09-21T13:00:00-04:00,regular market,47.533199310302734,47.779998779296875,47.470001220703125,47.70500183105469,1576108,0.0,0.0,True
IREN,2026-09-21T13:30:00-04:00,regular market,47.709999084472656,48.06449890136719,47.709999084472656,47.85499954223633,1869169,0.0,0.0,True
IREN,2026-09-21T14:00:00-04:00,regular market,47.85499954223633,48.525001525878906,47.75,48.47999954223633,3260919,0.0,0.0,True
IREN,2026-09-21T14:30:00-04:00,regular market,48.47999954223633,48.76900100708008,48.290000915527344,48.41849899291992,2442316,0.0,0.0,True
IREN,2026-09-21T15:00:00-04:00,regular market,48.415000915527344,48.525001525878906,47.72999954223633,47.73040008544922,2472512,0.0,0.0,True
IREN,2026-09-21T15:30:00-04:00,regular market,47.73500061035156,47.939998626708984,47.029998779296875,47.25,4419824,0.0,0.0,True
IREN,2026-09-21T16:00:00-04:00,after hours,47.23,47.45,47.21,47.39,0,0.0,0.0,False
IREN,2026-09-21T16:30:00-04:00,after hours,47.45,47.45,47.23,47.38,0,0.0,0.0,False
IREN,2026-09-21T17:00:00-04:00,after hours,47.37,47.39,47.25,47.3009,0,0.0,0.0,False
IREN,2026-09-21T17:30:00-04:00,after hours,47.31,47.39,47.3,47.37,0,0.0,0.0,False
IREN,2026-09-21T18:00:00-04:00,after hours,47.37,47.42,47.36,47.4,0,0.0,0.0,False
IREN,2026-09-21T18:30:00-04:00,after hours,47.39,47.43,47.32,47.38,0,0.0,0.0,False
IREN,2026-09-21T19:00:00-04:00,after hours,47.3798,47.44,47.34,47.43,0,0.0,0.0,False
IREN,2026-09-21T19:30:00-04:00,after hours,47.43,47.48,47.35,47.4209,0,0.0,0.0,False
IREN,2026-09-22T04:00:00-04:00,pre-market,46.8,47.57,46.02,46.0395,0,0.0,0.0,False
IREN,2026-09-22T04:30:00-04:00,pre-market,46.03,47.0,45.9168,46.95,0,0.0,0.0,False
IREN,2026-09-22T05:00:00-04:00,pre-market,46.94,47.04,46.75,46.81,0,0.0,0.0,False
IREN,2026-09-22T05:30:00-04:00,pre-market,46.81,47.39,46.81,47.39,0,0.0,0.0,False
IREN,2026-09-22T06:00:00-04:00,pre-market,47.37,47.48,47.18,47.2237,0,0.0,0.0,False
IREN,2026-09-22T06:30:00-04:00,pre-market,47.26,47.35,47.16,47.3,0,0.0,0.0,False
IREN,2026-09-22T07:00:00-04:00,pre-market,47.305,47.37,46.9,46.9162,0,0.0,0.0,False
IREN,2026-09-22T07:30:00-04:00,pre-market,46.9,47.07,46.75,46.78,0,0.0,0.0,False
IREN,2026-09-22T08:00:00-04:00,pre-market,46.8637,46.93,46.63,46.82,0,0.0,0.0,False
IREN,2026-09-22T08:30:00-04:00,pre-market,46.83,46.96,46.64,46.9,0,0.0,0.0,False
IREN,2026-09-22T09:00:00-04:00,pre-market,46.88,47.12,46.61,47.0099,0,0.0,0.0,False
IREN,2026-09-22T09:30:00-04:00,regular market,46.98500061035156,48.85499954223633,46.86000061035156,48.31999969482422,7798856,0.0,0.0,True
IREN,2026-09-22T10:00:00-04:00,regular market,48.29999923706055,49.349998474121094,48.0099983215332,48.809898376464844,3965233,0.0,0.0,True
IREN,2026-09-22T10:30:00-04:00,regular market,48.81999969482422,49.05500030517578,48.2400016784668,48.334999084472656,3724803,0.0,0.0,True
IREN,2026-09-22T11:00:00-04:00,regular market,48.31999969482422,48.459999084472656,48.0099983215332,48.13999938964844,1666746,0.0,0.0,True
IREN,2026-09-22T11:30:00-04:00,regular market,48.130001068115234,48.37540054321289,48.04999923706055,48.310001373291016,1183603,0.0,0.0,True
IREN,2026-09-22T12:00:00-04:00,regular market,48.30500030517578,48.30500030517578,47.83000183105469,47.92499923706055,2847331,0.0,0.0,True
IREN,2026-09-22T12:30:00-04:00,regular market,47.91999816894531,48.220001220703125,47.814998626708984,48.05400085449219,868682,0.0,0.0,True
IREN,2026-09-22T13:00:00-04:00,regular market,48.05500030517578,48.25,48.047698974609375,48.2400016784668,811279,0.0,0.0,True
IREN,2026-09-22T13:30:00-04:00,regular market,48.2400016784668,48.41999816894531,48.15010070800781,48.310001373291016,980311,0.0,0.0,True
IREN,2026-09-22T14:00:00-04:00,regular market,48.30500030517578,48.6349983215332,48.119998931884766,48.54999923706055,1131787,0.0,0.0,True
IREN,2026-09-22T14:30:00-04:00,regular market,48.53499984741211,48.779998779296875,48.45000076293945,48.540000915527344,1554901,0.0,0.0,True
IREN,2026-09-22T15:00:00-04:00,regular market,48.529998779296875,48.564998626708984,48.209999084472656,48.36000061035156,1029159,0.0,0.0,True
IREN,2026-09-22T15:30:00-04:00,regular market,48.33000183105469,48.790000915527344,48.31999969482422,48.54999923706055,3194663,0.0,0.0,True
IREN,2026-09-22T16:00:00-04:00,after hours,48.55,48.55,48.1446,48.35,0,0.0,0.0,False
IREN,2026-09-22T16:30:00-04:00,after hours,48.3861,48.55,48.28,48.29,0,0.0,0.0,False
IREN,2026-09-22T17:00:00-04:00,after hours,48.29,48.34,48.25,48.2702,0,0.0,0.0,False
IREN,2026-09-22T17:30:00-04:00,after hours,48.2701,48.28,48.21,48.279,0,0.0,0.0,False
IREN,2026-09-22T18:00:00-04:00,after hours,48.27,48.4,48.25,48.36,0,0.0,0.0,False
IREN,2026-09-22T18:30:00-04:00,after hours,48.4,48.41,48.32,48.33,0,0.0,0.0,False
IREN,2026-09-22T19:00:00-04:00,after hours,48.3495,48.4,48.33,48.36,0,0.0,0.0,False
IREN,2026-09-22T19:30:00-04:00,after hours,48.3838,48.45,48.33,48.41,0,0.0,0.0,False
IREN,2026-09-23T04:00:00-04:00,pre-market,48.745,48.8,48.35,48.7448,0,0.0,0.0,False
IREN,2026-09-23T04:30:00-04:00,pre-market,48.65,48.78,48.4122,48.5,0,0.0,0.0,False
IREN,2026-09-23T05:00:00-04:00,pre-market,48.57,48.65,48.4968,48.5052,0,0.0,0.0,False
IREN,2026-09-23T05:30:00-04:00,pre-market,48.5052,48.63,48.44,48.52,0,0.0,0.0,False
IREN,2026-09-23T06:00:00-04:00,pre-market,48.5169,48.55,48.4,48.47,0,0.0,0.0,False
IREN,2026-09-23T06:30:00-04:00,pre-market,48.49,48.54,48.41,48.51,0,0.0,0.0,False
IREN,2026-09-23T07:00:00-04:00,pre-market,48.53,48.64,48.01,48.09,0,0.0,0.0,False
IREN,2026-09-23T07:30:00-04:00,pre-market,48.0868,48.16,47.73,48.07,0,0.0,0.0,False
IREN,2026-09-23T08:00:00-04:00,pre-market,48.04,48.16,47.82,48.1379,0,0.0,0.0,False
IREN,2026-09-23T08:30:00-04:00,pre-market,48.13,48.26,48.02,48.2,0,0.0,0.0,False
IREN,2026-09-23T09:00:00-04:00,pre-market,48.21,48.55,47.9468,48.16,0,0.0,0.0,False
IREN,2026-09-23T09:30:00-04:00,regular market,48.13999938964844,48.91999816894531,47.83000183105469,48.80500030517578,5024045,0.0,0.0,True
IREN,2026-09-23T10:00:00-04:00,regular market,48.810001373291016,48.970001220703125,47.94160079956055,48.52000045776367,3300591,0.0,0.0,True
IREN,2026-09-23T10:30:00-04:00,regular market,48.5099983215332,49.34000015258789,48.349998474121094,49.29999923706055,2722503,0.0,0.0,True
IREN,2026-09-23T11:00:00-04:00,regular market,49.28799819946289,49.36989974975586,48.630001068115234,48.65290069580078,2106623,0.0,0.0,True
IREN,2026-09-23T11:30:00-04:00,regular market,48.63999938964844,48.77000045776367,48.095001220703125,48.42399978637695,1676589,0.0,0.0,True
IREN,2026-09-23T12:00:00-04:00,regular market,48.43000030517578,48.57500076293945,48.09000015258789,48.389198303222656,1038689,0.0,0.0,True
IREN,2026-09-23T12:30:00-04:00,regular market,48.39289855957031,48.470001220703125,47.72999954223633,47.8650016784668,1537508,0.0,0.0,True
IREN,2026-09-23T13:00:00-04:00,regular market,47.86000061035156,48.14970016479492,47.619998931884766,48.099998474121094,1186457,0.0,0.0,True
IREN,2026-09-23T13:30:00-04:00,regular market,48.099998474121094,48.13999938964844,47.790000915527344,48.096099853515625,2369436,0.0,0.0,True
IREN,2026-09-23T14:00:00-04:00,regular market,48.08000183105469,48.38999938964844,47.915000915527344,48.314998626708984,2802080,0.0,0.0,True
IREN,2026-09-23T14:30:00-04:00,regular market,48.315101623535156,48.3650016784668,48.060001373291016,48.209999084472656,867450,0.0,0.0,True
IREN,2026-09-23T15:00:00-04:00,regular market,48.20000076293945,48.20500183105469,47.77000045776367,48.13999938964844,1104376,0.0,0.0,True
IREN,2026-09-23T15:30:00-04:00,regular market,48.150001525878906,48.189998626708984,47.0099983215332,47.040000915527344,3685479,0.0,0.0,True
IREN,2026-09-23T16:00:00-04:00,after hours,47.05,47.15,46.56,46.8964,0,0.0,0.0,False
IREN,2026-09-23T16:30:00-04:00,after hours,46.8973,47.0,46.87,46.9,0,0.0,0.0,False
IREN,2026-09-23T17:00:00-04:00,after hours,46.9,47.0,46.86,46.9223,0,0.0,0.0,False
IREN,2026-09-23T17:30:00-04:00,after hours,46.91,47.05,46.9,46.908,0,0.0,0.0,False
IREN,2026-09-23T18:00:00-04:00,after hours,46.911,47.15,46.9,47.03,0,0.0,0.0,False
IREN,2026-09-23T18:30:00-04:00,after hours,47.05,47.13,46.95,46.9997,0,0.0,0.0,False
IREN,2026-09-23T19:00:00-04:00,after hours,46.99,47.0,46.77,46.77,0,0.0,0.0,False
IREN,2026-09-23T19:30:00-04:00,after hours,46.78,46.8,46.6,46.6,0,0.0,0.0,False
IREN,2026-09-24T04:00:00-04:00,pre-market,45.88,46.49,45.46,45.5,0,0.0,0.0,False
IREN,2026-09-24T04:30:00-04:00,pre-market,45.4763,45.69,45.28,45.58,0,0.0,0.0,False
IREN,2026-09-24T05:00:00-04:00,pre-market,45.57,46.05,45.5,45.58,0,0.0,0.0,False
IREN,2026-09-24T05:30:00-04:00,pre-market,45.6,45.74,45.3461,45.64,0,0.0,0.0,False
IREN,2026-09-24T06:00:00-04:00,pre-market,45.64,45.96,45.62,45.75,0,0.0,0.0,False
IREN,2026-09-24T06:30:00-04:00,pre-market,45.68,45.99,45.68,45.95,0,0.0,0.0,False
IREN,2026-09-24T07:00:00-04:00,pre-market,45.91,46.1148,45.76,45.76,0,0.0,0.0,False
IREN,2026-09-24T07:30:00-04:00,pre-market,45.79,45.95,45.65,45.81,0,0.0,0.0,False
IREN,2026-09-24T08:00:00-04:00,pre-market,45.84,46.03,45.63,45.8,0,0.0,0.0,False
IREN,2026-09-24T08:30:00-04:00,pre-market,45.71,47.05,45.42,45.82,0,0.0,0.0,False
IREN,2026-09-24T09:00:00-04:00,pre-market,45.8268,46.06,45.55,45.91,0,0.0,0.0,False
IREN,2026-09-24T09:30:00-04:00,regular market,45.86000061035156,47.32040023803711,45.45000076293945,46.45500183105469,5891166,0.0,0.0,True
MELI,2026-09-18T04:00:00-04:00,pre-market,1826.7238,1840.0,1824.11,1831.9288,0,0.0,0.0,False
MELI,2026-09-18T04:30:00-04:00,pre-market,1831.41,1831.41,1824.4731,1825.21,0,0.0,0.0,False
MELI,2026-09-18T05:00:00-04:00,pre-market,1830.8765,1830.8765,1825.0,1828.297,0,0.0,0.0,False
MELI,2026-09-18T05:30:00-04:00,pre-market,1824.223,1828.2188,1824.223,1828.2188,0,0.0,0.0,False
MELI,2026-09-18T06:00:00-04:00,pre-market,1827.8097,1828.02,1826.73,1827.58,0,0.0,0.0,False
MELI,2026-09-18T06:30:00-04:00,pre-market,1827.4225,1827.4225,1824.14,1824.14,0,0.0,0.0,False
MELI,2026-09-18T07:00:00-04:00,pre-market,1823.0001,1830.6844,1821.8531,1821.8531,0,0.0,0.0,False
MELI,2026-09-18T07:30:00-04:00,pre-market,1827.8546,1828.9106,1825.5192,1825.52,0,0.0,0.0,False
MELI,2026-09-18T08:00:00-04:00,pre-market,1827.0,1829.51,1825.0,1829.51,0,0.0,0.0,False
MELI,2026-09-18T08:30:00-04:00,pre-market,1829.347,1829.5,1826.418,1828.01,0,0.0,0.0,False
MELI,2026-09-18T09:00:00-04:00,pre-market,1827.0,1829.04,1814.1302,1824.66,0,0.0,0.0,False
MELI,2026-09-18T09:30:00-04:00,regular market,1825.2099609375,1827.050048828125,1795.3800048828125,1810.4300537109375,101677,0.0,0.0,True
MELI,2026-09-18T10:00:00-04:00,regular market,1808.1829833984375,1819.550048828125,1806.870849609375,1807.72998046875,17617,0.0,0.0,True
MELI,2026-09-18T10:30:00-04:00,regular market,1808.800048828125,1808.800048828125,1790.6700439453125,1793.633056640625,29282,0.0,0.0,True
MELI,2026-09-18T11:00:00-04:00,regular market,1793.1600341796875,1795.1500244140625,1788.2099609375,1792.3299560546875,15299,0.0,0.0,True
MELI,2026-09-18T11:30:00-04:00,regular market,1792.52001953125,1798.6400146484375,1790.1700439453125,1797.47998046875,33634,0.0,0.0,True
MELI,2026-09-18T12:00:00-04:00,regular market,1797.2049560546875,1806.0899658203125,1792.5,1801.8199462890625,58054,0.0,0.0,True
MELI,2026-09-18T12:30:00-04:00,regular market,1800.010009765625,1810.0,1797.030029296875,1810.0,64341,0.0,0.0,True
MELI,2026-09-18T13:00:00-04:00,regular market,1809.3499755859375,1813.3599853515625,1803.739990234375,1805.9649658203125,80449,0.0,0.0,True
MELI,2026-09-18T13:30:00-04:00,regular market,1805.9649658203125,1806.7900390625,1798.8018798828125,1799.3399658203125,75983,0.0,0.0,True
MELI,2026-09-18T14:00:00-04:00,regular market,1799.2457275390625,1801.6500244140625,1793.0999755859375,1796.2349853515625,68250,0.0,0.0,True
MELI,2026-09-18T14:30:00-04:00,regular market,1796.739990234375,1804.665283203125,1795.02001953125,1801.9200439453125,48014,0.0,0.0,True
MELI,2026-09-18T15:00:00-04:00,regular market,1802.969970703125,1806.904296875,1799.239990234375,1804.56494140625,65000,0.0,0.0,True
MELI,2026-09-18T15:30:00-04:00,regular market,1804.97998046875,1805.989990234375,1785.25,1786.739990234375,84311,0.0,0.0,True
MELI,2026-09-18T16:00:00-04:00,after hours,1787.39,1799.0,1785.0,1790.7,0,0.0,0.0,False
MELI,2026-09-18T16:30:00-04:00,after hours,1789.87,1792.9,1789.55,1792.8999,0,0.0,0.0,False
MELI,2026-09-18T17:00:00-04:00,after hours,1792.9,1792.9,1787.39,1787.39,0,0.0,0.0,False
MELI,2026-09-18T17:30:00-04:00,after hours,1791.79,1791.79,1789.6062,1791.0,0,0.0,0.0,False
MELI,2026-09-18T18:00:00-04:00,after hours,1790.2,1792.0,1787.39,1792.0,0,0.0,0.0,False
MELI,2026-09-18T18:30:00-04:00,after hours,1792.0,1792.0,1790.8893,1790.9352,0,0.0,0.0,False
MELI,2026-09-18T19:00:00-04:00,after hours,1790.8893,1792.0,1789.9297,1791.8153,0,0.0,0.0,False
MELI,2026-09-18T19:30:00-04:00,after hours,1790.0,1792.0,1789.55,1791.35,0,0.0,0.0,False
MELI,2026-09-21T04:00:00-04:00,pre-market,1801.5388,1801.5388,1787.7437,1792.8,0,0.0,0.0,False
MELI,2026-09-21T04:30:00-04:00,pre-market,1799.8,1800.0,1794.06,1796.0,0,0.0,0.0,False
MELI,2026-09-21T05:00:00-04:00,pre-market,1794.06,1800.0,1794.06,1797.93,0,0.0,0.0,False
MELI,2026-09-21T05:30:00-04:00,pre-market,1795.21,1797.0,1795.21,1797.0,0,0.0,0.0,False
MELI,2026-09-21T06:00:00-04:00,pre-market,1797.31,1800.0,1795.6613,1796.82,0,0.0,0.0,False
MELI,2026-09-21T06:30:00-04:00,pre-market,1797.99,1797.99,1797.9352,1797.9352,0,0.0,0.0,False
MELI,2026-09-21T07:00:00-04:00,pre-market,1797.98,1797.98,1787.39,1793.0,0,0.0,0.0,False
MELI,2026-09-21T07:30:00-04:00,pre-market,1792.0,1793.0,1790.75,1792.0,0,0.0,0.0,False
MELI,2026-09-21T08:00:00-04:00,pre-market,1791.8,1792.91,1791.0,1792.5,0,0.0,0.0,False
MELI,2026-09-21T08:30:00-04:00,pre-market,1792.5,1792.91,1789.673,1789.673,0,0.0,0.0,False
MELI,2026-09-21T09:00:00-04:00,pre-market,1792.91,1797.93,1787.0,1793.9,0,0.0,0.0,False
MELI,2026-09-21T09:30:00-04:00,regular market,1794.0,1820.0,1789.0400390625,1814.739990234375,50720,0.0,0.0,True
MELI,2026-09-21T10:00:00-04:00,regular market,1815.989990234375,1834.530029296875,1814.719970703125,1829.1724853515625,60055,0.0,0.0,True
MELI,2026-09-21T10:30:00-04:00,regular market,1830.22998046875,1833.949951171875,1824.5400390625,1826.1500244140625,20051,0.0,0.0,True
MELI,2026-09-21T11:00:00-04:00,regular market,1824.8299560546875,1826.760009765625,1816.8499755859375,1819.9749755859375,21978,0.0,0.0,True
MELI,2026-09-21T11:30:00-04:00,regular market,1818.949951171875,1824.7099609375,1816.1400146484375,1817.8599853515625,51184,0.0,0.0,True
MELI,2026-09-21T12:00:00-04:00,regular market,1817.97998046875,1825.449951171875,1813.3199462890625,1824.4200439453125,91921,0.0,0.0,True
MELI,2026-09-21T12:30:00-04:00,regular market,1823.6800537109375,1830.760009765625,1822.6900634765625,1827.449951171875,50530,0.0,0.0,True
MELI,2026-09-21T13:00:00-04:00,regular market,1826.72998046875,1829.3699951171875,1822.449951171875,1826.1600341796875,64550,0.0,0.0,True
MELI,2026-09-21T13:30:00-04:00,regular market,1826.6199951171875,1830.0,1825.5301513671875,1828.449951171875,56974,0.0,0.0,True
MELI,2026-09-21T14:00:00-04:00,regular market,1828.800048828125,1831.81005859375,1825.1400146484375,1827.72998046875,34523,0.0,0.0,True
MELI,2026-09-21T14:30:00-04:00,regular market,1827.60498046875,1827.8499755859375,1822.0,1822.68505859375,64932,0.0,0.0,True
MELI,2026-09-21T15:00:00-04:00,regular market,1822.699951171875,1830.5894775390625,1822.010009765625,1828.010009765625,67048,0.0,0.0,True
MELI,2026-09-21T15:30:00-04:00,regular market,1827.6500244140625,1829.2099609375,1819.02001953125,1820.3349609375,70321,0.0,0.0,True
MELI,2026-09-21T16:00:00-04:00,after hours,1820.47,1820.47,1814.19,1819.025,0,0.0,0.0,False
MELI,2026-09-21T16:30:00-04:00,after hours,1825.825,1937.0269,1819.0,1820.0,0,0.0,0.0,False
MELI,2026-09-21T17:00:00-04:00,after hours,1825.0,1825.0,1820.0,1824.9988,0,0.0,0.0,False
MELI,2026-09-21T17:30:00-04:00,after hours,1820.47,1824.6182,1820.0,1820.06,0,0.0,0.0,False
MELI,2026-09-21T18:00:00-04:00,after hours,1824.7872,1824.91,1824.7872,1824.91,0,0.0,0.0,False
MELI,2026-09-21T19:00:00-04:00,after hours,1824.7872,1824.91,1823.9,1824.7872,0,0.0,0.0,False
MELI,2026-09-21T19:30:00-04:00,after hours,1820.06,1824.91,1820.06,1821.0,0,0.0,0.0,False
MELI,2026-09-22T04:00:00-04:00,pre-market,1822.2195,1829.9988,1821.9562,1825.0,0,0.0,0.0,False
MELI,2026-09-22T04:30:00-04:00,pre-market,1829.7393,1831.1534,1828.0,1829.8,0,0.0,0.0,False
MELI,2026-09-22T05:00:00-04:00,pre-market,1827.8,1831.1534,1827.0,1829.09,0,0.0,0.0,False
MELI,2026-09-22T05:30:00-04:00,pre-market,1830.85,1831.26,1824.3112,1824.3112,0,0.0,0.0,False
MELI,2026-09-22T06:00:00-04:00,pre-market,1830.0,1831.26,1830.0,1831.26,0,0.0,0.0,False
MELI,2026-09-22T06:30:00-04:00,pre-market,1829.32,1833.4125,1829.32,1833.4125,0,0.0,0.0,False
MELI,2026-09-22T07:00:00-04:00,pre-market,1828.63,1833.3,1824.3986,1828.75,0,0.0,0.0,False
MELI,2026-09-22T07:30:00-04:00,pre-market,1831.6208,1832.5,1825.0,1825.0,0,0.0,0.0,False
MELI,2026-09-22T08:00:00-04:00,pre-market,1827.7336,1832.4988,1825.5,1832.4988,0,0.0,0.0,False
MELI,2026-09-22T08:30:00-04:00,pre-market,1824.5204,1835.0,1824.5204,1835.0,0,0.0,0.0,False
MELI,2026-09-22T09:00:00-04:00,pre-market,1835.0,1848.75,1823.4097,1839.0,0,0.0,0.0,False
MELI,2026-09-22T09:30:00-04:00,regular market,1828.199951171875,1840.0,1815.469970703125,1817.0849609375,30992,0.0,0.0,True
MELI,2026-09-22T10:00:00-04:00,regular market,1819.9449462890625,1822.3995361328125,1795.4000244140625,1796.7750244140625,21369,0.0,0.0,True
MELI,2026-09-22T10:30:00-04:00,regular market,1796.7750244140625,1808.989990234375,1790.219970703125,1801.0050048828125,26929,0.0,0.0,True
MELI,2026-09-22T11:00:00-04:00,regular market,1800.02001953125,1815.385009765625,1797.030029296875,1815.0,30562,0.0,0.0,True
MELI,2026-09-22T11:30:00-04:00,regular market,1814.22998046875,1816.72607421875,1805.425537109375,1815.8199462890625,31298,0.0,0.0,True
MELI,2026-09-22T12:00:00-04:00,regular market,1815.5400390625,1827.5699462890625,1815.5400390625,1824.324951171875,41090,0.0,0.0,True
MELI,2026-09-22T12:30:00-04:00,regular market,1823.8199462890625,1829.7698974609375,1821.9300537109375,1828.578857421875,46985,0.0,0.0,True
MELI,2026-09-22T13:00:00-04:00,regular market,1828.2149658203125,1830.1500244140625,1818.635009765625,1820.2701416015625,45384,0.0,0.0,True
MELI,2026-09-22T13:30:00-04:00,regular market,1821.4708251953125,1840.0,1819.4359130859375,1835.47998046875,58839,0.0,0.0,True
MELI,2026-09-22T14:00:00-04:00,regular market,1834.2650146484375,1835.7900390625,1826.949951171875,1830.14501953125,42026,0.0,0.0,True
MELI,2026-09-22T14:30:00-04:00,regular market,1831.0250244140625,1832.9998779296875,1825.0,1830.7249755859375,66362,0.0,0.0,True
MELI,2026-09-22T15:00:00-04:00,regular market,1832.2099609375,1838.0,1828.3399658203125,1836.469970703125,16687,0.0,0.0,True
MELI,2026-09-22T15:30:00-04:00,regular market,1836.405029296875,1842.489990234375,1825.3499755859375,1828.0400390625,42934,0.0,0.0,True
MELI,2026-09-22T16:00:00-04:00,after hours,1826.58,1830.7625,1821.5012,1826.5,0,0.0,0.0,False
MELI,2026-09-22T16:30:00-04:00,after hours,1830.7625,1830.7625,1825.0,1825.0,0,0.0,0.0,False
MELI,2026-09-22T17:00:00-04:00,after hours,1831.0,1831.0,1821.7375,1830.99,0,0.0,0.0,False
MELI,2026-09-22T17:30:00-04:00,after hours,1830.7687,1831.0,1826.58,1830.2966,0,0.0,0.0,False
MELI,2026-09-22T18:00:00-04:00,after hours,1825.1,1830.9988,1825.1,1826.29,0,0.0,0.0,False
MELI,2026-09-22T18:30:00-04:00,after hours,1831.0,1831.0,1827.21,1830.9255,0,0.0,0.0,False
MELI,2026-09-22T19:00:00-04:00,after hours,1831.0,1831.0,1828.98,1829.3,0,0.0,0.0,False
MELI,2026-09-22T19:30:00-04:00,after hours,1829.3,1831.0,1822.225,1831.0,0,0.0,0.0,False
MELI,2026-09-23T04:00:00-04:00,pre-market,1840.3315,1848.9192,1816.0656,1833.7775,0,0.0,0.0,False
MELI,2026-09-23T04:30:00-04:00,pre-market,1832.6417,1833.7775,1832.6417,1833.6365,0,0.0,0.0,False
MELI,2026-09-23T05:00:00-04:00,pre-market,1833.5,1833.69,1833.5,1833.69,0,0.0,0.0,False
MELI,2026-09-23T05:30:00-04:00,pre-market,1833.6501,1833.676,1833.6501,1833.675,0,0.0,0.0,False
MELI,2026-09-23T06:00:00-04:00,pre-market,1833.6705,1833.6705,1820.7512,1820.7512,0,0.0,0.0,False
MELI,2026-09-23T06:30:00-04:00,pre-market,1833.67,1833.67,1833.67,1833.67,0,0.0,0.0,False
MELI,2026-09-23T07:00:00-04:00,pre-market,1832.0,1834.0,1830.5,1830.52,0,0.0,0.0,False
MELI,2026-09-23T07:30:00-04:00,pre-market,1833.91,1833.91,1830.0,1831.0,0,0.0,0.0,False
MELI,2026-09-23T08:00:00-04:00,pre-market,1830.0,1833.81,1828.06,1833.81,0,0.0,0.0,False
MELI,2026-09-23T08:30:00-04:00,pre-market,1833.81,1833.81,1830.0,1830.075,0,0.0,0.0,False
MELI,2026-09-23T09:00:00-04:00,pre-market,1832.0,1832.875,1795.0,1795.0,0,0.0,0.0,False
MELI,2026-09-23T09:30:00-04:00,regular market,1799.885009765625,1836.0699462890625,1795.1700439453125,1806.6800537109375,65783,0.0,0.0,True
MELI,2026-09-23T10:00:00-04:00,regular market,1806.6800537109375,1810.39501953125,1799.0,1809.4849853515625,31924,0.0,0.0,True
MELI,2026-09-23T10:30:00-04:00,regular market,1809.4849853515625,1816.7950439453125,1804.8199462890625,1813.0,30623,0.0,0.0,True
MELI,2026-09-23T11:00:00-04:00,regular market,1812.02001953125,1812.7099609375,1800.010986328125,1801.739990234375,14490,0.0,0.0,True
MELI,2026-09-23T11:30:00-04:00,regular market,1801.7900390625,1811.260009765625,1801.0101318359375,1809.8599853515625,26808,0.0,0.0,True
MELI,2026-09-23T12:00:00-04:00,regular market,1809.280029296875,1817.2149658203125,1805.9000244140625,1809.6717529296875,49877,0.0,0.0,True
MELI,2026-09-23T12:30:00-04:00,regular market,1810.4300537109375,1819.0250244140625,1803.300048828125,1806.2850341796875,54685,0.0,0.0,True
MELI,2026-09-23T13:00:00-04:00,regular market,1806.4949951171875,1808.85986328125,1797.0,1798.4000244140625,55029,0.0,0.0,True
MELI,2026-09-23T13:30:00-04:00,regular market,1797.9949951171875,1799.9599609375,1791.3900146484375,1791.68994140625,41616,0.0,0.0,True
MELI,2026-09-23T14:00:00-04:00,regular market,1791.4599609375,1800.4100341796875,1788.1241455078125,1798.06005859375,73889,0.0,0.0,True
MELI,2026-09-23T14:30:00-04:00,regular market,1798.010009765625,1800.2900390625,1795.550048828125,1797.0849609375,46634,0.0,0.0,True
MELI,2026-09-23T15:00:00-04:00,regular market,1797.6595458984375,1801.0799560546875,1793.7142333984375,1796.5999755859375,19518,0.0,0.0,True
MELI,2026-09-23T15:30:00-04:00,regular market,1796.22998046875,1803.6700439453125,1795.5,1801.219970703125,43070,0.0,0.0,True
MELI,2026-09-23T16:00:00-04:00,after hours,1799.24,1804.378,1797.075,1799.5,0,0.0,0.0,False
MELI,2026-09-23T16:30:00-04:00,after hours,1799.9,1802.225,1798.125,1799.0,0,0.0,0.0,False
MELI,2026-09-23T17:00:00-04:00,after hours,1893.5696,1893.5696,1798.248,1799.24,0,0.0,0.0,False
MELI,2026-09-23T17:30:00-04:00,after hours,1799.24,1799.24,1798.187,1798.187,0,0.0,0.0,False
MELI,2026-09-23T18:00:00-04:00,after hours,1799.24,1800.0125,1799.05,1799.8228,0,0.0,0.0,False
MELI,2026-09-23T18:30:00-04:00,after hours,1800.7317,1800.7317,1798.7,1798.8,0,0.0,0.0,False
MELI,2026-09-23T19:00:00-04:00,after hours,1800.7047,1800.7047,1798.27,1798.27,0,0.0,0.0,False
MELI,2026-09-23T19:30:00-04:00,after hours,1798.19,1800.0,1797.5,1799.0,0,0.0,0.0,False
MELI,2026-09-24T04:00:00-04:00,pre-market,1795.3337,1808.9988,1790.01,1794.0,0,0.0,0.0,False
MELI,2026-09-24T04:30:00-04:00,pre-market,1793.85,1794.0,1790.1346,1793.0,0,0.0,0.0,False
MELI,2026-09-24T05:00:00-04:00,pre-market,1794.9988,1795.0,1793.0,1794.9988,0,0.0,0.0,False
MELI,2026-09-24T05:30:00-04:00,pre-market,1794.0,1794.8752,1790.1346,1790.1346,0,0.0,0.0,False
MELI,2026-09-24T06:00:00-04:00,pre-market,1794.99,1795.0,1790.1346,1793.0,0,0.0,0.0,False
MELI,2026-09-24T06:30:00-04:00,pre-market,1794.02,1808.9888,1792.02,1808.9888,0,0.0,0.0,False
MELI,2026-09-24T07:00:00-04:00,pre-market,1794.9,1803.0,1790.01,1792.69,0,0.0,0.0,False
MELI,2026-09-24T07:30:00-04:00,pre-market,1794.0,1799.24,1792.69,1793.55,0,0.0,0.0,False
MELI,2026-09-24T08:00:00-04:00,pre-market,1795.0,1799.21,1792.853,1794.5,0,0.0,0.0,False
MELI,2026-09-24T08:30:00-04:00,pre-market,1795.0,1799.21,1793.3102,1798.99,0,0.0,0.0,False
MELI,2026-09-24T09:00:00-04:00,pre-market,1793.0,1807.27,1792.0,1794.87,0,0.0,0.0,False
MELI,2026-09-24T09:30:00-04:00,regular market,1793.4300537109375,1805.919921875,1768.3599853515625,1781.3895263671875,47266,0.0,0.0,True
META,2026-09-18T04:00:00-04:00,pre-market,686.82,687.3,682.0455,685.5,0,0.0,0.0,False
META,2026-09-18T04:30:00-04:00,pre-market,685.05,686.59,685.0012,686.0,0,0.0,0.0,False
META,2026-09-18T05:00:00-04:00,pre-market,685.65,686.35,685.1512,685.76,0,0.0,0.0,False
META,2026-09-18T05:30:00-04:00,pre-market,685.755,686.13,684.134,684.65,0,0.0,0.0,False
META,2026-09-18T06:00:00-04:00,pre-market,684.6085,686.5,684.5,685.12,0,0.0,0.0,False
META,2026-09-18T06:30:00-04:00,pre-market,685.37,685.94,684.9,685.34,0,0.0,0.0,False
META,2026-09-18T07:00:00-04:00,pre-market,685.34,689.18,682.31,688.9535,0,0.0,0.0,False
META,2026-09-18T07:30:00-04:00,pre-market,688.86,694.34,688.8,692.01,0,0.0,0.0,False
META,2026-09-18T08:00:00-04:00,pre-market,692.65,693.0,680.605,690.49,0,0.0,0.0,False
META,2026-09-18T08:30:00-04:00,pre-market,690.235,691.5,689.0,690.9535,0,0.0,0.0,False
META,2026-09-18T09:00:00-04:00,pre-market,690.76,690.9844,580.76,686.92,0,0.0,0.0,False
META,2026-09-18T09:30:00-04:00,regular market,686.8200073242188,690.1500244140625,668.4906005859375,674.6699829101562,5726978,0.0,0.0,True
META,2026-09-18T10:00:00-04:00,regular market,675.1400146484375,676.25,669.9000244140625,673.6199951171875,1404012,0.0,0.0,True
META,2026-09-18T10:30:00-04:00,regular market,673.7164916992188,680.0999755859375,673.0700073242188,679.8400268554688,1237251,0.0,0.0,True
META,2026-09-18T11:00:00-04:00,regular market,679.8049926757812,681.8350219726562,673.5482788085938,673.6799926757812,1108943,0.0,0.0,True
META,2026-09-18T11:30:00-04:00,regular market,673.780029296875,674.02001953125,671.2429809570312,672.0698852539062,1388587,0.0,0.0,True
META,2026-09-18T12:00:00-04:00,regular market,672.0700073242188,672.2000122070312,669.4299926757812,670.8900146484375,957987,0.0,0.0,True
META,2026-09-18T12:30:00-04:00,regular market,670.9061279296875,672.5,669.5900268554688,669.8200073242188,1416368,0.0,0.0,True
META,2026-09-18T13:00:00-04:00,regular market,669.7949829101562,672.5900268554688,669.27001953125,670.5999755859375,991704,0.0,0.0,True
META,2026-09-18T13:30:00-04:00,regular market,670.6500244140625,671.8200073242188,670.1300048828125,670.6300048828125,512238,0.0,0.0,True
META,2026-09-18T14:00:00-04:00,regular market,670.7449951171875,672.489990234375,670.4500122070312,671.22998046875,407813,0.0,0.0,True
META,2026-09-18T14:30:00-04:00,regular market,671.22998046875,674.2999877929688,670.7365112304688,672.760009765625,872421,0.0,0.0,True
META,2026-09-18T15:00:00-04:00,regular market,672.760009765625,673.2000122070312,670.1500244140625,670.5086059570312,520022,0.0,0.0,True
META,2026-09-18T15:30:00-04:00,regular market,670.4949951171875,670.6395263671875,660.7999877929688,665.52001953125,2759327,0.0,0.0,True
META,2026-09-18T16:00:00-04:00,after hours,665.75,686.17,665.5436,668.4,0,0.0,0.0,False
META,2026-09-18T16:30:00-04:00,after hours,668.4842,669.5,665.75,668.62,0,0.0,0.0,False
META,2026-09-18T17:00:00-04:00,after hours,668.6,687.9067,631.1163,668.4767,0,0.0,0.0,False
META,2026-09-18T17:30:00-04:00,after hours,668.4767,668.88,665.75,668.4197,0,0.0,0.0,False
META,2026-09-18T18:00:00-04:00,after hours,668.41,668.88,665.75,668.75,0,0.0,0.0,False
META,2026-09-18T18:30:00-04:00,after hours,668.8028,668.8125,667.73,668.234,0,0.0,0.0,False
META,2026-09-18T19:00:00-04:00,after hours,668.234,668.59,668.0,668.28,0,0.0,0.0,False
META,2026-09-18T19:30:00-04:00,after hours,668.3,668.59,668.0,668.5506,0,0.0,0.0,False
META,2026-09-21T00:00:00-04:00,overnight,,,,,0,0.525,0.0,False
META,2026-09-21T04:00:00-04:00,pre-market,681.59,685.1089,675.7857,684.75,0,0.0,0.0,False
META,2026-09-21T04:30:00-04:00,pre-market,683.75,684.24,681.6,681.81,0,0.0,0.0,False
META,2026-09-21T05:00:00-04:00,pre-market,681.81,683.2988,681.4012,681.5,0,0.0,0.0,False
META,2026-09-21T05:30:00-04:00,pre-market,681.5,682.175,680.5125,681.5,0,0.0,0.0,False
META,2026-09-21T06:00:00-04:00,pre-market,681.5,684.545,680.51,683.69,0,0.0,0.0,False
META,2026-09-21T06:30:00-04:00,pre-market,683.22,685.967,681.91,683.4,0,0.0,0.0,False
META,2026-09-21T07:00:00-04:00,pre-market,683.14,684.4988,665.75,681.5506,0,0.0,0.0,False
META,2026-09-21T07:30:00-04:00,pre-market,681.24,683.0,679.4925,680.9113,0,0.0,0.0,False
META,2026-09-21T08:00:00-04:00,pre-market,680.9817,681.45,678.0101,679.5012,0,0.0,0.0,False
META,2026-09-21T08:30:00-04:00,pre-market,679.8,682.2,679.56,681.3119,0,0.0,0.0,False
META,2026-09-21T09:00:00-04:00,pre-market,681.3634,681.645,679.5,680.41,0,0.0,0.0,False
META,2026-09-21T09:30:00-04:00,regular market,680.3800048828125,712.0,679.5999755859375,711.7999877929688,9030703,0.0,0.0,True
META,2026-09-21T10:00:00-04:00,regular market,711.8350219726562,716.2899780273438,709.380126953125,712.35498046875,3587055,0.0,0.0,True
META,2026-09-21T10:30:00-04:00,regular market,712.35498046875,713.5700073242188,708.25,709.5449829101562,2099776,0.0,0.0,True
META,2026-09-21T11:00:00-04:00,regular market,709.760009765625,713.6895751953125,706.0999755859375,712.5349731445312,1587225,0.0,0.0,True
META,2026-09-21T11:30:00-04:00,regular market,712.405029296875,722.3800048828125,712.3699951171875,720.9152221679688,2663055,0.0,0.0,True
META,2026-09-21T12:00:00-04:00,regular market,720.989990234375,728.4000244140625,720.8049926757812,726.530029296875,2988432,0.0,0.0,True
META,2026-09-21T12:30:00-04:00,regular market,726.4949951171875,729.9500122070312,726.469970703125,728.875,1920298,0.0,0.0,True
META,2026-09-21T13:00:00-04:00,regular market,728.8300170898438,738.3099975585938,728.1900024414062,737.6489868164062,3235303,0.0,0.0,True
META,2026-09-21T13:30:00-04:00,regular market,737.6397094726562,744.489990234375,736.3400268554688,744.030029296875,3563050,0.0,0.0,True
META,2026-09-21T14:00:00-04:00,regular market,743.969970703125,749.489990234375,741.3200073242188,747.3400268554688,3331855,0.0,0.0,True
META,2026-09-21T14:30:00-04:00,regular market,747.3400268554688,748.760009765625,744.239990234375,745.7150268554688,2452350,0.0,0.0,True
META,2026-09-21T15:00:00-04:00,regular market,745.7150268554688,746.489990234375,742.8699951171875,746.25,2291876,0.0,0.0,True
META,2026-09-21T15:30:00-04:00,regular market,746.1599731445312,753.0,740.8300170898438,741.1300048828125,5723995,0.0,0.0,True
META,2026-09-21T16:00:00-04:00,after hours,741.245,742.1,732.815,740.8288,0,0.0,0.0,False
META,2026-09-21T16:30:00-04:00,after hours,740.82,741.245,740.52,740.82,0,0.0,0.0,False
META,2026-09-21T17:00:00-04:00,after hours,740.7037,741.3988,709.6095,740.37,0,0.0,0.0,False
META,2026-09-21T17:30:00-04:00,after hours,740.37,740.79,709.8314,740.17,0,0.0,0.0,False
META,2026-09-21T18:00:00-04:00,after hours,740.17,741.34,739.59,740.9407,0,0.0,0.0,False
META,2026-09-21T18:30:00-04:00,after hours,741.4,742.0,740.5,741.79,0,0.0,0.0,False
META,2026-09-21T19:00:00-04:00,after hours,741.7206,743.6,741.0175,741.633,0,0.0,0.0,False
META,2026-09-21T19:30:00-04:00,after hours,741.75,741.8535,740.0,740.012,0,0.0,0.0,False
META,2026-09-22T04:00:00-04:00,pre-market,745.14,749.2,741.245,743.966,0,0.0,0.0,False
META,2026-09-22T04:30:00-04:00,pre-market,743.1,745.28,741.0,745.26,0,0.0,0.0,False
META,2026-09-22T05:00:00-04:00,pre-market,745.55,745.55,742.86,742.9755,0,0.0,0.0,False
META,2026-09-22T05:30:00-04:00,pre-market,742.99,743.8802,741.31,741.82,0,0.0,0.0,False
META,2026-09-22T06:00:00-04:00,pre-market,741.7,742.0,739.03,739.2066,0,0.0,0.0,False
META,2026-09-22T06:30:00-04:00,pre-market,739.31,739.9988,737.0,739.2,0,0.0,0.0,False
META,2026-09-22T07:00:00-04:00,pre-market,739.12,744.01,735.65,736.1269,0,0.0,0.0,False
META,2026-09-22T07:30:00-04:00,pre-market,735.725,736.97,735.0487,735.8195,0,0.0,0.0,False
META,2026-09-22T08:00:00-04:00,pre-market,736.2,738.44,735.01,737.75,0,0.0,0.0,False
META,2026-09-22T08:30:00-04:00,pre-market,737.59,738.36,616.63,735.6,0,0.0,0.0,False
META,2026-09-22T09:00:00-04:00,pre-market,735.6001,736.0,729.51,730.91,0,0.0,0.0,False
META,2026-09-22T09:30:00-04:00,regular market,731.4749755859375,757.27001953125,730.0,744.8400268554688,7964257,0.0,0.0,True
META,2026-09-22T10:00:00-04:00,regular market,744.8400268554688,754.5,743.8300170898438,751.0650024414062,3183839,0.0,0.0,True
META,2026-09-22T10:30:00-04:00,regular market,751.0549926757812,752.4598999023438,745.719970703125,749.3250122070312,1770831,0.0,0.0,True
META,2026-09-22T11:00:00-04:00,regular market,749.3250122070312,750.780029296875,747.239990234375,748.875,1116282,0.0,0.0,True
META,2026-09-22T11:30:00-04:00,regular market,748.8800048828125,754.3499755859375,747.3800048828125,753.75,1299884,0.0,0.0,True
META,2026-09-22T12:00:00-04:00,regular market,753.635009765625,754.25,746.5,749.60498046875,2028544,0.0,0.0,True
META,2026-09-22T12:30:00-04:00,regular market,749.5601196289062,749.8300170898438,741.3400268554688,741.9500732421875,1290683,0.0,0.0,True
META,2026-09-22T13:00:00-04:00,regular market,742.0927734375,747.0399780273438,741.4500122070312,742.5150146484375,1107792,0.0,0.0,True
META,2026-09-22T13:30:00-04:00,regular market,742.5150146484375,743.2949829101562,737.8900146484375,741.8599853515625,1767369,0.0,0.0,True
META,2026-09-22T14:00:00-04:00,regular market,741.8887939453125,744.3300170898438,739.1083984375,740.97998046875,1199598,0.0,0.0,True
META,2026-09-22T14:30:00-04:00,regular market,741.0850219726562,742.243896484375,738.4801025390625,739.0499877929688,891078,0.0,0.0,True
META,2026-09-22T15:00:00-04:00,regular market,739.0399780273438,740.5,737.3699951171875,739.8499755859375,891784,0.0,0.0,True
META,2026-09-22T15:30:00-04:00,regular market,739.8699951171875,741.0599975585938,735.6300048828125,736.6799926757812,1681755,0.0,0.0,True
META,2026-09-22T16:00:00-04:00,after hours,736.595,745.15,732.02,737.5,0,0.0,0.0,False
META,2026-09-22T16:30:00-04:00,after hours,737.34,774.2448,698.0082,737.4199,0,0.0,0.0,False
META,2026-09-22T17:00:00-04:00,after hours,737.27,783.7915,599.6601,738.8,0,0.0,0.0,False
META,2026-09-22T17:30:00-04:00,after hours,738.7988,739.49,736.59,737.0,0,0.0,0.0,False
META,2026-09-22T18:00:00-04:00,after hours,737.0,739.0,736.7,738.7,0,0.0,0.0,False
META,2026-09-22T18:30:00-04:00,after hours,738.69,739.75,738.5,739.28,0,0.0,0.0,False
META,2026-09-22T19:00:00-04:00,after hours,739.27,741.15,739.06,740.5,0,0.0,0.0,False
META,2026-09-22T19:30:00-04:00,after hours,740.31,741.0,739.65,741.0,0,0.0,0.0,False
META,2026-09-23T04:00:00-04:00,pre-market,741.71,744.7117,736.595,742.42,0,0.0,0.0,False
META,2026-09-23T04:30:00-04:00,pre-market,742.0,742.84,740.07,740.13,0,0.0,0.0,False
META,2026-09-23T05:00:00-04:00,pre-market,740.79,742.7888,739.24,740.4,0,0.0,0.0,False
META,2026-09-23T05:30:00-04:00,pre-market,740.27,741.5,739.5003,740.7032,0,0.0,0.0,False
META,2026-09-23T06:00:00-04:00,pre-market,741.332,743.07,741.09,742.5949,0,0.0,0.0,False
META,2026-09-23T06:30:00-04:00,pre-market,742.6,744.0,741.3955,744.0,0,0.0,0.0,False
META,2026-09-23T07:00:00-04:00,pre-market,743.475,744.0,737.63,738.25,0,0.0,0.0,False
META,2026-09-23T07:30:00-04:00,pre-market,738.0,740.0,736.9,737.5505,0,0.0,0.0,False
META,2026-09-23T08:00:00-04:00,pre-market,737.3812,738.25,733.8,736.21,0,0.0,0.0,False
META,2026-09-23T08:30:00-04:00,pre-market,736.21,740.0,735.02,739.1706,0,0.0,0.0,False
META,2026-09-23T09:00:00-04:00,pre-market,739.09,747.77,736.5,747.76,0,0.0,0.0,False
META,2026-09-23T09:30:00-04:00,regular market,747.9500122070312,763.9000244140625,739.510009765625,760.4849853515625,6972889,0.0,0.0,True
META,2026-09-23T10:00:00-04:00,regular market,760.4849853515625,760.6099853515625,741.5,745.4749755859375,3758347,0.0,0.0,True
META,2026-09-23T10:30:00-04:00,regular market,745.3699951171875,751.25,743.5,750.6649780273438,1972835,0.0,0.0,True
META,2026-09-23T11:00:00-04:00,regular market,750.6799926757812,759.1500244140625,746.0,756.5299072265625,2247024,0.0,0.0,True
META,2026-09-23T11:30:00-04:00,regular market,756.364990234375,757.75,753.0700073242188,754.2022094726562,1488735,0.0,0.0,True
META,2026-09-23T12:00:00-04:00,regular market,754.2100219726562,756.5399780273438,752.5,755.9879150390625,1349939,0.0,0.0,True
META,2026-09-23T12:30:00-04:00,regular market,755.989990234375,759.4500122070312,752.2000122070312,752.3599853515625,1465257,0.0,0.0,True
META,2026-09-23T13:00:00-04:00,regular market,752.2000122070312,752.8200073242188,745.6939697265625,746.6099853515625,1412896,0.0,0.0,True
META,2026-09-23T13:30:00-04:00,regular market,746.3200073242188,754.8499755859375,745.5999755859375,751.9550170898438,1513374,0.0,0.0,True
META,2026-09-23T14:00:00-04:00,regular market,751.779296875,752.8399047851562,747.3099975585938,749.114990234375,977110,0.0,0.0,True
META,2026-09-23T14:30:00-04:00,regular market,749.0399780273438,750.510009765625,747.1900024414062,748.6026000976562,727993,0.0,0.0,True
META,2026-09-23T15:00:00-04:00,regular market,748.656005859375,749.4099731445312,746.3499755859375,747.5399780273438,855285,0.0,0.0,True
META,2026-09-23T15:30:00-04:00,regular market,747.5399780273438,752.4299926757812,743.7656860351562,744.02001953125,2763110,0.0,0.0,True
META,2026-09-23T16:00:00-04:00,after hours,744.1,746.0,743.7792,745.7925,0,0.0,0.0,False
META,2026-09-23T16:30:00-04:00,after hours,745.7,747.65,744.1,745.5697,0,0.0,0.0,False
META,2026-09-23T17:00:00-04:00,after hours,745.5697,760.805,744.1,745.35,0,0.0,0.0,False
META,2026-09-23T17:30:00-04:00,after hours,745.74,747.4875,744.1,747.25,0,0.0,0.0,False
META,2026-09-23T18:00:00-04:00,after hours,747.35,748.6999,744.1,748.5,0,0.0,0.0,False
META,2026-09-23T18:30:00-04:00,after hours,748.3,749.1793,744.1,747.531,0,0.0,0.0,False
META,2026-09-23T19:00:00-04:00,after hours,747.7,748.0,732.2,734.7,0,0.0,0.0,False
META,2026-09-23T19:30:00-04:00,after hours,735.3,739.0,731.3,734.0015,0,0.0,0.0,False
META,2026-09-24T04:00:00-04:00,pre-market,737.37,744.1,729.67,730.55,0,0.0,0.0,False
META,2026-09-24T04:30:00-04:00,pre-market,730.4,732.0,727.0,727.68,0,0.0,0.0,False
META,2026-09-24T05:00:00-04:00,pre-market,727.58,731.0,724.39,725.66,0,0.0,0.0,False
META,2026-09-24T05:30:00-04:00,pre-market,725.66,728.02,721.6,724.17,0,0.0,0.0,False
META,2026-09-24T06:00:00-04:00,pre-market,724.56,727.0,721.5,726.0,0,0.0,0.0,False
META,2026-09-24T06:30:00-04:00,pre-market,725.81,728.64,724.9469,728.52,0,0.0,0.0,False
META,2026-09-24T07:00:00-04:00,pre-market,728.38,744.1,728.0,730.1277,0,0.0,0.0,False
META,2026-09-24T07:30:00-04:00,pre-market,730.3,731.0,726.0,728.03,0,0.0,0.0,False
META,2026-09-24T08:00:00-04:00,pre-market,729.0,742.24,727.11,731.06,0,0.0,0.0,False
META,2026-09-24T08:30:00-04:00,pre-market,731.21,744.1,727.5,735.5,0,0.0,0.0,False
META,2026-09-24T09:00:00-04:00,pre-market,735.9,745.5,735.3,745.0,0,0.0,0.0,False
META,2026-09-24T09:30:00-04:00,regular market,756.8300170898438,764.0,747.6900024414062,755.614990234375,7160788,0.0,0.0,True
MSFT,2026-09-18T04:00:00-04:00,pre-market,498.76,499.45,496.45,497.67,0,0.0,0.0,False
MSFT,2026-09-18T04:30:00-04:00,pre-market,497.9701,498.69,497.6396,498.0,0,0.0,0.0,False
MSFT,2026-09-18T05:00:00-04:00,pre-market,498.1859,498.2,497.72,497.79,0,0.0,0.0,False
MSFT,2026-09-18T05:30:00-04:00,pre-market,497.76,497.82,497.0,497.275,0,0.0,0.0,False
MSFT,2026-09-18T06:00:00-04:00,pre-market,497.32,497.4588,496.8512,496.92,0,0.0,0.0,False
MSFT,2026-09-18T06:30:00-04:00,pre-market,496.92,498.0,496.5168,497.21,0,0.0,0.0,False
MSFT,2026-09-18T07:00:00-04:00,pre-market,497.38,497.95,496.7112,497.76,0,0.0,0.0,False
MSFT,2026-09-18T07:30:00-04:00,pre-market,497.85,498.2425,497.0,497.013,0,0.0,0.0,False
MSFT,2026-09-18T08:00:00-04:00,pre-market,497.0235,497.4,496.05,496.34,0,0.0,0.0,False
MSFT,2026-09-18T08:30:00-04:00,pre-market,496.1,497.54,496.1,497.0232,0,0.0,0.0,False
MSFT,2026-09-18T09:00:00-04:00,pre-market,497.47,498.4197,494.82,497.75,0,0.0,0.0,False
MSFT,2026-09-18T09:30:00-04:00,regular market,497.4700012207031,498.6499938964844,492.8800048828125,493.7099914550781,5837663,0.0,0.0,True
MSFT,2026-09-18T10:00:00-04:00,regular market,493.7099914550781,494.1600036621094,491.7518005371094,492.4150085449219,1256214,0.0,0.0,True
MSFT,2026-09-18T10:30:00-04:00,regular market,492.3500061035156,493.6400146484375,491.1000061035156,493.30999755859375,1322593,0.0,0.0,True
MSFT,2026-09-18T11:00:00-04:00,regular market,493.32501220703125,494.3598937988281,493.05999755859375,493.9800109863281,776641,0.0,0.0,True
MSFT,2026-09-18T11:30:00-04:00,regular market,493.9599914550781,494.2699890136719,493.439208984375,493.57501220703125,578062,0.0,0.0,True
MSFT,2026-09-18T12:00:00-04:00,regular market,493.6099853515625,494.30999755859375,493.0,493.5350036621094,1133468,0.0,0.0,True
MSFT,2026-09-18T12:30:00-04:00,regular market,493.5299987792969,493.71990966796875,492.8299865722656,493.3019104003906,359249,0.0,0.0,True
MSFT,2026-09-18T13:00:00-04:00,regular market,493.25,494.5899963378906,493.1700134277344,494.239990234375,311584,0.0,0.0,True
MSFT,2026-09-18T13:30:00-04:00,regular market,494.2099914550781,495.44989013671875,493.8169860839844,494.6650085449219,494403,0.0,0.0,True
MSFT,2026-09-18T14:00:00-04:00,regular market,494.6199951171875,495.6000061035156,494.42999267578125,495.2699890136719,498734,0.0,0.0,True
MSFT,2026-09-18T14:30:00-04:00,regular market,495.2699890136719,496.8999938964844,494.8900146484375,496.0505065917969,854462,0.0,0.0,True
MSFT,2026-09-18T15:00:00-04:00,regular market,496.1300048828125,496.6050109863281,495.0799865722656,495.1499938964844,674883,0.0,0.0,True
MSFT,2026-09-18T15:30:00-04:00,regular market,495.1400146484375,495.739990234375,492.0199890136719,493.4599914550781,2434425,0.0,0.0,True
MSFT,2026-09-18T16:00:00-04:00,after hours,493.78,510.11,492.995,494.67,0,0.0,0.0,False
MSFT,2026-09-18T16:30:00-04:00,after hours,494.57,495.88,463.3307,494.81,0,0.0,0.0,False
MSFT,2026-09-18T17:00:00-04:00,after hours,495.1,496.5975,461.3024,495.14,0,0.0,0.0,False
MSFT,2026-09-18T17:30:00-04:00,after hours,495.1381,495.2,493.78,494.925,0,0.0,0.0,False
MSFT,2026-09-18T18:00:00-04:00,after hours,494.9888,494.9988,493.78,494.5,0,0.0,0.0,False
MSFT,2026-09-18T18:30:00-04:00,after hours,494.5,515.0,494.5,494.9425,0,0.0,0.0,False
MSFT,2026-09-18T19:00:00-04:00,after hours,494.6925,494.9499,494.3,494.3,0,0.0,0.0,False
MSFT,2026-09-18T19:30:00-04:00,after hours,494.45,494.48,493.78,493.99,0,0.0,0.0,False
MSFT,2026-09-21T04:00:00-04:00,pre-market,494.0,495.8,493.7855,494.375,0,0.0,0.0,False
MSFT,2026-09-21T04:30:00-04:00,pre-market,494.13,494.6,494.0,494.25,0,0.0,0.0,False
MSFT,2026-09-21T05:00:00-04:00,pre-market,494.2,494.591,494.0,494.21,0,0.0,0.0,False
MSFT,2026-09-21T05:30:00-04:00,pre-market,494.21,494.812,494.16,494.4,0,0.0,0.0,False
MSFT,2026-09-21T06:00:00-04:00,pre-market,494.45,494.98,494.37,494.7942,0,0.0,0.0,False
MSFT,2026-09-21T06:30:00-04:00,pre-market,494.62,495.58,494.5712,495.36,0,0.0,0.0,False
MSFT,2026-09-21T07:00:00-04:00,pre-market,495.43,496.61,495.15,495.86,0,0.0,0.0,False
MSFT,2026-09-21T07:30:00-04:00,pre-market,495.9783,496.22,495.2101,495.63,0,0.0,0.0,False
MSFT,2026-09-21T08:00:00-04:00,pre-market,495.7437,495.75,495.0,495.55,0,0.0,0.0,False
MSFT,2026-09-21T08:30:00-04:00,pre-market,495.521,495.75,494.8,495.52,0,0.0,0.0,False
MSFT,2026-09-21T09:00:00-04:00,pre-market,495.31,495.75,494.32,495.59,0,0.0,0.0,False
MSFT,2026-09-21T09:30:00-04:00,regular market,495.5799865722656,496.0,491.5,495.8399963378906,2578413,0.0,0.0,True
MSFT,2026-09-21T10:00:00-04:00,regular market,495.8949890136719,497.3900146484375,493.29998779296875,493.4700012207031,1566395,0.0,0.0,True
MSFT,2026-09-21T10:30:00-04:00,regular market,493.4750061035156,494.4200134277344,492.7200012207031,493.69000244140625,1379956,0.0,0.0,True
MSFT,2026-09-21T11:00:00-04:00,regular market,493.76251220703125,493.8799133300781,491.7300109863281,491.8599853515625,1251823,0.0,0.0,True
MSFT,2026-09-21T11:30:00-04:00,regular market,491.8027038574219,494.05999755859375,491.3299865722656,493.989990234375,1316427,0.0,0.0,True
MSFT,2026-09-21T12:00:00-04:00,regular market,493.989990234375,494.7900085449219,493.1650085449219,494.4200134277344,1034006,0.0,0.0,True
MSFT,2026-09-21T12:30:00-04:00,regular market,494.3800048828125,496.8900146484375,494.3800048828125,496.4100036621094,923287,0.0,0.0,True
MSFT,2026-09-21T13:00:00-04:00,regular market,496.44000244140625,498.0400085449219,496.05010986328125,497.25,743089,0.0,0.0,True
MSFT,2026-09-21T13:30:00-04:00,regular market,497.25,498.9800109863281,496.42999267578125,498.9800109863281,815272,0.0,0.0,True
MSFT,2026-09-21T14:00:00-04:00,regular market,498.9549865722656,499.4800109863281,497.75,498.30999755859375,733702,0.0,0.0,True
MSFT,2026-09-21T14:30:00-04:00,regular market,498.3349914550781,499.4200134277344,497.4800109863281,497.9100036621094,1148498,0.0,0.0,True
MSFT,2026-09-21T15:00:00-04:00,regular market,497.9215087890625,500.3800048828125,497.82000732421875,500.3399963378906,1155560,0.0,0.0,True
MSFT,2026-09-21T15:30:00-04:00,regular market,500.30499267578125,501.8699951171875,499.5216064453125,501.6099853515625,2558292,0.0,0.0,True
MSFT,2026-09-21T16:00:00-04:00,after hours,501.71,501.9,496.683,501.74,0,0.0,0.0,False
MSFT,2026-09-21T16:30:00-04:00,after hours,501.7415,501.95,466.8782,501.25,0,0.0,0.0,False
MSFT,2026-09-21T17:00:00-04:00,after hours,501.35,501.4843,466.8782,501.445,0,0.0,0.0,False
MSFT,2026-09-21T17:30:00-04:00,after hours,501.43,501.49,501.25,501.25,0,0.0,0.0,False
MSFT,2026-09-21T18:00:00-04:00,after hours,501.4088,501.8,501.25,501.6477,0,0.0,0.0,False
MSFT,2026-09-21T18:30:00-04:00,after hours,501.66,501.9988,501.55,501.7814,0,0.0,0.0,False
MSFT,2026-09-21T19:00:00-04:00,after hours,501.704,501.93,501.5503,501.5987,0,0.0,0.0,False
MSFT,2026-09-21T19:30:00-04:00,after hours,501.61,501.93,501.1831,501.49,0,0.0,0.0,False
MSFT,2026-09-22T04:00:00-04:00,pre-market,503.08,504.6988,500.67,503.71,0,0.0,0.0,False
MSFT,2026-09-22T04:30:00-04:00,pre-market,503.6,504.5,503.2,504.38,0,0.0,0.0,False
MSFT,2026-09-22T05:00:00-04:00,pre-market,504.4,504.6915,503.4,503.4085,0,0.0,0.0,False
MSFT,2026-09-22T05:30:00-04:00,pre-market,503.54,504.19,502.936,503.16,0,0.0,0.0,False
MSFT,2026-09-22T06:00:00-04:00,pre-market,503.31,504.5675,501.62,503.69,0,0.0,0.0,False
MSFT,2026-09-22T06:30:00-04:00,pre-market,503.66,504.8,503.048,504.4,0,0.0,0.0,False
MSFT,2026-09-22T07:00:00-04:00,pre-market,504.4,506.5,501.61,506.11,0,0.0,0.0,False
MSFT,2026-09-22T07:30:00-04:00,pre-market,506.13,506.83,505.0,506.51,0,0.0,0.0,False
MSFT,2026-09-22T08:00:00-04:00,pre-market,506.78,508.58,506.0944,507.35,0,0.0,0.0,False
MSFT,2026-09-22T08:30:00-04:00,pre-market,507.455,507.78,506.94,507.2449,0,0.0,0.0,False
MSFT,2026-09-22T09:00:00-04:00,pre-market,507.28,508.42,506.6517,507.4,0,0.0,0.0,False
MSFT,2026-09-22T09:30:00-04:00,regular market,507.5150146484375,508.5,495.8999938964844,496.4200134277344,3364414,0.0,0.0,True
MSFT,2026-09-22T10:00:00-04:00,regular market,496.4200134277344,499.7799987792969,496.010009765625,497.2699890136719,1981487,0.0,0.0,True
MSFT,2026-09-22T10:30:00-04:00,regular market,497.32000732421875,498.0,496.510009765625,496.7650146484375,1041417,0.0,0.0,True
MSFT,2026-09-22T11:00:00-04:00,regular market,496.7749938964844,497.4200134277344,494.2200012207031,495.2850036621094,1838744,0.0,0.0,True
MSFT,2026-09-22T11:30:00-04:00,regular market,495.2200012207031,496.2300109863281,493.6499938964844,494.30999755859375,1262452,0.0,0.0,True
MSFT,2026-09-22T12:00:00-04:00,regular market,494.32000732421875,495.8699951171875,494.28009033203125,495.5400085449219,744679,0.0,0.0,True
MSFT,2026-09-22T12:30:00-04:00,regular market,495.5,497.010009765625,495.3999938964844,496.7799987792969,850270,0.0,0.0,True
MSFT,2026-09-22T13:00:00-04:00,regular market,496.7550048828125,497.3500061035156,496.2749938964844,496.9100036621094,585727,0.0,0.0,True
MSFT,2026-09-22T13:30:00-04:00,regular market,496.9649963378906,497.6499938964844,496.1300048828125,496.6451110839844,576110,0.0,0.0,True
MSFT,2026-09-22T14:00:00-04:00,regular market,496.67999267578125,497.614990234375,495.8999938964844,497.4200134277344,556231,0.0,0.0,True
MSFT,2026-09-22T14:30:00-04:00,regular market,497.4200134277344,499.20001220703125,497.30010986328125,498.239990234375,956257,0.0,0.0,True
MSFT,2026-09-22T15:00:00-04:00,regular market,498.2799987792969,499.1499938964844,497.9700012207031,499.05999755859375,699972,0.0,0.0,True
MSFT,2026-09-22T15:30:00-04:00,regular market,499.0400085449219,499.42999267578125,497.4750061035156,497.94000244140625,1503674,0.0,0.0,True
MSFT,2026-09-22T16:00:00-04:00,after hours,498.0,498.62,497.7,498.0,0,0.0,0.0,False
MSFT,2026-09-22T16:30:00-04:00,after hours,498.03,498.05,463.8924,497.61,0,0.0,0.0,False
MSFT,2026-09-22T17:00:00-04:00,after hours,497.55,582.7326,435.4698,497.95,0,0.0,0.0,False
MSFT,2026-09-22T17:30:00-04:00,after hours,497.98,501.96,497.64,500.1648,0,0.0,0.0,False
MSFT,2026-09-22T18:00:00-04:00,after hours,500.17,500.87,499.8,499.88,0,0.0,0.0,False
MSFT,2026-09-22T18:30:00-04:00,after hours,499.81,500.21,499.35,499.6,0,0.0,0.0,False
MSFT,2026-09-22T19:00:00-04:00,after hours,499.4587,499.78,499.3012,499.54,0,0.0,0.0,False
MSFT,2026-09-22T19:30:00-04:00,after hours,499.58,501.5,499.1,500.5301,0,0.0,0.0,False
MSFT,2026-09-23T04:00:00-04:00,pre-market,501.46,501.9988,498.0,501.5,0,0.0,0.0,False
MSFT,2026-09-23T04:30:00-04:00,pre-market,501.02,501.5,500.5,500.8214,0,0.0,0.0,False
MSFT,2026-09-23T05:00:00-04:00,pre-market,500.86,501.97,500.685,501.65,0,0.0,0.0,False
MSFT,2026-09-23T05:30:00-04:00,pre-market,501.3112,503.125,501.1,502.39,0,0.0,0.0,False
MSFT,2026-09-23T06:00:00-04:00,pre-market,502.2,503.39,501.78,502.17,0,0.0,0.0,False
MSFT,2026-09-23T06:30:00-04:00,pre-market,502.1113,502.74,501.6297,502.2,0,0.0,0.0,False
MSFT,2026-09-23T07:00:00-04:00,pre-market,502.15,503.98,502.0,502.3,0,0.0,0.0,False
MSFT,2026-09-23T07:30:00-04:00,pre-market,502.33,502.94,501.04,502.93,0,0.0,0.0,False
MSFT,2026-09-23T08:00:00-04:00,pre-market,502.76,503.6,498.0,502.8828,0,0.0,0.0,False
MSFT,2026-09-23T08:30:00-04:00,pre-market,502.76,502.9,501.75,502.24,0,0.0,0.0,False
MSFT,2026-09-23T09:00:00-04:00,pre-market,502.24,503.2,500.02,500.96,0,0.0,0.0,False
MSFT,2026-09-23T09:30:00-04:00,regular market,500.7550048828125,509.44000244140625,500.30010986328125,504.2200012207031,4629534,0.0,0.0,True
MSFT,2026-09-23T10:00:00-04:00,regular market,504.1449890136719,504.4200134277344,495.8999938964844,496.70001220703125,1656010,0.0,0.0,True
MSFT,2026-09-23T10:30:00-04:00,regular market,496.70001220703125,500.9800109863281,496.6200866699219,500.4150085449219,1171154,0.0,0.0,True
MSFT,2026-09-23T11:00:00-04:00,regular market,500.4800109863281,500.4800109863281,497.17999267578125,498.3349914550781,949557,0.0,0.0,True
MSFT,2026-09-23T11:30:00-04:00,regular market,498.3599853515625,499.66949462890625,497.7300109863281,499.0799865722656,655638,0.0,0.0,True
MSFT,2026-09-23T12:00:00-04:00,regular market,499.0849914550781,499.2149963378906,498.04998779296875,498.5625,437192,0.0,0.0,True
MSFT,2026-09-23T12:30:00-04:00,regular market,498.5899963378906,499.3800048828125,498.1759948730469,499.30999755859375,470622,0.0,0.0,True
MSFT,2026-09-23T13:00:00-04:00,regular market,499.17999267578125,500.29998779296875,499.0199890136719,499.2799987792969,618480,0.0,0.0,True
MSFT,2026-09-23T13:30:00-04:00,regular market,499.25,500.04998779296875,499.0299987792969,499.82501220703125,448524,0.0,0.0,True
MSFT,2026-09-23T14:00:00-04:00,regular market,499.8699951171875,500.4700012207031,498.9100036621094,500.4330139160156,453848,0.0,0.0,True
MSFT,2026-09-23T14:30:00-04:00,regular market,500.4150085449219,501.1499938964844,499.7300109863281,500.6700134277344,588419,0.0,0.0,True
MSFT,2026-09-23T15:00:00-04:00,regular market,500.67999267578125,500.843994140625,499.739990234375,500.364990234375,640568,0.0,0.0,True
MSFT,2026-09-23T15:30:00-04:00,regular market,500.3699951171875,500.8599853515625,498.739990234375,500.7799987792969,1699863,0.0,0.0,True
MSFT,2026-09-23T16:00:00-04:00,after hours,500.85,501.2,499.9,500.1824,0,0.0,0.0,False
MSFT,2026-09-23T16:30:00-04:00,after hours,500.2488,500.59,466.0724,499.92,0,0.0,0.0,False
MSFT,2026-09-23T17:00:00-04:00,after hours,499.9025,516.3836,466.0724,499.65,0,0.0,0.0,False
MSFT,2026-09-23T17:30:00-04:00,after hours,499.51,500.59,499.51,499.81,0,0.0,0.0,False
MSFT,2026-09-23T18:00:00-04:00,after hours,499.81,500.4988,499.81,500.0,0,0.0,0.0,False
MSFT,2026-09-23T18:30:00-04:00,after hours,500.195,500.59,499.9901,500.031,0,0.0,0.0,False
MSFT,2026-09-23T19:00:00-04:00,after hours,500.2,500.39,499.25,499.5502,0,0.0,0.0,False
MSFT,2026-09-23T19:30:00-04:00,after hours,499.8,500.42,499.25,500.0,0,0.0,0.0,False
MSFT,2026-09-24T04:00:00-04:00,pre-market,498.81,500.59,496.75,496.75,0,0.0,0.0,False
MSFT,2026-09-24T04:30:00-04:00,pre-market,496.75,498.3,496.75,497.96,0,0.0,0.0,False
MSFT,2026-09-24T05:00:00-04:00,pre-market,498.06,498.9218,497.78,498.27,0,0.0,0.0,False
MSFT,2026-09-24T05:30:00-04:00,pre-market,498.59,498.6,497.5666,498.56,0,0.0,0.0,False
MSFT,2026-09-24T06:00:00-04:00,pre-market,498.45,499.3,498.0,498.0137,0,0.0,0.0,False
MSFT,2026-09-24T06:30:00-04:00,pre-market,498.24,499.0125,498.13,498.6568,0,0.0,0.0,False
MSFT,2026-09-24T07:00:00-04:00,pre-market,498.9,500.59,497.0,497.3427,0,0.0,0.0,False
MSFT,2026-09-24T07:30:00-04:00,pre-market,497.3556,497.8,496.99,497.55,0,0.0,0.0,False
MSFT,2026-09-24T08:00:00-04:00,pre-market,497.44,498.0,496.99,497.5,0,0.0,0.0,False
MSFT,2026-09-24T08:30:00-04:00,pre-market,497.03,498.94,496.8,498.6,0,0.0,0.0,False
MSFT,2026-09-24T09:00:00-04:00,pre-market,498.6,499.3497,493.65,494.49,0,0.0,0.0,False
MSFT,2026-09-24T09:30:00-04:00,regular market,492.0050048828125,495.6317138671875,491.5299987792969,492.3399963378906,1996098,0.0,0.0,True
NVDA,2026-09-18T04:00:00-04:00,pre-market,221.7,222.0,219.34,221.5377,0,0.0,0.0,False
NVDA,2026-09-18T04:30:00-04:00,pre-market,221.47,221.67,221.29,221.3585,0,0.0,0.0,False
NVDA,2026-09-18T05:00:00-04:00,pre-market,221.3585,221.4987,221.08,221.1197,0,0.0,0.0,False
NVDA,2026-09-18T05:30:00-04:00,pre-market,221.1197,221.15,220.5922,220.5922,0,0.0,0.0,False
NVDA,2026-09-18T06:00:00-04:00,pre-market,220.6777,221.097,220.6147,220.9497,0,0.0,0.0,False
NVDA,2026-09-18T06:30:00-04:00,pre-market,220.9497,221.2,220.74,220.9375,0,0.0,0.0,False
NVDA,2026-09-18T07:00:00-04:00,pre-market,220.82,220.918,219.34,220.1475,0,0.0,0.0,False
NVDA,2026-09-18T07:30:00-04:00,pre-market,220.1475,220.34,219.77,219.8785,0,0.0,0.0,False
NVDA,2026-09-18T08:00:00-04:00,pre-market,219.88,220.0777,219.09,219.2178,0,0.0,0.0,False
NVDA,2026-09-18T08:30:00-04:00,pre-market,219.2475,219.47,218.95,219.1682,0,0.0,0.0,False
NVDA,2026-09-18T09:00:00-04:00,pre-market,219.1,222.58,218.55,219.09,0,0.0,0.0,False
NVDA,2026-09-18T09:30:00-04:00,regular market,219.36000061035156,220.07000732421875,218.0399932861328,219.2200927734375,27384983,0.0,0.0,True
NVDA,2026-09-18T10:00:00-04:00,regular market,219.22000122070312,220.88999938964844,218.9199981689453,219.52000427246094,8490952,0.0,0.0,True
NVDA,2026-09-18T10:30:00-04:00,regular market,219.5,219.57000732421875,218.85000610351562,219.00999450683594,7593122,0.0,0.0,True
NVDA,2026-09-18T11:00:00-04:00,regular market,219.00999450683594,219.9149932861328,219.0,219.8350067138672,4483950,0.0,0.0,True
NVDA,2026-09-18T11:30:00-04:00,regular market,219.8300018310547,219.91009521484375,219.44009399414062,219.52000427246094,3470495,0.0,0.0,True
NVDA,2026-09-18T12:00:00-04:00,regular market,219.5449981689453,219.80999755859375,219.14999389648438,219.5395965576172,3635418,0.0,0.0,True
NVDA,2026-09-18T12:30:00-04:00,regular market,219.5399932861328,219.93499755859375,219.4250030517578,219.65499877929688,4211877,0.0,0.0,True
NVDA,2026-09-18T13:00:00-04:00,regular market,219.66000366210938,220.2653045654297,219.42999267578125,220.0,4061964,0.0,0.0,True
NVDA,2026-09-18T13:30:00-04:00,regular market,220.0,220.0,219.4001007080078,219.49000549316406,2419836,0.0,0.0,True
NVDA,2026-09-18T14:00:00-04:00,regular market,219.4886932373047,219.6999969482422,219.3000030517578,219.38999938964844,2492037,0.0,0.0,True
NVDA,2026-09-18T14:30:00-04:00,regular market,219.39999389648438,219.88499450683594,219.27999877929688,219.55999755859375,4296911,0.0,0.0,True
NVDA,2026-09-18T15:00:00-04:00,regular market,219.56199645996094,219.9499969482422,219.36000061035156,219.47999572753906,4660132,0.0,0.0,True
NVDA,2026-09-18T15:30:00-04:00,regular market,219.47999572753906,222.72999572753906,219.36000061035156,222.08999633789062,19279616,0.0,0.0,True
NVDA,2026-09-18T16:00:00-04:00,after hours,222.0782,222.3,221.51,221.5987,0,0.0,0.0,False
NVDA,2026-09-18T16:30:00-04:00,after hours,221.5987,222.27,221.31,221.9667,0,0.0,0.0,False
NVDA,2026-09-18T17:00:00-04:00,after hours,221.9667,234.6997,216.0477,222.0687,0,0.0,0.0,False
NVDA,2026-09-18T17:30:00-04:00,after hours,222.0687,222.33,222.02,222.298,0,0.0,0.0,False
NVDA,2026-09-18T18:00:00-04:00,after hours,222.298,222.49,222.08,222.1975,0,0.0,0.0,False
NVDA,2026-09-18T18:30:00-04:00,after hours,222.1975,230.32,222.05,222.2992,0,0.0,0.0,False
NVDA,2026-09-18T19:00:00-04:00,after hours,222.2992,222.48,222.27,222.41,0,0.0,0.0,False
NVDA,2026-09-18T19:30:00-04:00,after hours,222.4487,222.58,222.36,222.53,0,0.0,0.0,False
NVDA,2026-09-21T04:00:00-04:00,pre-market,223.2,224.0,223.0832,223.9867,0,0.0,0.0,False
NVDA,2026-09-21T04:30:00-04:00,pre-market,223.9867,224.2387,223.86,224.1682,0,0.0,0.0,False
NVDA,2026-09-21T05:00:00-04:00,pre-market,224.1017,224.7975,224.0915,224.737,0,0.0,0.0,False
NVDA,2026-09-21T05:30:00-04:00,pre-market,224.737,224.9,224.52,224.53,0,0.0,0.0,False
NVDA,2026-09-21T06:00:00-04:00,pre-market,224.5395,224.767,224.25,224.3987,0,0.0,0.0,False
NVDA,2026-09-21T06:30:00-04:00,pre-market,224.3512,224.55,224.05,224.2182,0,0.0,0.0,False
NVDA,2026-09-21T07:00:00-04:00,pre-market,224.2182,224.3,223.85,224.1682,0,0.0,0.0,False
NVDA,2026-09-21T07:30:00-04:00,pre-market,224.1682,224.63,223.93,224.539,0,0.0,0.0,False
NVDA,2026-09-21T08:00:00-04:00,pre-market,224.539,224.67,223.6535,223.7292,0,0.0,0.0,False
NVDA,2026-09-21T08:30:00-04:00,pre-market,223.7292,223.89,223.4112,223.4985,0,0.0,0.0,False
NVDA,2026-09-21T09:00:00-04:00,pre-market,223.4985,223.74,222.55,222.96,0,0.0,0.0,False
NVDA,2026-09-21T09:30:00-04:00,regular market,222.93499755859375,224.92999267578125,221.55999755859375,224.1300048828125,16101813,0.0,0.0,True
NVDA,2026-09-21T10:00:00-04:00,regular market,224.1199951171875,224.2899932861328,222.5800018310547,223.63999938964844,7740244,0.0,0.0,True
NVDA,2026-09-21T10:30:00-04:00,regular market,223.64500427246094,225.16000366210938,223.55999755859375,224.95680236816406,7328586,0.0,0.0,True
NVDA,2026-09-21T11:00:00-04:00,regular market,224.9600067138672,225.5,224.71009826660156,224.86000061035156,6960722,0.0,0.0,True
NVDA,2026-09-21T11:30:00-04:00,regular market,224.875,225.36000061035156,224.85000610351562,225.10499572753906,4077698,0.0,0.0,True
NVDA,2026-09-21T12:00:00-04:00,regular market,225.10499572753906,225.79849243164062,224.85000610351562,225.5800018310547,6239431,0.0,0.0,True
NVDA,2026-09-21T12:30:00-04:00,regular market,225.59500122070312,226.5399932861328,225.59500122070312,226.28500366210938,5122668,0.0,0.0,True
NVDA,2026-09-21T13:00:00-04:00,regular market,226.28500366210938,227.24000549316406,226.24000549316406,227.1999969482422,5670847,0.0,0.0,True
NVDA,2026-09-21T13:30:00-04:00,regular market,227.19000244140625,227.6699981689453,226.7532958984375,227.09060668945312,4772997,0.0,0.0,True
NVDA,2026-09-21T14:00:00-04:00,regular market,227.10000610351562,227.5399932861328,227.00999450683594,227.44000244140625,3795226,0.0,0.0,True
NVDA,2026-09-21T14:30:00-04:00,regular market,227.44000244140625,228.5,227.30999755859375,227.6898956298828,5730270,0.0,0.0,True
NVDA,2026-09-21T15:00:00-04:00,regular market,227.69000244140625,227.82000732421875,227.22999572753906,227.39500427246094,4492440,0.0,0.0,True
NVDA,2026-09-21T15:30:00-04:00,regular market,227.39999389648438,227.67999267578125,226.94000244140625,227.25,9743315,0.0,0.0,True
NVDA,2026-09-21T16:00:00-04:00,after hours,227.24,227.49,226.298,227.079,0,0.0,0.0,False
NVDA,2026-09-21T16:30:00-04:00,after hours,227.079,227.38,226.82,226.9497,0,0.0,0.0,False
NVDA,2026-09-21T17:00:00-04:00,after hours,226.9497,229.1204,223.1792,227.1465,0,0.0,0.0,False
NVDA,2026-09-21T17:30:00-04:00,after hours,227.1465,227.635,226.8,226.999,0,0.0,0.0,False
NVDA,2026-09-21T18:00:00-04:00,after hours,226.999,227.35,226.96,227.2997,0,0.0,0.0,False
NVDA,2026-09-21T18:30:00-04:00,after hours,227.2997,227.38,227.15,227.269,0,0.0,0.0,False
NVDA,2026-09-21T19:00:00-04:00,after hours,227.269,227.4,227.1,227.178,0,0.0,0.0,False
NVDA,2026-09-21T19:30:00-04:00,after hours,227.178,227.44,227.1,227.2938,0,0.0,0.0,False
NVDA,2026-09-22T04:00:00-04:00,pre-market,226.02,227.528,225.8635,225.9975,0,0.0,0.0,False
NVDA,2026-09-22T04:30:00-04:00,pre-market,226.0,226.85,225.87,226.7872,0,0.0,0.0,False
NVDA,2026-09-22T05:00:00-04:00,pre-market,226.7872,226.878,226.26,226.4672,0,0.0,0.0,False
NVDA,2026-09-22T05:30:00-04:00,pre-market,226.4672,227.38,226.32,227.3282,0,0.0,0.0,False
NVDA,2026-09-22T06:00:00-04:00,pre-market,227.3282,227.4782,226.81,227.2965,0,0.0,0.0,False
NVDA,2026-09-22T06:30:00-04:00,pre-market,227.2965,227.67,227.0222,227.6665,0,0.0,0.0,False
NVDA,2026-09-22T07:00:00-04:00,pre-market,227.6665,227.67,226.81,226.8395,0,0.0,0.0,False
NVDA,2026-09-22T07:30:00-04:00,pre-market,226.8395,227.06,226.652,226.739,0,0.0,0.0,False
NVDA,2026-09-22T08:00:00-04:00,pre-market,226.739,226.9585,226.5,226.9372,0,0.0,0.0,False
NVDA,2026-09-22T08:30:00-04:00,pre-market,226.8327,226.94,226.13,226.268,0,0.0,0.0,False
NVDA,2026-09-22T09:00:00-04:00,pre-market,226.268,226.94,225.5607,226.92,0,0.0,0.0,False
NVDA,2026-09-22T09:30:00-04:00,regular market,226.91000366210938,229.60000610351562,226.5,227.55999755859375,16377031,0.0,0.0,True
NVDA,2026-09-22T10:00:00-04:00,regular market,227.55999755859375,228.5,227.0500030517578,228.22999572753906,7438752,0.0,0.0,True
NVDA,2026-09-22T10:30:00-04:00,regular market,228.22000122070312,228.9199981689453,227.63999938964844,228.27499389648438,5477015,0.0,0.0,True
NVDA,2026-09-22T11:00:00-04:00,regular market,228.30999755859375,229.11000061035156,228.1300048828125,228.81500244140625,5326317,0.0,0.0,True
NVDA,2026-09-22T11:30:00-04:00,regular market,228.80999755859375,228.81689453125,228.16000366210938,228.49000549316406,3514512,0.0,0.0,True
NVDA,2026-09-22T12:00:00-04:00,regular market,228.49000549316406,229.07000732421875,228.30999755859375,228.67999267578125,3072324,0.0,0.0,True
NVDA,2026-09-22T12:30:00-04:00,regular market,228.6750030517578,229.38999938964844,228.59500122070312,229.3699951171875,3400726,0.0,0.0,True
NVDA,2026-09-22T13:00:00-04:00,regular market,229.3699951171875,229.97999572753906,229.3300018310547,229.47000122070312,4628931,0.0,0.0,True
NVDA,2026-09-22T13:30:00-04:00,regular market,229.47000122070312,229.54739379882812,228.74110412597656,229.14019775390625,3451130,0.0,0.0,True
NVDA,2026-09-22T14:00:00-04:00,regular market,229.13499450683594,229.52000427246094,228.86000061035156,229.42999267578125,2943239,0.0,0.0,True
NVDA,2026-09-22T14:30:00-04:00,regular market,229.43499755859375,229.58999633789062,229.17010498046875,229.30999755859375,2669825,0.0,0.0,True
NVDA,2026-09-22T15:00:00-04:00,regular market,229.30999755859375,229.80499267578125,229.1699981689453,229.6885986328125,4509079,0.0,0.0,True
NVDA,2026-09-22T15:30:00-04:00,regular market,229.67999267578125,229.9199981689453,228.60000610351562,228.8300018310547,8360065,0.0,0.0,True
NVDA,2026-09-22T16:00:00-04:00,after hours,228.81,228.95,227.8,228.0992,0,0.0,0.0,False
NVDA,2026-09-22T16:30:00-04:00,after hours,228.0992,228.87,212.9972,228.1877,0,0.0,0.0,False
NVDA,2026-09-22T17:00:00-04:00,after hours,228.1877,267.9975,198.1862,228.1882,0,0.0,0.0,False
NVDA,2026-09-22T17:30:00-04:00,after hours,228.1882,228.87,228.11,228.1497,0,0.0,0.0,False
NVDA,2026-09-22T18:00:00-04:00,after hours,228.1497,228.5,228.1401,228.328,0,0.0,0.0,False
NVDA,2026-09-22T18:30:00-04:00,after hours,228.328,228.4,228.2137,228.3295,0,0.0,0.0,False
NVDA,2026-09-22T19:00:00-04:00,after hours,228.3295,228.47,228.2812,228.4677,0,0.0,0.0,False
NVDA,2026-09-22T19:30:00-04:00,after hours,228.4677,228.65,228.37,228.56,0,0.0,0.0,False
NVDA,2026-09-23T04:00:00-04:00,pre-market,228.84,229.25,228.14,229.187,0,0.0,0.0,False
NVDA,2026-09-23T04:30:00-04:00,pre-market,229.187,229.2175,228.9,228.9987,0,0.0,0.0,False
NVDA,2026-09-23T05:00:00-04:00,pre-market,228.9987,229.35,228.951,229.3292,0,0.0,0.0,False
NVDA,2026-09-23T05:30:00-04:00,pre-market,229.3292,229.39,228.9515,229.1877,0,0.0,0.0,False
NVDA,2026-09-23T06:00:00-04:00,pre-market,229.1877,229.19,228.8015,229.1072,0,0.0,0.0,False
NVDA,2026-09-23T06:30:00-04:00,pre-market,229.1072,229.178,228.85,229.096,0,0.0,0.0,False
NVDA,2026-09-23T07:00:00-04:00,pre-market,229.096,229.1755,227.702,227.9072,0,0.0,0.0,False
NVDA,2026-09-23T07:30:00-04:00,pre-market,227.9072,227.9852,227.33,227.916,0,0.0,0.0,False
NVDA,2026-09-23T08:00:00-04:00,pre-market,227.916,228.87,227.3017,227.6985,0,0.0,0.0,False
NVDA,2026-09-23T08:30:00-04:00,pre-market,227.6985,227.948,227.28,227.6995,0,0.0,0.0,False
NVDA,2026-09-23T09:00:00-04:00,pre-market,227.6995,228.12,227.35,228.07,0,0.0,0.0,False
NVDA,2026-09-23T09:30:00-04:00,regular market,228.0800018310547,228.9499969482422,227.60159301757812,227.72500610351562,11663280,0.0,0.0,True
NVDA,2026-09-23T10:00:00-04:00,regular market,227.74000549316406,228.15989685058594,225.02000427246094,225.60499572753906,9048048,0.0,0.0,True
NVDA,2026-09-23T10:30:00-04:00,regular market,225.61990356445312,226.64990234375,225.2301025390625,226.05999755859375,5883118,0.0,0.0,True
NVDA,2026-09-23T11:00:00-04:00,regular market,226.05999755859375,226.38999938964844,225.3249969482422,225.3699951171875,4280092,0.0,0.0,True
NVDA,2026-09-23T11:30:00-04:00,regular market,225.3699951171875,225.6699981689453,224.72000122070312,224.7899932861328,4706663,0.0,0.0,True
NVDA,2026-09-23T12:00:00-04:00,regular market,224.8000030517578,225.02000427246094,224.42999267578125,224.52000427246094,3379914,0.0,0.0,True
NVDA,2026-09-23T12:30:00-04:00,regular market,224.52000427246094,224.72999572753906,224.02000427246094,224.57269287109375,4394850,0.0,0.0,True
NVDA,2026-09-23T13:00:00-04:00,regular market,224.5800018310547,224.85000610351562,224.1300048828125,224.4499969482422,3744210,0.0,0.0,True
NVDA,2026-09-23T13:30:00-04:00,regular market,224.44549560546875,225.39999389648438,224.37010192871094,225.36500549316406,2693957,0.0,0.0,True
NVDA,2026-09-23T14:00:00-04:00,regular market,225.37379455566406,225.6300048828125,225.10000610351562,225.53500366210938,2637717,0.0,0.0,True
NVDA,2026-09-23T14:30:00-04:00,regular market,225.53500366210938,225.5500030517578,225.24139404296875,225.29150390625,2027002,0.0,0.0,True
NVDA,2026-09-23T15:00:00-04:00,regular market,225.2899932861328,225.5570068359375,225.0299072265625,225.10000610351562,2884036,0.0,0.0,True
NVDA,2026-09-23T15:30:00-04:00,regular market,225.10000610351562,225.8000030517578,224.72500610351562,225.50999450683594,8732049,0.0,0.0,True
NVDA,2026-09-23T16:00:00-04:00,after hours,225.54,226.0,225.2,225.328,0,0.0,0.0,False
NVDA,2026-09-23T16:30:00-04:00,after hours,225.328,226.2547,225.11,225.3485,0,0.0,0.0,False
NVDA,2026-09-23T17:00:00-04:00,after hours,225.3485,228.2,225.0,225.0975,0,0.0,0.0,False
NVDA,2026-09-23T17:30:00-04:00,after hours,225.0975,225.24,225.0,225.1877,0,0.0,0.0,False
NVDA,2026-09-23T18:00:00-04:00,after hours,225.1877,225.32,225.1,225.1795,0,0.0,0.0,False
NVDA,2026-09-23T18:30:00-04:00,after hours,225.1795,225.51,225.05,225.2592,0,0.0,0.0,False
NVDA,2026-09-23T19:00:00-04:00,after hours,225.2592,225.3475,225.15,225.2487,0,0.0,0.0,False
NVDA,2026-09-23T19:30:00-04:00,after hours,225.2487,225.3267,225.04,225.0409,0,0.0,0.0,False
NVDA,2026-09-24T04:00:00-04:00,pre-market,224.15,225.51,222.7,222.9057,0,0.0,0.0,False
NVDA,2026-09-24T04:30:00-04:00,pre-market,222.9057,223.165,222.36,222.7167,0,0.0,0.0,False
NVDA,2026-09-24T05:00:00-04:00,pre-market,222.7167,222.95,222.3157,222.9085,0,0.0,0.0,False
NVDA,2026-09-24T05:30:00-04:00,pre-market,222.9085,222.91,222.28,222.8882,0,0.0,0.0,False
NVDA,2026-09-24T06:00:00-04:00,pre-market,222.8882,223.1,222.5045,222.8462,0,0.0,0.0,False
NVDA,2026-09-24T06:30:00-04:00,pre-market,222.8462,223.64,222.7,223.5545,0,0.0,0.0,False
NVDA,2026-09-24T07:00:00-04:00,pre-market,223.4,223.5667,222.8,222.9377,0,0.0,0.0,False
NVDA,2026-09-24T07:30:00-04:00,pre-market,222.9377,223.4157,222.7,222.9577,0,0.0,0.0,False
NVDA,2026-09-24T08:00:00-04:00,pre-market,222.9577,223.7467,222.5525,223.4952,0,0.0,0.0,False
NVDA,2026-09-24T08:30:00-04:00,pre-market,223.4952,223.5,222.75,222.8977,0,0.0,0.0,False
NVDA,2026-09-24T09:00:00-04:00,pre-market,222.8977,223.1596,221.7,222.09,0,0.0,0.0,False
NVDA,2026-09-24T09:30:00-04:00,regular market,222.64999389648438,223.2299041748047,221.09080505371094,222.77000427246094,9599601,0.0,0.0,True
NVTS,2026-09-18T04:00:00-04:00,pre-market,11.3522,11.5,11.2,11.4,0,0.0,0.0,False
NVTS,2026-09-18T04:30:00-04:00,pre-market,11.4609,11.4777,11.41,11.41,0,0.0,0.0,False
NVTS,2026-09-18T05:00:00-04:00,pre-market,11.41,11.4377,11.4,11.43,0,0.0,0.0,False
NVTS,2026-09-18T05:30:00-04:00,pre-market,11.38,11.42,11.35,11.42,0,0.0,0.0,False
NVTS,2026-09-18T06:00:00-04:00,pre-market,11.41,11.45,11.4,11.45,0,0.0,0.0,False
NVTS,2026-09-18T06:30:00-04:00,pre-market,11.44,11.44,11.38,11.39,0,0.0,0.0,False
NVTS,2026-09-18T07:00:00-04:00,pre-market,11.39,11.43,11.3,11.3885,0,0.0,0.0,False
NVTS,2026-09-18T07:30:00-04:00,pre-market,11.3967,11.4,11.26,11.31,0,0.0,0.0,False
NVTS,2026-09-18T08:00:00-04:00,pre-market,11.27,11.37,11.18,11.37,0,0.0,0.0,False
NVTS,2026-09-18T08:30:00-04:00,pre-market,11.17,11.3,11.17,11.2,0,0.0,0.0,False
NVTS,2026-09-18T09:00:00-04:00,pre-market,11.24,11.57,11.14,11.4877,0,0.0,0.0,False
NVTS,2026-09-18T09:30:00-04:00,regular market,11.470000267028809,11.520000457763672,11.149999618530273,11.164999961853027,1404831,0.0,0.0,True
NVTS,2026-09-18T10:00:00-04:00,regular market,11.170000076293945,11.258000373840332,11.095000267028809,11.255000114440918,847076,0.0,0.0,True
NVTS,2026-09-18T10:30:00-04:00,regular market,11.255000114440918,11.3100004196167,11.09000015258789,11.119999885559082,491920,0.0,0.0,True
NVTS,2026-09-18T11:00:00-04:00,regular market,11.114999771118164,11.1899995803833,11.074999809265137,11.1899995803833,412827,0.0,0.0,True
NVTS,2026-09-18T11:30:00-04:00,regular market,11.1850004196167,11.1899995803833,11.130000114440918,11.145000457763672,331237,0.0,0.0,True
NVTS,2026-09-18T12:00:00-04:00,regular market,11.145000457763672,11.159000396728516,11.079999923706055,11.104999542236328,465270,0.0,0.0,True
NVTS,2026-09-18T12:30:00-04:00,regular market,11.104999542236328,11.15999984741211,11.100099563598633,11.145000457763672,326608,0.0,0.0,True
NVTS,2026-09-18T13:00:00-04:00,regular market,11.145000457763672,11.180000305175781,11.135000228881836,11.145000457763672,227250,0.0,0.0,True
NVTS,2026-09-18T13:30:00-04:00,regular market,11.146699905395508,11.15999984741211,11.119999885559082,11.145000457763672,265134,0.0,0.0,True
NVTS,2026-09-18T14:00:00-04:00,regular market,11.145000457763672,11.199999809265137,11.130000114440918,11.180000305175781,261966,0.0,0.0,True
NVTS,2026-09-18T14:30:00-04:00,regular market,11.1850004196167,11.1899995803833,11.154999732971191,11.175000190734863,239443,0.0,0.0,True
NVTS,2026-09-18T15:00:00-04:00,regular market,11.175000190734863,11.350000381469727,11.164999961853027,11.349699974060059,519511,0.0,0.0,True
NVTS,2026-09-18T15:30:00-04:00,regular market,11.345000267028809,11.449999809265137,11.300000190734863,11.420000076293945,1835871,0.0,0.0,True
NVTS,2026-09-18T16:00:00-04:00,after hours,11.33,11.55,11.33,11.4156,0,0.0,0.0,False
NVTS,2026-09-18T16:30:00-04:00,after hours,11.41,11.45,11.4,11.4453,0,0.0,0.0,False
NVTS,2026-09-18T17:00:00-04:00,after hours,11.45,11.4515,11.41,11.4515,0,0.0,0.0,False
NVTS,2026-09-18T17:30:00-04:00,after hours,11.46,11.46,11.41,11.41,0,0.0,0.0,False
NVTS,2026-09-18T18:00:00-04:00,after hours,11.41,11.45,11.41,11.44,0,0.0,0.0,False
NVTS,2026-09-18T18:30:00-04:00,after hours,11.42,11.44,11.42,11.44,0,0.0,0.0,False
NVTS,2026-09-18T19:00:00-04:00,after hours,11.44,11.45,11.41,11.42,0,0.0,0.0,False
NVTS,2026-09-18T19:30:00-04:00,after hours,11.42,11.45,11.41,11.44,0,0.0,0.0,False
NVTS,2026-09-21T04:00:00-04:00,pre-market,11.69,11.7998,11.61,11.79,0,0.0,0.0,False
NVTS,2026-09-21T04:30:00-04:00,pre-market,11.81,11.85,11.78,11.85,0,0.0,0.0,False
NVTS,2026-09-21T05:00:00-04:00,pre-market,11.84,11.98,11.82,11.94,0,0.0,0.0,False
NVTS,2026-09-21T05:30:00-04:00,pre-market,11.94,11.98,11.86,11.86,0,0.0,0.0,False
NVTS,2026-09-21T06:00:00-04:00,pre-market,11.86,11.92,11.86,11.91,0,0.0,0.0,False
NVTS,2026-09-21T06:30:00-04:00,pre-market,11.89,11.9597,11.88,11.9,0,0.0,0.0,False
NVTS,2026-09-21T07:00:00-04:00,pre-market,11.88,11.93,11.78,11.86,0,0.0,0.0,False
NVTS,2026-09-21T07:30:00-04:00,pre-market,11.85,11.88,11.8,11.86,0,0.0,0.0,False
NVTS,2026-09-21T08:00:00-04:00,pre-market,11.86,11.88,11.81,11.8493,0,0.0,0.0,False
NVTS,2026-09-21T08:30:00-04:00,pre-market,11.84,11.87,11.8,11.86,0,0.0,0.0,False
NVTS,2026-09-21T09:00:00-04:00,pre-market,11.85,12.0,11.83,11.98,0,0.0,0.0,False
NVTS,2026-09-21T09:30:00-04:00,regular market,11.979999542236328,12.25,11.850000381469727,12.140299797058105,2689574,0.0,0.0,True
NVTS,2026-09-21T10:00:00-04:00,regular market,12.145000457763672,12.350000381469727,12.079999923706055,12.3100004196167,1301839,0.0,0.0,True
NVTS,2026-09-21T10:30:00-04:00,regular market,12.311699867248535,12.324999809265137,12.010000228881836,12.089799880981445,897078,0.0,0.0,True
NVTS,2026-09-21T11:00:00-04:00,regular market,12.097299575805664,12.1850004196167,12.09000015258789,12.135000228881836,465989,0.0,0.0,True
NVTS,2026-09-21T11:30:00-04:00,regular market,12.135000228881836,12.15999984741211,12.090100288391113,12.119999885559082,416637,0.0,0.0,True
NVTS,2026-09-21T12:00:00-04:00,regular market,12.109999656677246,12.149999618530273,12.09000015258789,12.109999656677246,374103,0.0,0.0,True
NVTS,2026-09-21T12:30:00-04:00,regular market,12.109999656677246,12.125,12.039999961853027,12.114999771118164,317803,0.0,0.0,True
NVTS,2026-09-21T13:00:00-04:00,regular market,12.114999771118164,12.130000114440918,12.079999923706055,12.099900245666504,263471,0.0,0.0,True
NVTS,2026-09-21T13:30:00-04:00,regular market,12.104999542236328,12.149999618530273,12.079999923706055,12.135000228881836,219822,0.0,0.0,True
NVTS,2026-09-21T14:00:00-04:00,regular market,12.135000228881836,12.239999771118164,12.119999885559082,12.21500015258789,430243,0.0,0.0,True
NVTS,2026-09-21T14:30:00-04:00,regular market,12.220000267028809,12.23550033569336,12.149999618530273,12.180100440979004,385359,0.0,0.0,True
NVTS,2026-09-21T15:00:00-04:00,regular market,12.1850004196167,12.260000228881836,12.145000457763672,12.154999732971191,458716,0.0,0.0,True
NVTS,2026-09-21T15:30:00-04:00,regular market,12.149999618530273,12.234999656677246,12.09000015258789,12.164999961853027,1013114,0.0,0.0,True
NVTS,2026-09-21T16:00:00-04:00,after hours,12.16,12.3,12.12,12.1851,0,0.0,0.0,False
NVTS,2026-09-21T16:30:00-04:00,after hours,12.12,12.2,12.12,12.1694,0,0.0,0.0,False
NVTS,2026-09-21T17:00:00-04:00,after hours,12.1671,12.17,12.13,12.17,0,0.0,0.0,False
NVTS,2026-09-21T17:30:00-04:00,after hours,12.1686,12.2,12.16,12.19,0,0.0,0.0,False
NVTS,2026-09-21T18:00:00-04:00,after hours,12.16,12.21,12.16,12.2099,0,0.0,0.0,False
NVTS,2026-09-21T18:30:00-04:00,after hours,12.21,12.22,12.19,12.2196,0,0.0,0.0,False
NVTS,2026-09-21T19:00:00-04:00,after hours,12.22,12.27,12.2,12.2501,0,0.0,0.0,False
NVTS,2026-09-21T19:30:00-04:00,after hours,12.26,12.28,12.25,12.27,0,0.0,0.0,False
NVTS,2026-09-22T04:00:00-04:00,pre-market,12.25,12.31,11.9,11.9,0,0.0,0.0,False
NVTS,2026-09-22T04:30:00-04:00,pre-market,11.89,12.08,11.88,12.08,0,0.0,0.0,False
NVTS,2026-09-22T05:00:00-04:00,pre-market,12.06,12.0884,12.06,12.07,0,0.0,0.0,False
NVTS,2026-09-22T05:30:00-04:00,pre-market,12.07,12.2,12.0621,12.1877,0,0.0,0.0,False
NVTS,2026-09-22T06:00:00-04:00,pre-market,12.17,12.24,12.15,12.2383,0,0.0,0.0,False
NVTS,2026-09-22T06:30:00-04:00,pre-market,12.2376,12.2376,12.13,12.15,0,0.0,0.0,False
NVTS,2026-09-22T07:00:00-04:00,pre-market,12.15,12.21,12.03,12.13,0,0.0,0.0,False
NVTS,2026-09-22T07:30:00-04:00,pre-market,12.15,12.15,12.0362,12.06,0,0.0,0.0,False
NVTS,2026-09-22T08:00:00-04:00,pre-market,12.06,12.07,12.0,12.0,0,0.0,0.0,False
NVTS,2026-09-22T08:30:00-04:00,pre-market,12.03,12.05,11.97,12.0,0,0.0,0.0,False
NVTS,2026-09-22T09:00:00-04:00,pre-market,11.98,12.19,11.9513,11.98,0,0.0,0.0,False
NVTS,2026-09-22T09:30:00-04:00,regular market,11.961999893188477,12.109999656677246,11.90999984741211,12.104999542236328,1899303,0.0,0.0,True
NVTS,2026-09-22T10:00:00-04:00,regular market,12.104999542236328,12.270000457763672,12.050000190734863,12.239999771118164,849599,0.0,0.0,True
NVTS,2026-09-22T10:30:00-04:00,regular market,12.23859977722168,12.305000305175781,12.010000228881836,12.024999618530273,856807,0.0,0.0,True
NVTS,2026-09-22T11:00:00-04:00,regular market,12.029999732971191,12.164999961853027,12.010000228881836,12.130000114440918,429589,0.0,0.0,True
NVTS,2026-09-22T11:30:00-04:00,regular market,12.130000114440918,12.130000114440918,12.070099830627441,12.11139965057373,277955,0.0,0.0,True
NVTS,2026-09-22T12:00:00-04:00,regular market,12.119000434875488,12.208999633789062,12.100000381469727,12.175000190734863,367221,0.0,0.0,True
NVTS,2026-09-22T12:30:00-04:00,regular market,12.175000190734863,12.25,12.170000076293945,12.21500015258789,392688,0.0,0.0,True
NVTS,2026-09-22T13:00:00-04:00,regular market,12.21500015258789,12.21500015258789,12.055000305175781,12.095000267028809,416311,0.0,0.0,True
NVTS,2026-09-22T13:30:00-04:00,regular market,12.100000381469727,12.204999923706055,12.09000015258789,12.180000305175781,466591,0.0,0.0,True
NVTS,2026-09-22T14:00:00-04:00,regular market,12.180000305175781,12.204999923706055,12.125,12.169899940490723,333611,0.0,0.0,True
NVTS,2026-09-22T14:30:00-04:00,regular market,12.164999961853027,12.35949993133545,12.149999618530273,12.354999542236328,1004829,0.0,0.0,True
NVTS,2026-09-22T15:00:00-04:00,regular market,12.359999656677246,12.390000343322754,12.270000457763672,12.300100326538086,764828,0.0,0.0,True
NVTS,2026-09-22T15:30:00-04:00,regular market,12.305000305175781,12.520000457763672,12.305000305175781,12.449999809265137,1727036,0.0,0.0,True
NVTS,2026-09-22T16:00:00-04:00,after hours,12.46,12.48,12.4034,12.4034,0,0.0,0.0,False
NVTS,2026-09-22T16:30:00-04:00,after hours,12.43,12.46,12.4,12.45,0,0.0,0.0,False
NVTS,2026-09-22T17:00:00-04:00,after hours,12.45,12.45,12.4,12.44,0,0.0,0.0,False
NVTS,2026-09-22T17:30:00-04:00,after hours,12.44,12.46,12.4,12.43,0,0.0,0.0,False
NVTS,2026-09-22T18:00:00-04:00,after hours,12.45,12.47,12.43,12.47,0,0.0,0.0,False
NVTS,2026-09-22T18:30:00-04:00,after hours,12.4669,12.5,12.45,12.48,0,0.0,0.0,False
NVTS,2026-09-22T19:00:00-04:00,after hours,12.48,12.49,12.44,12.4404,0,0.0,0.0,False
NVTS,2026-09-22T19:30:00-04:00,after hours,12.4597,12.5,12.42,12.5,0,0.0,0.0,False
NVTS,2026-09-23T04:00:00-04:00,pre-market,12.46,12.51,12.4,12.4475,0,0.0,0.0,False
NVTS,2026-09-23T04:30:00-04:00,pre-market,12.44,12.45,12.36,12.39,0,0.0,0.0,False
NVTS,2026-09-23T05:00:00-04:00,pre-market,12.39,12.42,12.3606,12.3979,0,0.0,0.0,False
NVTS,2026-09-23T05:30:00-04:00,pre-market,12.4,12.41,12.3806,12.388,0,0.0,0.0,False
NVTS,2026-09-23T06:00:00-04:00,pre-market,12.42,12.43,12.41,12.42,0,0.0,0.0,False
NVTS,2026-09-23T06:30:00-04:00,pre-market,12.42,12.45,12.3625,12.43,0,0.0,0.0,False
NVTS,2026-09-23T07:00:00-04:00,pre-market,12.4305,12.45,12.2,12.2492,0,0.0,0.0,False
NVTS,2026-09-23T07:30:00-04:00,pre-market,12.23,12.3,12.15,12.1746,0,0.0,0.0,False
NVTS,2026-09-23T08:00:00-04:00,pre-market,12.19,12.25,12.13,12.2024,0,0.0,0.0,False
NVTS,2026-09-23T08:30:00-04:00,pre-market,12.24,12.28,12.2,12.2669,0,0.0,0.0,False
NVTS,2026-09-23T09:00:00-04:00,pre-market,12.26,12.48,12.22,12.34,0,0.0,0.0,False
NVTS,2026-09-23T09:30:00-04:00,regular market,12.390000343322754,12.459099769592285,11.875,11.940099716186523,1848970,0.0,0.0,True
NVTS,2026-09-23T10:00:00-04:00,regular market,11.9399995803833,12.077199935913086,11.819999694824219,11.970000267028809,1130191,0.0,0.0,True
NVTS,2026-09-23T10:30:00-04:00,regular market,11.960100173950195,12.135000228881836,11.890000343322754,12.130000114440918,592344,0.0,0.0,True
NVTS,2026-09-23T11:00:00-04:00,regular market,12.119999885559082,12.135000228881836,12.045000076293945,12.0649995803833,306074,0.0,0.0,True
NVTS,2026-09-23T11:30:00-04:00,regular market,12.0600004196167,12.0649995803833,11.920000076293945,11.960000038146973,374892,0.0,0.0,True
NVTS,2026-09-23T12:00:00-04:00,regular market,11.960000038146973,11.975000381469727,11.880000114440918,11.889900207519531,452798,0.0,0.0,True
NVTS,2026-09-23T12:30:00-04:00,regular market,11.883899688720703,11.9399995803833,11.829999923706055,11.864999771118164,407295,0.0,0.0,True
NVTS,2026-09-23T13:00:00-04:00,regular market,11.859999656677246,11.918600082397461,11.770000457763672,11.841400146484375,622450,0.0,0.0,True
NVTS,2026-09-23T13:30:00-04:00,regular market,11.845000267028809,11.9350004196167,11.830100059509277,11.89109992980957,321981,0.0,0.0,True
NVTS,2026-09-23T14:00:00-04:00,regular market,11.895000457763672,11.920000076293945,11.8503999710083,11.899999618530273,207550,0.0,0.0,True
NVTS,2026-09-23T14:30:00-04:00,regular market,11.895000457763672,11.95989990234375,11.859999656677246,11.930000305175781,493129,0.0,0.0,True
NVTS,2026-09-23T15:00:00-04:00,regular market,11.930000305175781,11.946900367736816,11.890000343322754,11.899999618530273,274155,0.0,0.0,True
NVTS,2026-09-23T15:30:00-04:00,regular market,11.909299850463867,11.9399995803833,11.829999923706055,11.850000381469727,802652,0.0,0.0,True
NVTS,2026-09-23T16:00:00-04:00,after hours,11.84,11.9,11.75,11.85,0,0.0,0.0,False
NVTS,2026-09-23T16:30:00-04:00,after hours,11.84,11.9,11.82,11.8405,0,0.0,0.0,False
NVTS,2026-09-23T17:00:00-04:00,after hours,11.9,11.9,11.83,11.88,0,0.0,0.0,False
NVTS,2026-09-23T17:30:00-04:00,after hours,11.8719,11.88,11.83,11.871,0,0.0,0.0,False
NVTS,2026-09-23T18:00:00-04:00,after hours,11.83,11.88,11.83,11.88,0,0.0,0.0,False
NVTS,2026-09-23T18:30:00-04:00,after hours,11.88,11.88,11.85,11.87,0,0.0,0.0,False
NVTS,2026-09-23T19:00:00-04:00,after hours,11.871,11.88,11.86,11.86,0,0.0,0.0,False
NVTS,2026-09-23T19:30:00-04:00,after hours,11.86,11.88,11.8346,11.8346,0,0.0,0.0,False
NVTS,2026-09-24T04:00:00-04:00,pre-market,11.6982,11.77,11.525,11.525,0,0.0,0.0,False
NVTS,2026-09-24T04:30:00-04:00,pre-market,11.52,11.58,11.45,11.5,0,0.0,0.0,False
NVTS,2026-09-24T05:00:00-04:00,pre-market,11.4979,11.54,11.45,11.5,0,0.0,0.0,False
NVTS,2026-09-24T05:30:00-04:00,pre-market,11.5,11.5,11.4397,11.44,0,0.0,0.0,False
NVTS,2026-09-24T06:00:00-04:00,pre-market,11.49,11.5363,11.48,11.5363,0,0.0,0.0,False
NVTS,2026-09-24T06:30:00-04:00,pre-market,11.48,11.55,11.48,11.53,0,0.0,0.0,False
NVTS,2026-09-24T07:00:00-04:00,pre-market,11.56,11.66,11.52,11.6,0,0.0,0.0,False
NVTS,2026-09-24T07:30:00-04:00,pre-market,11.58,11.6,11.48,11.55,0,0.0,0.0,False
NVTS,2026-09-24T08:00:00-04:00,pre-market,11.6,11.6,11.5,11.58,0,0.0,0.0,False
NVTS,2026-09-24T08:30:00-04:00,pre-market,11.57,11.6,11.43,11.5,0,0.0,0.0,False
NVTS,2026-09-24T09:00:00-04:00,pre-market,11.48,11.58,11.46,11.4701,0,0.0,0.0,False
NVTS,2026-09-24T09:30:00-04:00,regular market,11.46500015258789,11.670000076293945,11.430000305175781,11.604999542236328,1014225,0.0,0.0,True
PAAS,2026-09-18T04:00:00-04:00,pre-market,50.51,51.5,49.62,50.65,0,0.0,0.0,False
PAAS,2026-09-18T04:30:00-04:00,pre-market,50.65,50.73,50.45,50.65,0,0.0,0.0,False
PAAS,2026-09-18T05:00:00-04:00,pre-market,50.57,50.62,50.52,50.62,0,0.0,0.0,False
PAAS,2026-09-18T05:30:00-04:00,pre-market,50.62,50.64,50.38,50.48,0,0.0,0.0,False
PAAS,2026-09-18T06:00:00-04:00,pre-market,50.51,50.7332,50.47,50.54,0,0.0,0.0,False
PAAS,2026-09-18T06:30:00-04:00,pre-market,50.54,50.77,50.54,50.74,0,0.0,0.0,False
PAAS,2026-09-18T07:00:00-04:00,pre-market,50.68,50.8,50.46,50.66,0,0.0,0.0,False
PAAS,2026-09-18T07:30:00-04:00,pre-market,50.65,50.85,50.36,50.6669,0,0.0,0.0,False
PAAS,2026-09-18T08:00:00-04:00,pre-market,50.37,50.5,49.82,50.0,0,0.0,0.0,False
PAAS,2026-09-18T08:30:00-04:00,pre-market,50.0,50.29,50.0,50.28,0,0.0,0.0,False
PAAS,2026-09-18T09:00:00-04:00,pre-market,50.333,50.45,50.2,50.34,0,0.0,0.0,False
PAAS,2026-09-18T09:30:00-04:00,regular market,50.18000030517578,50.380001068115234,49.380001068115234,49.459999084472656,313272,0.0,0.0,True
PAAS,2026-09-18T10:00:00-04:00,regular market,49.415000915527344,49.474998474121094,49.12519836425781,49.1349983215332,181202,0.0,0.0,True
PAAS,2026-09-18T10:30:00-04:00,regular market,49.1349983215332,49.404998779296875,49.0900993347168,49.150001525878906,104269,0.0,0.0,True
PAAS,2026-09-18T11:00:00-04:00,regular market,49.16999816894531,49.2599983215332,49.060001373291016,49.22999954223633,156521,0.0,0.0,True
PAAS,2026-09-18T11:30:00-04:00,regular market,49.220001220703125,49.41999816894531,49.21500015258789,49.41999816894531,154239,0.0,0.0,True
PAAS,2026-09-18T12:00:00-04:00,regular market,49.43000030517578,49.650001525878906,49.349998474121094,49.650001525878906,119710,0.0,0.0,True
PAAS,2026-09-18T12:30:00-04:00,regular market,49.61000061035156,49.880001068115234,49.59000015258789,49.880001068115234,127639,0.0,0.0,True
PAAS,2026-09-18T13:00:00-04:00,regular market,49.880001068115234,50.0,49.86000061035156,49.95500183105469,184376,0.0,0.0,True
PAAS,2026-09-18T13:30:00-04:00,regular market,49.95500183105469,50.11000061035156,49.93000030517578,50.05500030517578,146758,0.0,0.0,True
PAAS,2026-09-18T14:00:00-04:00,regular market,50.060001373291016,50.19499969482422,49.970001220703125,50.02000045776367,176467,0.0,0.0,True
PAAS,2026-09-18T14:30:00-04:00,regular market,50.029998779296875,50.040000915527344,49.849998474121094,49.86000061035156,121299,0.0,0.0,True
PAAS,2026-09-18T15:00:00-04:00,regular market,49.86000061035156,49.959999084472656,49.790000915527344,49.83000183105469,129563,0.0,0.0,True
PAAS,2026-09-18T15:30:00-04:00,regular market,49.83000183105469,50.029998779296875,49.77000045776367,49.994998931884766,414997,0.0,0.0,True
PAAS,2026-09-18T16:00:00-04:00,after hours,49.99,50.05,49.9149,50.0,0,0.0,0.0,False
PAAS,2026-09-18T16:30:00-04:00,after hours,50.12,50.12,49.96,50.12,0,0.0,0.0,False
PAAS,2026-09-18T17:00:00-04:00,after hours,50.12,50.12,49.99,49.99,0,0.0,0.0,False
PAAS,2026-09-18T17:30:00-04:00,after hours,50.0957,50.0957,50.0957,50.0957,0,0.0,0.0,False
PAAS,2026-09-18T18:00:00-04:00,after hours,50.0994,50.11,50.0,50.0,0,0.0,0.0,False
PAAS,2026-09-18T18:30:00-04:00,after hours,50.1,50.11,50.0055,50.1063,0,0.0,0.0,False
PAAS,2026-09-18T19:00:00-04:00,after hours,50.0994,50.11,50.0,50.0,0,0.0,0.0,False
PAAS,2026-09-18T19:30:00-04:00,after hours,50.11,50.11,50.08,50.08,0,0.0,0.0,False
PAAS,2026-09-21T04:00:00-04:00,pre-market,49.77,49.99,49.77,49.95,0,0.0,0.0,False
PAAS,2026-09-21T04:30:00-04:00,pre-market,49.94,49.94,49.93,49.93,0,0.0,0.0,False
PAAS,2026-09-21T05:00:00-04:00,pre-market,49.91,49.94,49.91,49.91,0,0.0,0.0,False
PAAS,2026-09-21T05:30:00-04:00,pre-market,49.812,49.97,49.812,49.97,0,0.0,0.0,False
PAAS,2026-09-21T06:00:00-04:00,pre-market,49.94,49.99,49.94,49.99,0,0.0,0.0,False
PAAS,2026-09-21T06:30:00-04:00,pre-market,50.0,50.0,49.97,49.97,0,0.0,0.0,False
PAAS,2026-09-21T07:00:00-04:00,pre-market,49.98,50.04,49.85,49.97,0,0.0,0.0,False
PAAS,2026-09-21T07:30:00-04:00,pre-market,50.0,50.25,50.0,50.0009,0,0.0,0.0,False
PAAS,2026-09-21T08:00:00-04:00,pre-market,50.19,50.4,50.16,50.2259,0,0.0,0.0,False
PAAS,2026-09-21T08:30:00-04:00,pre-market,50.16,50.3,50.16,50.2103,0,0.0,0.0,False
PAAS,2026-09-21T09:00:00-04:00,pre-market,50.21,50.46,50.21,50.46,0,0.0,0.0,False
PAAS,2026-09-21T09:30:00-04:00,regular market,50.29999923706055,50.29999923706055,49.11000061035156,49.13999938964844,327434,0.0,0.0,True
PAAS,2026-09-21T10:00:00-04:00,regular market,49.150001525878906,49.400001525878906,48.481998443603516,48.790000915527344,605760,0.0,0.0,True
PAAS,2026-09-21T10:30:00-04:00,regular market,48.81999969482422,48.83000183105469,48.310001373291016,48.31999969482422,287422,0.0,0.0,True
PAAS,2026-09-21T11:00:00-04:00,regular market,48.33000183105469,48.60599899291992,48.310001373291016,48.4900016784668,119764,0.0,0.0,True
PAAS,2026-09-21T11:30:00-04:00,regular market,48.5,48.79999923706055,48.474998474121094,48.644798278808594,155979,0.0,0.0,True
PAAS,2026-09-21T12:00:00-04:00,regular market,48.63999938964844,48.86000061035156,48.57500076293945,48.61000061035156,139056,0.0,0.0,True
PAAS,2026-09-21T12:30:00-04:00,regular market,48.599998474121094,48.6150016784668,48.439998626708984,48.459999084472656,139441,0.0,0.0,True
PAAS,2026-09-21T13:00:00-04:00,regular market,48.45500183105469,48.619998931884766,48.45000076293945,48.564998626708984,69607,0.0,0.0,True
PAAS,2026-09-21T13:30:00-04:00,regular market,48.56999969482422,48.650001525878906,48.5099983215332,48.55500030517578,120906,0.0,0.0,True
PAAS,2026-09-21T14:00:00-04:00,regular market,48.560001373291016,48.79899978637695,48.560001373291016,48.689998626708984,81273,0.0,0.0,True
PAAS,2026-09-21T14:30:00-04:00,regular market,48.709999084472656,48.790000915527344,48.709999084472656,48.720001220703125,81048,0.0,0.0,True
PAAS,2026-09-21T15:00:00-04:00,regular market,48.724998474121094,48.72999954223633,48.61000061035156,48.646400451660156,120376,0.0,0.0,True
PAAS,2026-09-21T15:30:00-04:00,regular market,48.650001525878906,48.88999938964844,48.650001525878906,48.7599983215332,405025,0.0,0.0,True
PAAS,2026-09-21T16:00:00-04:00,after hours,48.75,48.8,48.75,48.75,159972,0.0,0.0,True
PAAS,2026-09-21T16:30:00-04:00,after hours,48.5549,48.8,48.5549,48.7859,0,0.0,0.0,False
PAAS,2026-09-21T17:00:00-04:00,after hours,48.75,48.81,48.75,48.75,0,0.0,0.0,False
PAAS,2026-09-21T18:00:00-04:00,after hours,48.7648,48.7648,48.7648,48.7648,0,0.0,0.0,False
PAAS,2026-09-21T18:30:00-04:00,after hours,48.81,48.84,48.81,48.84,0,0.0,0.0,False
PAAS,2026-09-21T19:00:00-04:00,after hours,48.93,48.93,48.9,48.91,0,0.0,0.0,False
PAAS,2026-09-21T19:30:00-04:00,after hours,48.8896,49.06,48.8896,49.06,0,0.0,0.0,False
PAAS,2026-09-22T04:00:00-04:00,pre-market,48.6711,48.69,47.8,48.1,0,0.0,0.0,False
PAAS,2026-09-22T04:30:00-04:00,pre-market,47.91,48.4,47.8,48.4,0,0.0,0.0,False
PAAS,2026-09-22T05:00:00-04:00,pre-market,48.62,48.75,48.4,48.44,0,0.0,0.0,False
PAAS,2026-09-22T05:30:00-04:00,pre-market,48.4,48.65,48.4,48.65,0,0.0,0.0,False
PAAS,2026-09-22T06:00:00-04:00,pre-market,48.65,48.65,48.65,48.65,0,0.0,0.0,False
PAAS,2026-09-22T07:00:00-04:00,pre-market,48.51,48.51,48.5,48.5,0,0.0,0.0,False
PAAS,2026-09-22T07:30:00-04:00,pre-market,48.51,48.51,48.43,48.5,0,0.0,0.0,False
PAAS,2026-09-22T08:00:00-04:00,pre-market,48.6999,48.7,48.4,48.68,0,0.0,0.0,False
PAAS,2026-09-22T08:30:00-04:00,pre-market,48.7,48.88,48.67,48.87,0,0.0,0.0,False
PAAS,2026-09-22T09:00:00-04:00,pre-market,48.82,48.88,48.7,48.8401,0,0.0,0.0,False
PAAS,2026-09-22T09:30:00-04:00,regular market,48.66999816894531,49.79999923706055,48.560001373291016,49.5,316853,0.0,0.0,True
PAAS,2026-09-22T10:00:00-04:00,regular market,49.47999954223633,49.56999969482422,49.09000015258789,49.38999938964844,319889,0.0,0.0,True
PAAS,2026-09-22T10:30:00-04:00,regular market,49.404998779296875,49.59080123901367,49.130001068115234,49.529998779296875,217841,0.0,0.0,True
PAAS,2026-09-22T11:00:00-04:00,regular market,49.5099983215332,49.900001525878906,49.459999084472656,49.790000915527344,172934,0.0,0.0,True
PAAS,2026-09-22T11:30:00-04:00,regular market,49.779998779296875,49.78950119018555,49.61000061035156,49.74020004272461,89410,0.0,0.0,True
PAAS,2026-09-22T12:00:00-04:00,regular market,49.7599983215332,49.79999923706055,49.59000015258789,49.67499923706055,81128,0.0,0.0,True
PAAS,2026-09-22T12:30:00-04:00,regular market,49.68000030517578,50.119998931884766,49.68000030517578,50.09000015258789,149569,0.0,0.0,True
PAAS,2026-09-22T13:00:00-04:00,regular market,50.08000183105469,50.13999938964844,49.970001220703125,50.025001525878906,106991,0.0,0.0,True
PAAS,2026-09-22T13:30:00-04:00,regular market,50.02000045776367,50.54999923706055,49.959999084472656,50.4900016784668,167532,0.0,0.0,True
PAAS,2026-09-22T14:00:00-04:00,regular market,50.47999954223633,50.82500076293945,50.38999938964844,50.66999816894531,294521,0.0,0.0,True
PAAS,2026-09-22T14:30:00-04:00,regular market,50.66999816894531,50.70500183105469,50.470001220703125,50.689998626708984,147563,0.0,0.0,True
PAAS,2026-09-22T15:00:00-04:00,regular market,50.689998626708984,50.97999954223633,50.689998626708984,50.954200744628906,201644,0.0,0.0,True
PAAS,2026-09-22T15:30:00-04:00,regular market,50.95000076293945,51.23500061035156,50.83000183105469,50.86000061035156,486460,0.0,0.0,True
PAAS,2026-09-22T16:00:00-04:00,after hours,50.85,50.85,50.85,50.85,216249,0.0,0.0,True
PAAS,2026-09-22T16:30:00-04:00,after hours,50.5492,51.1543,50.5492,51.1543,0,0.0,0.0,False
PAAS,2026-09-22T17:00:00-04:00,after hours,50.90676,50.90676,50.90676,50.90676,0,0.0,0.0,False
PAAS,2026-09-22T17:30:00-04:00,after hours,50.9,50.9,50.85,50.85,0,0.0,0.0,False
PAAS,2026-09-22T18:00:00-04:00,after hours,50.9,51.1982,50.9,51.1982,0,0.0,0.0,False
PAAS,2026-09-22T18:30:00-04:00,after hours,51.24,51.24,50.6027,50.6027,0,0.0,0.0,False
PAAS,2026-09-22T19:00:00-04:00,after hours,50.59,50.59,50.59,50.59,0,0.0,0.0,False
PAAS,2026-09-23T04:00:00-04:00,pre-market,50.05,50.1,49.7,49.74,0,0.0,0.0,False
PAAS,2026-09-23T04:30:00-04:00,pre-market,49.91,49.91,49.91,49.91,0,0.0,0.0,False
PAAS,2026-09-23T05:00:00-04:00,pre-market,49.9,49.98,49.75,49.76,0,0.0,0.0,False
PAAS,2026-09-23T05:30:00-04:00,pre-market,49.8,49.8,49.67,49.6877,0,0.0,0.0,False
PAAS,2026-09-23T07:00:00-04:00,pre-market,49.74,49.75,49.23,49.23,0,0.0,0.0,False
PAAS,2026-09-23T07:30:00-04:00,pre-market,49.2518,49.42,49.01,49.37,0,0.0,0.0,False
PAAS,2026-09-23T08:00:00-04:00,pre-market,49.36,49.44,49.1473,49.44,0,0.0,0.0,False
PAAS,2026-09-23T08:30:00-04:00,pre-market,49.5,49.5,49.15,49.27,0,0.0,0.0,False
PAAS,2026-09-23T09:00:00-04:00,pre-market,49.27,49.5,49.24,49.5,0,0.0,0.0,False
PAAS,2026-09-23T09:30:00-04:00,regular market,49.349998474121094,49.387001037597656,48.0099983215332,48.13999938964844,529750,0.0,0.0,True
PAAS,2026-09-23T10:00:00-04:00,regular market,48.13999938964844,48.439998626708984,47.880001068115234,48.040000915527344,413782,0.0,0.0,True
PAAS,2026-09-23T10:30:00-04:00,regular market,48.040000915527344,48.494998931884766,48.02000045776367,48.349998474121094,413197,0.0,0.0,True
PAAS,2026-09-23T11:00:00-04:00,regular market,48.36000061035156,48.37990188598633,48.18050003051758,48.18050003051758,149248,0.0,0.0,True
PAAS,2026-09-23T11:30:00-04:00,regular market,48.18000030517578,48.199501037597656,47.90999984741211,48.02000045776367,174485,0.0,0.0,True
PAAS,2026-09-23T12:00:00-04:00,regular market,48.01499938964844,48.16999816894531,47.91999816894531,48.15999984741211,92235,0.0,0.0,True
PAAS,2026-09-23T12:30:00-04:00,regular market,48.15999984741211,48.29499816894531,48.11000061035156,48.209999084472656,200049,0.0,0.0,True
PAAS,2026-09-23T13:00:00-04:00,regular market,48.20000076293945,48.20000076293945,47.821998596191406,47.904998779296875,246885,0.0,0.0,True
PAAS,2026-09-23T13:30:00-04:00,regular market,47.900001525878906,48.22990036010742,47.79999923706055,48.19499969482422,187045,0.0,0.0,True
PAAS,2026-09-23T14:00:00-04:00,regular market,48.209999084472656,48.290000915527344,48.07500076293945,48.13999938964844,199693,0.0,0.0,True
PAAS,2026-09-23T14:30:00-04:00,regular market,48.1349983215332,48.255001068115234,48.119998931884766,48.2400016784668,209542,0.0,0.0,True
PAAS,2026-09-23T15:00:00-04:00,regular market,48.2400016784668,48.2400016784668,48.04999923706055,48.150001525878906,357819,0.0,0.0,True
PAAS,2026-09-23T15:30:00-04:00,regular market,48.13999938964844,48.18000030517578,47.95000076293945,48.11000061035156,485854,0.0,0.0,True
PAAS,2026-09-23T16:00:00-04:00,after hours,48.11,48.16,47.9402,48.11,314321,0.0,0.0,True
PAAS,2026-09-23T16:30:00-04:00,after hours,48.11,48.11,48.11,48.11,0,0.0,0.0,False
PAAS,2026-09-23T17:00:00-04:00,after hours,48.074333,48.074333,48.074333,48.074333,0,0.0,0.0,False
PAAS,2026-09-23T17:30:00-04:00,after hours,48.0093,48.11,48.0093,48.11,0,0.0,0.0,False
PAAS,2026-09-23T18:30:00-04:00,after hours,48.06,48.07,48.06,48.07,0,0.0,0.0,False
PAAS,2026-09-23T19:00:00-04:00,after hours,48.0746,48.0746,48.07,48.07,0,0.0,0.0,False
PAAS,2026-09-23T19:30:00-04:00,after hours,48.06,48.062,47.978,48.0137,0,0.0,0.0,False
PAAS,2026-09-24T04:00:00-04:00,pre-market,47.94,48.03,47.54,47.57,0,0.0,0.0,False
PAAS,2026-09-24T04:30:00-04:00,pre-market,47.56,47.66,47.46,47.66,0,0.0,0.0,False
PAAS,2026-09-24T05:00:00-04:00,pre-market,47.67,47.67,47.67,47.67,0,0.0,0.0,False
PAAS,2026-09-24T06:00:00-04:00,pre-market,47.64,47.64,47.49,47.49,0,0.0,0.0,False
PAAS,2026-09-24T06:30:00-04:00,pre-market,47.49,47.66,47.49,47.66,0,0.0,0.0,False
PAAS,2026-09-24T07:00:00-04:00,pre-market,47.61,47.61,47.55,47.55,0,0.0,0.0,False
PAAS,2026-09-24T07:30:00-04:00,pre-market,47.57,47.68,47.49,47.55,0,0.0,0.0,False
PAAS,2026-09-24T08:00:00-04:00,pre-market,47.4,47.64,47.4,47.55,0,0.0,0.0,False
PAAS,2026-09-24T08:30:00-04:00,pre-market,47.5,48.11,47.34,47.49,0,0.0,0.0,False
PAAS,2026-09-24T09:00:00-04:00,pre-market,47.5,47.5,47.4906,47.4906,0,0.0,0.0,False
PAAS,2026-09-24T09:30:00-04:00,regular market,47.5,47.59000015258789,47.0796012878418,47.15999984741211,191840,0.0,0.0,True
PANW,2026-09-18T04:00:00-04:00,pre-market,372.9327,376.6953,372.0,374.22,0,0.0,0.0,False
PANW,2026-09-18T04:30:00-04:00,pre-market,373.77,374.18,373.1,374.15,0,0.0,0.0,False
PANW,2026-09-18T05:00:00-04:00,pre-market,373.3201,374.57,370.58,372.76,0,0.0,0.0,False
PANW,2026-09-18T05:30:00-04:00,pre-market,372.76,373.49,372.11,372.89,0,0.0,0.0,False
PANW,2026-09-18T06:00:00-04:00,pre-market,372.3855,374.0,371.27,372.77,0,0.0,0.0,False
PANW,2026-09-18T06:30:00-04:00,pre-market,372.75,374.0,371.3187,371.3187,0,0.0,0.0,False
PANW,2026-09-18T07:00:00-04:00,pre-market,373.04,374.8477,371.8,374.0246,0,0.0,0.0,False
PANW,2026-09-18T07:30:00-04:00,pre-market,373.8,374.9,372.8,373.41,0,0.0,0.0,False
PANW,2026-09-18T08:00:00-04:00,pre-market,373.89,374.94,373.0465,374.5,0,0.0,0.0,False
PANW,2026-09-18T08:30:00-04:00,pre-market,374.45,376.0,373.51,375.7826,0,0.0,0.0,False
PANW,2026-09-18T09:00:00-04:00,pre-market,375.8,377.94,373.33,374.33,0,0.0,0.0,False
PANW,2026-09-18T09:30:00-04:00,regular market,375.625,376.010009765625,359.6199951171875,361.0849914550781,1791221,0.0,0.0,True
PANW,2026-09-18T10:00:00-04:00,regular market,361.45001220703125,361.5470886230469,356.0,359.2300109863281,598687,0.0,0.0,True
PANW,2026-09-18T10:30:00-04:00,regular market,359.3999938964844,360.2200012207031,358.0,358.739990234375,268286,0.0,0.0,True
PANW,2026-09-18T11:00:00-04:00,regular market,358.45001220703125,360.5400085449219,358.45001220703125,359.739990234375,297697,0.0,0.0,True
PANW,2026-09-18T11:30:00-04:00,regular market,359.8526916503906,361.3699951171875,359.739990234375,360.9700012207031,209098,0.0,0.0,True
PANW,2026-09-18T12:00:00-04:00,regular market,361.1199951171875,362.4700012207031,360.40008544921875,361.19000244140625,438311,0.0,0.0,True
PANW,2026-09-18T12:30:00-04:00,regular market,361.05999755859375,361.2864074707031,359.8900146484375,360.4303894042969,147539,0.0,0.0,True
PANW,2026-09-18T13:00:00-04:00,regular market,360.5249938964844,361.989013671875,360.3500061035156,361.07501220703125,185844,0.0,0.0,True
PANW,2026-09-18T13:30:00-04:00,regular market,361.125,363.5199890136719,361.05999755859375,363.1400146484375,245335,0.0,0.0,True
PANW,2026-09-18T14:00:00-04:00,regular market,363.29998779296875,363.5350036621094,362.19000244140625,362.3800964355469,251154,0.0,0.0,True
PANW,2026-09-18T14:30:00-04:00,regular market,362.44000244140625,363.2799987792969,362.239990234375,362.2900085449219,183193,0.0,0.0,True
PANW,2026-09-18T15:00:00-04:00,regular market,362.4200134277344,363.2900085449219,360.989990234375,362.0450134277344,275700,0.0,0.0,True
PANW,2026-09-18T15:30:00-04:00,regular market,361.94000244140625,364.67999267578125,360.75,363.57000732421875,1016918,0.0,0.0,True
PANW,2026-09-18T16:00:00-04:00,after hours,363.52,365.4,361.77,364.68,0,0.0,0.0,False
PANW,2026-09-18T16:30:00-04:00,after hours,364.7,365.4,363.58,364.9,0,0.0,0.0,False
PANW,2026-09-18T17:00:00-04:00,after hours,364.7,364.9,363.55,364.83,0,0.0,0.0,False
PANW,2026-09-18T17:30:00-04:00,after hours,364.08,364.9,363.8,363.9689,0,0.0,0.0,False
PANW,2026-09-18T18:00:00-04:00,after hours,364.29,364.42,363.55,363.58,0,0.0,0.0,False
PANW,2026-09-18T18:30:00-04:00,after hours,363.99,364.7,362.0,363.5,0,0.0,0.0,False
PANW,2026-09-18T19:00:00-04:00,after hours,363.76,364.9,362.02,362.02,0,0.0,0.0,False
PANW,2026-09-18T19:30:00-04:00,after hours,363.85,363.85,363.0,363.0,0,0.0,0.0,False
PANW,2026-09-21T04:00:00-04:00,pre-market,365.4637,366.15,362.5912,364.63,0,0.0,0.0,False
PANW,2026-09-21T04:30:00-04:00,pre-market,364.8,365.5,364.0012,364.75,0,0.0,0.0,False
PANW,2026-09-21T05:00:00-04:00,pre-market,364.76,365.55,363.63,365.252,0,0.0,0.0,False
PANW,2026-09-21T05:30:00-04:00,pre-market,363.5977,365.85,363.5977,365.65,0,0.0,0.0,False
PANW,2026-09-21T06:00:00-04:00,pre-market,364.9,365.45,364.05,364.7001,0,0.0,0.0,False
PANW,2026-09-21T06:30:00-04:00,pre-market,364.7,365.11,364.181,364.9,0,0.0,0.0,False
PANW,2026-09-21T07:00:00-04:00,pre-market,364.89,365.85,363.58,365.85,0,0.0,0.0,False
PANW,2026-09-21T07:30:00-04:00,pre-market,365.5,366.2,365.15,366.0,0,0.0,0.0,False
PANW,2026-09-21T08:00:00-04:00,pre-market,365.3334,365.9077,363.58,363.58,0,0.0,0.0,False
PANW,2026-09-21T08:30:00-04:00,pre-market,365.02,365.02,363.5,363.9,0,0.0,0.0,False
PANW,2026-09-21T09:00:00-04:00,pre-market,363.9,366.28,362.0,366.06,0,0.0,0.0,False
PANW,2026-09-21T09:30:00-04:00,regular market,364.260009765625,371.0,357.5899963378906,370.9200134277344,877293,0.0,0.0,True
PANW,2026-09-21T10:00:00-04:00,regular market,370.9200134277344,372.9800109863281,368.9599914550781,372.5400085449219,445004,0.0,0.0,True
PANW,2026-09-21T10:30:00-04:00,regular market,372.5400085449219,374.55999755859375,371.2799987792969,373.43499755859375,284514,0.0,0.0,True
PANW,2026-09-21T11:00:00-04:00,regular market,373.42999267578125,374.0,371.489990234375,372.1700134277344,204419,0.0,0.0,True
PANW,2026-09-21T11:30:00-04:00,regular market,372.010009765625,372.4049987792969,371.2200012207031,372.0950927734375,196829,0.0,0.0,True
PANW,2026-09-21T12:00:00-04:00,regular market,372.2200012207031,372.5400085449219,370.20001220703125,370.79998779296875,157026,0.0,0.0,True
PANW,2026-09-21T12:30:00-04:00,regular market,370.9700012207031,371.5,368.6401062011719,369.2699890136719,196662,0.0,0.0,True
PANW,2026-09-21T13:00:00-04:00,regular market,369.2699890136719,369.889892578125,368.55999755859375,369.5600891113281,185867,0.0,0.0,True
PANW,2026-09-21T13:30:00-04:00,regular market,369.510009765625,369.6400146484375,368.3399963378906,369.55999755859375,178395,0.0,0.0,True
PANW,2026-09-21T14:00:00-04:00,regular market,369.6499938964844,370.0,368.760009765625,369.489990234375,222383,0.0,0.0,True
PANW,2026-09-21T14:30:00-04:00,regular market,369.6000061035156,371.7698974609375,368.70159912109375,371.5299987792969,214300,0.0,0.0,True
PANW,2026-09-21T15:00:00-04:00,regular market,371.44000244140625,372.44000244140625,367.40008544921875,371.5050048828125,325090,0.0,0.0,True
PANW,2026-09-21T15:30:00-04:00,regular market,371.57000732421875,372.1300048828125,370.6199951171875,371.6199951171875,622594,0.0,0.0,True
PANW,2026-09-21T16:00:00-04:00,after hours,371.76,372.2099,368.0,370.8592,0,0.0,0.0,False
PANW,2026-09-21T16:30:00-04:00,after hours,371.19,371.49,368.5,370.73,0,0.0,0.0,False
PANW,2026-09-21T17:00:00-04:00,after hours,370.74,371.5,368.5682,370.0472,0,0.0,0.0,False
PANW,2026-09-21T17:30:00-04:00,after hours,371.03,372.1,370.01,371.5,0,0.0,0.0,False
PANW,2026-09-21T18:00:00-04:00,after hours,371.5,371.76,370.01,371.11,0,0.0,0.0,False
PANW,2026-09-21T18:30:00-04:00,after hours,371.9999,371.9999,370.0,371.4042,0,0.0,0.0,False
PANW,2026-09-21T19:00:00-04:00,after hours,371.57,371.57,370.9,371.05,0,0.0,0.0,False
PANW,2026-09-21T19:30:00-04:00,after hours,371.05,371.57,370.6743,371.57,0,0.0,0.0,False
PANW,2026-09-22T04:00:00-04:00,pre-market,374.47,376.5,371.1,373.8,0,0.0,0.0,False
PANW,2026-09-22T04:30:00-04:00,pre-market,373.4,377.99,373.01,375.8,0,0.0,0.0,False
PANW,2026-09-22T05:00:00-04:00,pre-market,375.9,376.0,374.5,374.58,0,0.0,0.0,False
PANW,2026-09-22T05:30:00-04:00,pre-market,374.95,375.5,373.0843,375.0,0,0.0,0.0,False
PANW,2026-09-22T06:00:00-04:00,pre-market,374.79,375.36,373.5012,373.5012,0,0.0,0.0,False
PANW,2026-09-22T06:30:00-04:00,pre-market,373.5365,374.6602,373.5012,373.8,0,0.0,0.0,False
PANW,2026-09-22T07:00:00-04:00,pre-market,373.5,375.0,371.76,373.9,0,0.0,0.0,False
PANW,2026-09-22T07:30:00-04:00,pre-market,374.28,374.49,373.03,373.75,0,0.0,0.0,False
PANW,2026-09-22T08:00:00-04:00,pre-market,374.49,379.0,374.2417,377.45,0,0.0,0.0,False
PANW,2026-09-22T08:30:00-04:00,pre-market,377.45,378.91,375.32,376.25,0,0.0,0.0,False
PANW,2026-09-22T09:00:00-04:00,pre-market,376.23,376.99,372.61,374.85,0,0.0,0.0,False
PANW,2026-09-22T09:30:00-04:00,regular market,374.3940124511719,374.989990234375,363.5799865722656,368.9750061035156,854661,0.0,0.0,True
PANW,2026-09-22T10:00:00-04:00,regular market,368.68499755859375,370.989990234375,367.1000061035156,367.3500061035156,380060,0.0,0.0,True
PANW,2026-09-22T10:30:00-04:00,regular market,367.44500732421875,369.54998779296875,367.1600036621094,367.3900146484375,270288,0.0,0.0,True
PANW,2026-09-22T11:00:00-04:00,regular market,367.3900146484375,368.54998779296875,366.37200927734375,366.54998779296875,244128,0.0,0.0,True
PANW,2026-09-22T11:30:00-04:00,regular market,366.5690002441406,367.659912109375,366.1072082519531,366.5050048828125,187065,0.0,0.0,True
PANW,2026-09-22T12:00:00-04:00,regular market,366.5050048828125,368.1400146484375,365.9100036621094,367.7699890136719,247236,0.0,0.0,True
PANW,2026-09-22T12:30:00-04:00,regular market,367.7799987792969,371.5,367.7749938964844,371.42498779296875,307669,0.0,0.0,True
PANW,2026-09-22T13:00:00-04:00,regular market,371.4599914550781,373.67999267578125,370.72198486328125,372.864990234375,330850,0.0,0.0,True
PANW,2026-09-22T13:30:00-04:00,regular market,372.864990234375,375.739990234375,372.37530517578125,373.625,344581,0.0,0.0,True
PANW,2026-09-22T14:00:00-04:00,regular market,373.5382080078125,377.8052062988281,372.3599853515625,377.260009765625,275621,0.0,0.0,True
PANW,2026-09-22T14:30:00-04:00,regular market,377.3399963378906,377.9100036621094,374.42498779296875,374.6000061035156,2605742,0.0,0.0,True
PANW,2026-09-22T15:00:00-04:00,regular market,374.6000061035156,375.8699951171875,373.8800964355469,375.05999755859375,147000,0.0,0.0,True
PANW,2026-09-22T15:30:00-04:00,regular market,374.952392578125,375.2799987792969,372.489990234375,374.4800109863281,551198,0.0,0.0,True
PANW,2026-09-22T16:00:00-04:00,after hours,374.57,374.95,371.44,374.21,0,0.0,0.0,False
PANW,2026-09-22T16:30:00-04:00,after hours,374.28,374.75,373.82,374.43,0,0.0,0.0,False
PANW,2026-09-22T17:00:00-04:00,after hours,371.0,374.4802,371.0,374.1,0,0.0,0.0,False
PANW,2026-09-22T17:30:00-04:00,after hours,374.1321,374.7,374.1,374.5,0,0.0,0.0,False
PANW,2026-09-22T18:00:00-04:00,after hours,374.5,375.0,374.1,375.0,0,0.0,0.0,False
PANW,2026-09-22T18:30:00-04:00,after hours,375.0,375.0,374.1,374.2395,0,0.0,0.0,False
PANW,2026-09-22T19:00:00-04:00,after hours,374.26,374.9215,374.1,374.8605,0,0.0,0.0,False
PANW,2026-09-22T19:30:00-04:00,after hours,374.86,375.0,374.1,374.82,0,0.0,0.0,False
PANW,2026-09-23T04:00:00-04:00,pre-market,376.06,378.1814,374.025,376.2,0,0.0,0.0,False
PANW,2026-09-23T04:30:00-04:00,pre-market,376.63,376.9988,375.8,376.6,0,0.0,0.0,False
PANW,2026-09-23T05:00:00-04:00,pre-market,376.88,376.88,374.0112,376.35,0,0.0,0.0,False
PANW,2026-09-23T05:30:00-04:00,pre-market,376.2003,376.88,376.04,376.853,0,0.0,0.0,False
PANW,2026-09-23T06:00:00-04:00,pre-market,376.85,377.548,376.76,376.94,0,0.0,0.0,False
PANW,2026-09-23T06:30:00-04:00,pre-market,377.64,377.78,376.8,377.0,0,0.0,0.0,False
PANW,2026-09-23T07:00:00-04:00,pre-market,377.0,377.78,374.2,375.9,0,0.0,0.0,False
PANW,2026-09-23T07:30:00-04:00,pre-market,375.74,377.0,375.01,376.35,0,0.0,0.0,False
PANW,2026-09-23T08:00:00-04:00,pre-market,376.19,377.78,375.289,377.5605,0,0.0,0.0,False
PANW,2026-09-23T08:30:00-04:00,pre-market,377.542,377.74,376.7852,377.0,0,0.0,0.0,False
PANW,2026-09-23T09:00:00-04:00,pre-market,377.0,380.84,376.51,379.18,0,0.0,0.0,False
PANW,2026-09-23T09:30:00-04:00,regular market,379.79998779296875,380.5899963378906,374.2200012207031,378.8868103027344,618659,0.0,0.0,True
PANW,2026-09-23T10:00:00-04:00,regular market,378.7749938964844,379.6700134277344,375.90008544921875,377.8999938964844,317248,0.0,0.0,True
PANW,2026-09-23T10:30:00-04:00,regular market,377.92999267578125,387.7799987792969,377.7950134277344,386.7799987792969,587771,0.0,0.0,True
PANW,2026-09-23T11:00:00-04:00,regular market,386.6524963378906,388.3900146484375,384.8599853515625,388.010009765625,389195,0.0,0.0,True
PANW,2026-09-23T11:30:00-04:00,regular market,388.0249938964844,388.79998779296875,386.6400146484375,388.4049987792969,446943,0.0,0.0,True
PANW,2026-09-23T12:00:00-04:00,regular market,388.4049987792969,388.7900085449219,384.75,385.9599914550781,221057,0.0,0.0,True
PANW,2026-09-23T12:30:00-04:00,regular market,385.8999938964844,386.5950012207031,384.7300109863281,385.135009765625,194289,0.0,0.0,True
PANW,2026-09-23T13:00:00-04:00,regular market,385.2699890136719,387.42999267578125,385.2650146484375,385.8399963378906,192742,0.0,0.0,True
PANW,2026-09-23T13:30:00-04:00,regular market,385.8699951171875,387.05999755859375,385.2250061035156,386.84979248046875,157226,0.0,0.0,True
PANW,2026-09-23T14:00:00-04:00,regular market,386.79998779296875,388.3999938964844,386.25,388.1449890136719,259452,0.0,0.0,True
PANW,2026-09-23T14:30:00-04:00,regular market,388.2699890136719,390.8999938964844,388.0364074707031,390.80499267578125,336060,0.0,0.0,True
PANW,2026-09-23T15:00:00-04:00,regular market,390.8999938964844,391.5799865722656,390.0010070800781,390.69000244140625,278102,0.0,0.0,True
PANW,2026-09-23T15:30:00-04:00,regular market,390.6000061035156,393.5199890136719,389.6700134277344,393.29998779296875,850858,0.0,0.0,True
PANW,2026-09-23T16:00:00-04:00,after hours,393.3,393.84,392.0,392.3,0,0.0,0.0,False
PANW,2026-09-23T16:30:00-04:00,after hours,392.25,393.0,391.6,392.3,0,0.0,0.0,False
PANW,2026-09-23T17:00:00-04:00,after hours,392.5,392.9,391.75,392.04,0,0.0,0.0,False
PANW,2026-09-23T17:30:00-04:00,after hours,392.035,393.3,391.9,392.25,0,0.0,0.0,False
PANW,2026-09-23T18:00:00-04:00,after hours,392.25,392.51,391.75,392.45,0,0.0,0.0,False
PANW,2026-09-23T18:30:00-04:00,after hours,392.45,392.6,392.3,392.6,0,0.0,0.0,False
PANW,2026-09-23T19:00:00-04:00,after hours,392.3,392.87,392.3,392.34,0,0.0,0.0,False
PANW,2026-09-23T19:30:00-04:00,after hours,392.3,392.55,392.0,392.19,0,0.0,0.0,False
PANW,2026-09-24T04:00:00-04:00,pre-market,389.63,393.3,385.01,387.59,0,0.0,0.0,False
PANW,2026-09-24T04:30:00-04:00,pre-market,387.67,389.35,385.01,389.29,0,0.0,0.0,False
PANW,2026-09-24T05:00:00-04:00,pre-market,389.18,391.85,388.8,391.4,0,0.0,0.0,False
PANW,2026-09-24T05:30:00-04:00,pre-market,391.4,391.5,388.8,390.8276,0,0.0,0.0,False
PANW,2026-09-24T06:00:00-04:00,pre-market,389.71,391.7925,388.81,390.62,0,0.0,0.0,False
PANW,2026-09-24T06:30:00-04:00,pre-market,390.4,392.3,389.8812,391.4,0,0.0,0.0,False
PANW,2026-09-24T07:00:00-04:00,pre-market,391.6,393.3,388.88,389.6846,0,0.0,0.0,False
PANW,2026-09-24T07:30:00-04:00,pre-market,389.68,391.8175,389.22,390.5,0,0.0,0.0,False
PANW,2026-09-24T08:00:00-04:00,pre-market,390.02,390.9,389.27,389.27,0,0.0,0.0,False
PANW,2026-09-24T08:30:00-04:00,pre-market,389.93,391.88,389.01,391.3,0,0.0,0.0,False
PANW,2026-09-24T09:00:00-04:00,pre-market,391.2,393.87,389.91,393.0,0,0.0,0.0,False
PANW,2026-09-24T09:30:00-04:00,regular market,392.44000244140625,396.29998779296875,389.1499938964844,390.3800048828125,610052,0.0,0.0,True
PLTR,2026-09-18T04:00:00-04:00,pre-market,176.773,176.7788,175.61,176.0,0,0.0,0.0,False
PLTR,2026-09-18T04:30:00-04:00,pre-market,176.11,176.2,175.75,175.81,0,0.0,0.0,False
PLTR,2026-09-18T05:00:00-04:00,pre-market,175.92,176.04,175.76,175.7797,0,0.0,0.0,False
PLTR,2026-09-18T05:30:00-04:00,pre-market,175.78,175.78,175.45,175.6,0,0.0,0.0,False
PLTR,2026-09-18T06:00:00-04:00,pre-market,175.67,175.9,175.5,175.8239,0,0.0,0.0,False
PLTR,2026-09-18T06:30:00-04:00,pre-market,175.87,176.36,175.87,176.12,0,0.0,0.0,False
PLTR,2026-09-18T07:00:00-04:00,pre-market,176.12,176.24,175.8,176.1681,0,0.0,0.0,False
PLTR,2026-09-18T07:30:00-04:00,pre-market,176.1,176.38,176.0,176.013,0,0.0,0.0,False
PLTR,2026-09-18T08:00:00-04:00,pre-market,176.14,176.3042,175.6,175.76,0,0.0,0.0,False
PLTR,2026-09-18T08:30:00-04:00,pre-market,175.8349,176.69,175.6,176.65,0,0.0,0.0,False
PLTR,2026-09-18T09:00:00-04:00,pre-market,176.6295,177.94,175.95,177.09,0,0.0,0.0,False
PLTR,2026-09-18T09:30:00-04:00,regular market,177.0399932861328,177.75,172.0,173.83999633789062,7550217,0.0,0.0,True
PLTR,2026-09-18T10:00:00-04:00,regular market,173.8699951171875,174.74000549316406,172.89999389648438,174.30999755859375,1298809,0.0,0.0,True
PLTR,2026-09-18T10:30:00-04:00,regular market,174.3300018310547,175.37989807128906,173.89500427246094,175.33999633789062,1238543,0.0,0.0,True
PLTR,2026-09-18T11:00:00-04:00,regular market,175.27499389648438,176.1699981689453,175.0,175.9604949951172,1428357,0.0,0.0,True
PLTR,2026-09-18T11:30:00-04:00,regular market,175.97500610351562,176.05999755859375,175.4199981689453,175.89999389648438,635036,0.0,0.0,True
PLTR,2026-09-18T12:00:00-04:00,regular market,175.8800048828125,176.25,175.15159606933594,175.42050170898438,616968,0.0,0.0,True
PLTR,2026-09-18T12:30:00-04:00,regular market,175.44949340820312,175.67999267578125,175.0,175.50430297851562,502420,0.0,0.0,True
PLTR,2026-09-18T13:00:00-04:00,regular market,175.52499389648438,175.58999633789062,175.1300048828125,175.36500549316406,420617,0.0,0.0,True
PLTR,2026-09-18T13:30:00-04:00,regular market,175.3800048828125,176.10000610351562,175.27499389648438,175.85000610351562,572785,0.0,0.0,True
PLTR,2026-09-18T14:00:00-04:00,regular market,175.84500122070312,177.01339721679688,175.81500244140625,176.56500244140625,1095836,0.0,0.0,True
PLTR,2026-09-18T14:30:00-04:00,regular market,176.52999877929688,177.3300018310547,176.44000244140625,176.92999267578125,908548,0.0,0.0,True
PLTR,2026-09-18T15:00:00-04:00,regular market,176.95989990234375,177.33999633789062,176.25,176.86399841308594,1066082,0.0,0.0,True
PLTR,2026-09-18T15:30:00-04:00,regular market,176.86000061035156,177.6999969482422,175.97999572753906,177.52000427246094,3468671,0.0,0.0,True
PLTR,2026-09-18T16:00:00-04:00,after hours,177.64,178.0,177.35,177.63,0,0.0,0.0,False
PLTR,2026-09-18T16:30:00-04:00,after hours,177.71,178.0,174.2464,177.25,0,0.0,0.0,False
PLTR,2026-09-18T17:00:00-04:00,after hours,177.42,177.93,170.8634,177.64,0,0.0,0.0,False
PLTR,2026-09-18T17:30:00-04:00,after hours,177.74,177.83,177.25,177.35,0,0.0,0.0,False
PLTR,2026-09-18T18:00:00-04:00,after hours,177.38,177.64,177.25,177.6247,0,0.0,0.0,False
PLTR,2026-09-18T18:30:00-04:00,after hours,177.4,182.92,177.4,177.47,0,0.0,0.0,False
PLTR,2026-09-18T19:00:00-04:00,after hours,177.47,177.6,177.4,177.55,0,0.0,0.0,False
PLTR,2026-09-18T19:30:00-04:00,after hours,177.5,177.55,177.0465,177.37,0,0.0,0.0,False
PLTR,2026-09-21T04:00:00-04:00,pre-market,177.48,178.4,177.48,178.15,0,0.0,0.0,False
PLTR,2026-09-21T04:30:00-04:00,pre-market,178.15,178.79,178.06,178.53,0,0.0,0.0,False
PLTR,2026-09-21T05:00:00-04:00,pre-market,178.51,179.0,178.4,178.77,0,0.0,0.0,False
PLTR,2026-09-21T05:30:00-04:00,pre-market,178.61,178.8,178.12,178.38,0,0.0,0.0,False
PLTR,2026-09-21T06:00:00-04:00,pre-market,178.38,179.2,178.16,178.93,0,0.0,0.0,False
PLTR,2026-09-21T06:30:00-04:00,pre-market,179.04,179.14,178.5716,178.89,0,0.0,0.0,False
PLTR,2026-09-21T07:00:00-04:00,pre-market,178.85,179.2,177.64,179.0,0,0.0,0.0,False
PLTR,2026-09-21T07:30:00-04:00,pre-market,179.03,179.6,179.0,179.1352,0,0.0,0.0,False
PLTR,2026-09-21T08:00:00-04:00,pre-market,179.25,179.44,178.65,179.1,0,0.0,0.0,False
PLTR,2026-09-21T08:30:00-04:00,pre-market,179.0,179.09,178.42,178.7555,0,0.0,0.0,False
PLTR,2026-09-21T09:00:00-04:00,pre-market,178.71,179.21,178.25,178.64,0,0.0,0.0,False
PLTR,2026-09-21T09:30:00-04:00,regular market,178.72500610351562,181.4499969482422,176.75999450683594,181.4250030517578,3911357,0.0,0.0,True
PLTR,2026-09-21T10:00:00-04:00,regular market,181.39999389648438,182.1999969482422,180.80999755859375,182.0626983642578,2000532,0.0,0.0,True
PLTR,2026-09-21T10:30:00-04:00,regular market,182.07000732421875,182.35000610351562,181.5500030517578,182.06500244140625,1296148,0.0,0.0,True
PLTR,2026-09-21T11:00:00-04:00,regular market,182.0800018310547,182.21499633789062,181.67999267578125,182.0500030517578,918894,0.0,0.0,True
PLTR,2026-09-21T11:30:00-04:00,regular market,182.0399932861328,182.4499969482422,181.69000244140625,182.1699981689453,962540,0.0,0.0,True
PLTR,2026-09-21T12:00:00-04:00,regular market,182.14999389648438,183.3800048828125,182.0,182.89999389648438,1455893,0.0,0.0,True
PLTR,2026-09-21T12:30:00-04:00,regular market,182.82000732421875,182.8800048828125,181.10000610351562,181.57000732421875,928757,0.0,0.0,True
PLTR,2026-09-21T13:00:00-04:00,regular market,181.52499389648438,181.7449951171875,181.19000244140625,181.3594970703125,659669,0.0,0.0,True
PLTR,2026-09-21T13:30:00-04:00,regular market,181.36000061035156,182.0570068359375,181.25999450683594,181.82000732421875,638408,0.0,0.0,True
PLTR,2026-09-21T14:00:00-04:00,regular market,181.8271942138672,182.3249969482422,181.27000427246094,181.51499938964844,830743,0.0,0.0,True
PLTR,2026-09-21T14:30:00-04:00,regular market,181.53500366210938,181.9499969482422,181.38999938964844,181.4949951171875,730630,0.0,0.0,True
PLTR,2026-09-21T15:00:00-04:00,regular market,181.52999877929688,182.0,181.27000427246094,181.85000610351562,888132,0.0,0.0,True
PLTR,2026-09-21T15:30:00-04:00,regular market,181.8300018310547,183.15499877929688,181.69009399414062,183.0800018310547,2781820,0.0,0.0,True
PLTR,2026-09-21T16:00:00-04:00,after hours,183.07,183.383,182.16,182.8999,0,0.0,0.0,False
PLTR,2026-09-21T16:30:00-04:00,after hours,182.8845,182.9,182.5,182.7134,0,0.0,0.0,False
PLTR,2026-09-21T17:00:00-04:00,after hours,182.7102,187.035,182.71,182.7392,0,0.0,0.0,False
PLTR,2026-09-21T17:30:00-04:00,after hours,182.7392,182.98,182.71,182.78,0,0.0,0.0,False
PLTR,2026-09-21T18:00:00-04:00,after hours,182.9,183.09,182.78,183.0,0,0.0,0.0,False
PLTR,2026-09-21T18:30:00-04:00,after hours,182.99,183.09,182.9503,183.0204,0,0.0,0.0,False
PLTR,2026-09-21T19:00:00-04:00,after hours,183.0209,183.0397,182.71,182.84,0,0.0,0.0,False
PLTR,2026-09-21T19:30:00-04:00,after hours,182.93,183.03,182.84,183.02,0,0.0,0.0,False
PLTR,2026-09-22T04:00:00-04:00,pre-market,183.34,184.3617,182.42,183.5268,0,0.0,0.0,False
PLTR,2026-09-22T04:30:00-04:00,pre-market,183.5,184.5,183.28,184.43,0,0.0,0.0,False
PLTR,2026-09-22T05:00:00-04:00,pre-market,184.32,184.45,183.64,183.9525,0,0.0,0.0,False
PLTR,2026-09-22T05:30:00-04:00,pre-market,183.95,184.0,183.42,183.8,0,0.0,0.0,False
PLTR,2026-09-22T06:00:00-04:00,pre-market,183.8592,183.8592,183.31,183.67,0,0.0,0.0,False
PLTR,2026-09-22T06:30:00-04:00,pre-market,183.67,183.8746,183.41,183.68,0,0.0,0.0,False
PLTR,2026-09-22T07:00:00-04:00,pre-market,183.68,183.98,183.49,183.909,0,0.0,0.0,False
PLTR,2026-09-22T07:30:00-04:00,pre-market,183.78,183.98,183.74,183.97,0,0.0,0.0,False
PLTR,2026-09-22T08:00:00-04:00,pre-market,183.9,184.48,183.9,184.3448,0,0.0,0.0,False
PLTR,2026-09-22T08:30:00-04:00,pre-market,184.25,184.6,150.95,184.44,0,0.0,0.0,False
PLTR,2026-09-22T09:00:00-04:00,pre-market,184.42,185.27,184.17,185.15,0,0.0,0.0,False
PLTR,2026-09-22T09:30:00-04:00,regular market,185.0850067138672,185.5399932861328,182.75079345703125,183.66000366210938,3396961,0.0,0.0,True
PLTR,2026-09-22T10:00:00-04:00,regular market,183.52000427246094,183.8800048828125,182.38999938964844,182.4949951171875,1571005,0.0,0.0,True
PLTR,2026-09-22T10:30:00-04:00,regular market,182.47000122070312,183.3000030517578,182.02999877929688,182.97999572753906,1356044,0.0,0.0,True
PLTR,2026-09-22T11:00:00-04:00,regular market,182.97000122070312,184.8800048828125,182.8800048828125,184.35000610351562,1447667,0.0,0.0,True
PLTR,2026-09-22T11:30:00-04:00,regular market,184.35009765625,184.389892578125,183.6699981689453,184.0449981689453,928138,0.0,0.0,True
PLTR,2026-09-22T12:00:00-04:00,regular market,184.0800018310547,184.08999633789062,182.96009826660156,183.66000366210938,681398,0.0,0.0,True
PLTR,2026-09-22T12:30:00-04:00,regular market,183.6199951171875,184.38999938964844,183.1300048828125,184.0,842841,0.0,0.0,True
PLTR,2026-09-22T13:00:00-04:00,regular market,184.0,185.0,183.9499969482422,184.80999755859375,1034518,0.0,0.0,True
PLTR,2026-09-22T13:30:00-04:00,regular market,184.7949981689453,185.1300048828125,184.07000732421875,184.6999969482422,1185590,0.0,0.0,True
PLTR,2026-09-22T14:00:00-04:00,regular market,184.74000549316406,185.0,183.8300018310547,184.36000061035156,733909,0.0,0.0,True
PLTR,2026-09-22T14:30:00-04:00,regular market,184.36000061035156,184.61990356445312,184.10000610351562,184.1999969482422,667980,0.0,0.0,True
PLTR,2026-09-22T15:00:00-04:00,regular market,184.1999969482422,184.6699981689453,184.1199951171875,184.64999389648438,643200,0.0,0.0,True
PLTR,2026-09-22T15:30:00-04:00,regular market,184.6199951171875,185.16000366210938,184.16000366210938,184.97999572753906,2212099,0.0,0.0,True
PLTR,2026-09-22T16:00:00-04:00,after hours,184.97,185.1063,184.7512,184.83,0,0.0,0.0,False
PLTR,2026-09-22T16:30:00-04:00,after hours,184.85,185.39,184.8,185.3451,0,0.0,0.0,False
PLTR,2026-09-22T17:00:00-04:00,after hours,185.24,198.094,185.05,185.08,0,0.0,0.0,False
PLTR,2026-09-22T17:30:00-04:00,after hours,185.07,185.14,184.82,185.0712,0,0.0,0.0,False
PLTR,2026-09-22T18:00:00-04:00,after hours,185.07,185.25,185.07,185.0934,0,0.0,0.0,False
PLTR,2026-09-22T18:30:00-04:00,after hours,185.0901,185.23,185.07,185.0725,0,0.0,0.0,False
PLTR,2026-09-22T19:00:00-04:00,after hours,185.07,185.13,185.07,185.08,0,0.0,0.0,False
PLTR,2026-09-22T19:30:00-04:00,after hours,185.07,185.223,185.07,185.13,0,0.0,0.0,False
PLTR,2026-09-23T04:00:00-04:00,pre-market,185.09,185.6,184.608,185.3993,0,0.0,0.0,False
PLTR,2026-09-23T04:30:00-04:00,pre-market,185.38,185.48,185.1199,185.33,0,0.0,0.0,False
PLTR,2026-09-23T05:00:00-04:00,pre-market,185.31,185.49,185.04,185.27,0,0.0,0.0,False
PLTR,2026-09-23T05:30:00-04:00,pre-market,185.25,185.5,185.13,185.42,0,0.0,0.0,False
PLTR,2026-09-23T06:00:00-04:00,pre-market,185.42,185.58,184.78,185.19,0,0.0,0.0,False
PLTR,2026-09-23T06:30:00-04:00,pre-market,185.19,185.4,184.9313,185.24,0,0.0,0.0,False
PLTR,2026-09-23T07:00:00-04:00,pre-market,185.23,185.88,184.99,185.1435,0,0.0,0.0,False
PLTR,2026-09-23T07:30:00-04:00,pre-market,185.21,185.21,184.61,184.87,0,0.0,0.0,False
PLTR,2026-09-23T08:00:00-04:00,pre-market,184.87,185.3775,184.0,184.86,0,0.0,0.0,False
PLTR,2026-09-23T08:30:00-04:00,pre-market,184.86,184.99,184.4,184.8,0,0.0,0.0,False
PLTR,2026-09-23T09:00:00-04:00,pre-market,184.86,186.22,184.7331,185.89,0,0.0,0.0,False
PLTR,2026-09-23T09:30:00-04:00,regular market,186.22000122070312,193.36959838867188,182.9499969482422,190.726806640625,8669131,0.0,0.0,True
PLTR,2026-09-23T10:00:00-04:00,regular market,190.72000122070312,190.82000732421875,187.44000244140625,189.0,3779939,0.0,0.0,True
PLTR,2026-09-23T10:30:00-04:00,regular market,189.01499938964844,193.7899932861328,188.42999267578125,193.0709991455078,3842146,0.0,0.0,True
PLTR,2026-09-23T11:00:00-04:00,regular market,193.09500122070312,193.42999267578125,190.50050354003906,191.64999389648438,2600482,0.0,0.0,True
PLTR,2026-09-23T11:30:00-04:00,regular market,191.64559936523438,192.6300048828125,191.14999389648438,191.51499938964844,1563842,0.0,0.0,True
PLTR,2026-09-23T12:00:00-04:00,regular market,191.5,192.11990356445312,191.10000610351562,191.3000030517578,1003356,0.0,0.0,True
PLTR,2026-09-23T12:30:00-04:00,regular market,191.2550048828125,191.32000732421875,190.1300048828125,190.59500122070312,1053156,0.0,0.0,True
PLTR,2026-09-23T13:00:00-04:00,regular market,190.6300048828125,191.3800048828125,190.41000366210938,190.89599609375,995459,0.0,0.0,True
PLTR,2026-09-23T13:30:00-04:00,regular market,190.90499877929688,191.64999389648438,190.70460510253906,191.42999267578125,926415,0.0,0.0,True
PLTR,2026-09-23T14:00:00-04:00,regular market,191.38999938964844,191.39999389648438,190.0399932861328,190.74000549316406,1400711,0.0,0.0,True
PLTR,2026-09-23T14:30:00-04:00,regular market,190.74000549316406,191.57989501953125,190.20010375976562,191.1999969482422,1111239,0.0,0.0,True
PLTR,2026-09-23T15:00:00-04:00,regular market,191.21499633789062,192.13250732421875,190.7899932861328,192.02000427246094,1412797,0.0,0.0,True
PLTR,2026-09-23T15:30:00-04:00,regular market,192.00999450683594,192.16000366210938,191.22000122070312,191.77000427246094,2641134,0.0,0.0,True
PLTR,2026-09-23T16:00:00-04:00,after hours,191.79,191.95,191.01,191.2669,0,0.0,0.0,False
PLTR,2026-09-23T16:30:00-04:00,after hours,191.25,191.79,191.0655,191.13,0,0.0,0.0,False
PLTR,2026-09-23T17:00:00-04:00,after hours,191.15,191.1676,190.84,191.06,0,0.0,0.0,False
PLTR,2026-09-23T17:30:00-04:00,after hours,191.02,191.79,190.95,191.06,0,0.0,0.0,False
PLTR,2026-09-23T18:00:00-04:00,after hours,191.1,191.79,191.0,191.3,0,0.0,0.0,False
PLTR,2026-09-23T18:30:00-04:00,after hours,191.27,191.79,191.02,191.0887,0,0.0,0.0,False
PLTR,2026-09-23T19:00:00-04:00,after hours,191.04,191.18,191.04,191.0546,0,0.0,0.0,False
PLTR,2026-09-23T19:30:00-04:00,after hours,191.05,191.17,191.02,191.07,0,0.0,0.0,False
PLTR,2026-09-24T04:00:00-04:00,pre-market,190.4915,191.79,188.7709,189.0,0,0.0,0.0,False
PLTR,2026-09-24T04:30:00-04:00,pre-market,189.0,189.44,188.72,189.11,0,0.0,0.0,False
PLTR,2026-09-24T05:00:00-04:00,pre-market,189.26,189.8009,189.01,189.49,0,0.0,0.0,False
PLTR,2026-09-24T05:30:00-04:00,pre-market,189.7,189.8788,188.82,189.68,0,0.0,0.0,False
PLTR,2026-09-24T06:00:00-04:00,pre-market,189.87,190.03,189.2,189.73,0,0.0,0.0,False
PLTR,2026-09-24T06:30:00-04:00,pre-market,189.51,190.0,189.28,189.6554,0,0.0,0.0,False
PLTR,2026-09-24T07:00:00-04:00,pre-market,189.66,191.79,187.8,187.8472,0,0.0,0.0,False
PLTR,2026-09-24T07:30:00-04:00,pre-market,187.99,188.592,187.51,188.28,0,0.0,0.0,False
PLTR,2026-09-24T08:00:00-04:00,pre-market,188.29,188.67,187.55,187.8826,0,0.0,0.0,False
PLTR,2026-09-24T08:30:00-04:00,pre-market,187.84,191.79,187.59,188.5,0,0.0,0.0,False
PLTR,2026-09-24T09:00:00-04:00,pre-market,188.67,189.85,188.22,189.2461,0,0.0,0.0,False
PLTR,2026-09-24T09:30:00-04:00,regular market,189.1999969482422,192.75999450683594,188.843505859375,189.77000427246094,4203164,0.0,0.0,True
QQQ,2026-09-18T04:00:00-04:00,pre-market,721.52,722.39,716.92,720.79,0,0.0,0.0,False
QQQ,2026-09-18T04:30:00-04:00,pre-market,720.74,721.28,720.67,720.6996,0,0.0,0.0,False
QQQ,2026-09-18T05:00:00-04:00,pre-market,720.6987,720.81,720.1829,720.24,0,0.0,0.0,False
QQQ,2026-09-18T05:30:00-04:00,pre-market,720.199,720.2,719.39,719.4097,0,0.0,0.0,False
QQQ,2026-09-18T06:00:00-04:00,pre-market,719.445,720.3,719.4249,720.3,0,0.0,0.0,False
QQQ,2026-09-18T06:30:00-04:00,pre-market,720.36,720.9,720.2037,720.3692,0,0.0,0.0,False
QQQ,2026-09-18T07:00:00-04:00,pre-market,720.285,720.792,716.92,719.18,0,0.0,0.0,False
QQQ,2026-09-18T07:30:00-04:00,pre-market,719.1686,719.85,719.01,719.31,0,0.0,0.0,False
QQQ,2026-09-18T08:00:00-04:00,pre-market,719.4482,719.66,716.383,717.8403,0,0.0,0.0,False
QQQ,2026-09-18T08:30:00-04:00,pre-market,717.8408,718.3454,716.92,717.841,0,0.0,0.0,False
QQQ,2026-09-18T09:00:00-04:00,pre-market,717.84,718.98,717.1,718.67,0,0.0,0.0,False
QQQ,2026-09-18T09:30:00-04:00,regular market,718.8400268554688,719.5399780273438,717.6400146484375,717.9298706054688,6378198,0.0,0.0,True
QQQ,2026-09-18T10:00:00-04:00,regular market,717.9099731445312,718.0800170898438,715.89501953125,716.7000122070312,3380603,0.0,0.0,True
QQQ,2026-09-18T10:30:00-04:00,regular market,716.7050170898438,717.6500244140625,716.1300048828125,717.4299926757812,2454621,0.0,0.0,True
QQQ,2026-09-18T11:00:00-04:00,regular market,717.4299926757812,717.72998046875,716.5549926757812,717.25,4844236,0.0,0.0,True
QQQ,2026-09-18T11:30:00-04:00,regular market,717.239990234375,717.3800048828125,716.1500244140625,716.2899780273438,1667219,0.0,0.0,True
QQQ,2026-09-18T12:00:00-04:00,regular market,716.2750244140625,716.6300048828125,715.0800170898438,716.0650024414062,2630208,0.0,0.0,True
QQQ,2026-09-18T12:30:00-04:00,regular market,716.0700073242188,716.8699951171875,715.8699951171875,716.739990234375,1186483,0.0,0.0,True
QQQ,2026-09-18T13:00:00-04:00,regular market,716.7449951171875,717.2899780273438,716.5499877929688,717.0700073242188,1947178,0.0,0.0,True
QQQ,2026-09-18T13:30:00-04:00,regular market,717.0599975585938,717.6699829101562,716.8510131835938,717.5900268554688,1032202,0.0,0.0,True
QQQ,2026-09-18T14:00:00-04:00,regular market,717.5900268554688,718.1599731445312,717.2109985351562,717.9500122070312,1892231,0.0,0.0,True
QQQ,2026-09-18T14:30:00-04:00,regular market,717.9799194335938,719.5999755859375,717.8049926757812,719.1300048828125,2182214,0.0,0.0,True
QQQ,2026-09-18T15:00:00-04:00,regular market,719.1900024414062,719.6400146484375,719.0750122070312,719.1199951171875,3744458,0.0,0.0,True
QQQ,2026-09-18T15:30:00-04:00,regular market,719.1199951171875,721.7249755859375,718.9299926757812,721.3599853515625,7570771,0.0,0.0,True
QQQ,2026-09-18T16:00:00-04:00,after hours,721.28,723.001,721.25,722.4,0,0.0,0.0,False
QQQ,2026-09-18T16:30:00-04:00,after hours,722.449,722.879,721.45,722.0477,0,0.0,0.0,False
QQQ,2026-09-18T17:00:00-04:00,after hours,721.96,722.55,721.45,722.5015,0,0.0,0.0,False
QQQ,2026-09-18T17:30:00-04:00,after hours,722.48,722.74,722.4052,722.5,0,0.0,0.0,False
QQQ,2026-09-18T18:00:00-04:00,after hours,722.6365,722.8378,722.4001,722.53,0,0.0,0.0,False
QQQ,2026-09-18T18:30:00-04:00,after hours,722.46,722.583,717.2,722.1877,0,0.0,0.0,False
QQQ,2026-09-18T19:00:00-04:00,after hours,722.18,722.3932,722.12,722.3901,0,0.0,0.0,False
QQQ,2026-09-18T19:30:00-04:00,after hours,722.39,722.4975,721.89,722.0999,0,0.0,0.0,False
QQQ,2026-09-21T00:00:00-04:00,overnight,,,,,0,0.751,0.0,False
QQQ,2026-09-21T04:00:00-04:00,pre-market,726.79,727.71,724.2625,727.37,0,0.0,0.0,False
QQQ,2026-09-21T04:30:00-04:00,pre-market,727.37,728.29,727.34,728.23,0,0.0,0.0,False
QQQ,2026-09-21T05:00:00-04:00,pre-market,728.2385,728.87,728.1,728.53,0,0.0,0.0,False
QQQ,2026-09-21T05:30:00-04:00,pre-market,728.5,728.91,728.2,728.26,0,0.0,0.0,False
QQQ,2026-09-21T06:00:00-04:00,pre-market,728.2176,728.65,728.19,728.42,0,0.0,0.0,False
QQQ,2026-09-21T06:30:00-04:00,pre-market,728.4482,728.93,728.3187,728.32,0,0.0,0.0,False
QQQ,2026-09-21T07:00:00-04:00,pre-market,728.35,728.6034,721.45,728.0202,0,0.0,0.0,False
QQQ,2026-09-21T07:30:00-04:00,pre-market,728.0085,728.82,727.87,728.5282,0,0.0,0.0,False
QQQ,2026-09-21T08:00:00-04:00,pre-market,728.46,729.14,725.75,728.0,0,0.0,0.0,False
QQQ,2026-09-21T08:30:00-04:00,pre-market,727.98,728.7434,720.6986,727.9792,0,0.0,0.0,False
QQQ,2026-09-21T09:00:00-04:00,pre-market,727.9392,728.23,727.33,727.833,0,0.0,0.0,False
QQQ,2026-09-21T09:30:00-04:00,regular market,727.9500122070312,732.6699829101562,727.8200073242188,732.5701293945312,7483972,0.0,0.0,True
QQQ,2026-09-21T10:00:00-04:00,regular market,732.5599975585938,735.0,732.0900268554688,734.969970703125,3435095,0.0,0.0,True
QQQ,2026-09-21T10:30:00-04:00,regular market,734.9749755859375,735.8699951171875,734.5599975585938,735.719970703125,4363838,0.0,0.0,True
QQQ,2026-09-21T11:00:00-04:00,regular market,735.72998046875,736.5999755859375,735.6900024414062,736.5700073242188,1867413,0.0,0.0,True
QQQ,2026-09-21T11:30:00-04:00,regular market,736.5850219726562,737.8599853515625,736.4299926757812,737.1400756835938,2168337,0.0,0.0,True
QQQ,2026-09-21T12:00:00-04:00,regular market,737.14599609375,739.0,736.9401245117188,738.7750244140625,2233295,0.0,0.0,True
QQQ,2026-09-21T12:30:00-04:00,regular market,738.7659912109375,739.3900146484375,738.47998046875,738.8350219726562,1750849,0.0,0.0,True
QQQ,2026-09-21T13:00:00-04:00,regular market,738.8400268554688,739.1500244140625,738.4299926757812,738.969970703125,1343074,0.0,0.0,True
QQQ,2026-09-21T13:30:00-04:00,regular market,738.97998046875,739.8599243164062,738.5994873046875,739.5607299804688,2687251,0.0,0.0,True
QQQ,2026-09-21T14:00:00-04:00,regular market,739.5900268554688,740.6900024414062,739.5650024414062,740.5549926757812,1723305,0.0,0.0,True
QQQ,2026-09-21T14:30:00-04:00,regular market,740.5599975585938,741.5800170898438,740.1599731445312,741.3400268554688,2504118,0.0,0.0,True
QQQ,2026-09-21T15:00:00-04:00,regular market,741.3599853515625,741.97998046875,741.0,741.75,2881823,0.0,0.0,True
QQQ,2026-09-21T15:30:00-04:00,regular market,741.760009765625,743.219970703125,741.25,741.4500122070312,6353007,0.0,0.0,True
QQQ,2026-09-21T16:00:00-04:00,after hours,741.39,741.6,721.45,741.12,0,0.0,0.0,False
QQQ,2026-09-21T16:30:00-04:00,after hours,741.1792,741.47,740.72,741.2652,0,0.0,0.0,False
QQQ,2026-09-21T17:00:00-04:00,after hours,741.2478,741.47,741.07,741.29,0,0.0,0.0,False
QQQ,2026-09-21T17:30:00-04:00,after hours,741.3,741.54,741.24,741.3888,0,0.0,0.0,False
QQQ,2026-09-21T18:00:00-04:00,after hours,741.3,742.15,741.26,742.04,0,0.0,0.0,False
QQQ,2026-09-21T18:30:00-04:00,after hours,742.04,742.49,716.42,742.4,0,0.0,0.0,False
QQQ,2026-09-21T19:00:00-04:00,after hours,742.41,742.9,742.2899,742.7,0,0.0,0.0,False
QQQ,2026-09-21T19:30:00-04:00,after hours,742.7285,743.06,742.621,742.9869,0,0.0,0.0,False
QQQ,2026-09-22T04:00:00-04:00,pre-market,741.13,743.6,738.98,739.03,0,0.0,0.0,False
QQQ,2026-09-22T04:30:00-04:00,pre-market,738.96,741.5,738.68,741.41,0,0.0,0.0,False
QQQ,2026-09-22T05:00:00-04:00,pre-market,741.4,741.7227,740.71,741.0489,0,0.0,0.0,False
QQQ,2026-09-22T05:30:00-04:00,pre-market,741.15,743.0,740.9336,742.7,0,0.0,0.0,False
QQQ,2026-09-22T06:00:00-04:00,pre-market,742.62,743.0,741.71,742.0712,0,0.0,0.0,False
QQQ,2026-09-22T06:30:00-04:00,pre-market,742.07,742.625,741.79,742.18,0,0.0,0.0,False
QQQ,2026-09-22T07:00:00-04:00,pre-market,742.135,742.4615,740.6,741.3,0,0.0,0.0,False
QQQ,2026-09-22T07:30:00-04:00,pre-market,741.3,742.0435,741.1193,741.259,0,0.0,0.0,False
QQQ,2026-09-22T08:00:00-04:00,pre-market,741.2685,741.6,740.6218,741.4,0,0.0,0.0,False
QQQ,2026-09-22T08:30:00-04:00,pre-market,741.36,741.49,740.52,740.68,0,0.0,0.0,False
QQQ,2026-09-22T09:00:00-04:00,pre-market,740.6902,741.3,740.5987,740.96,0,0.0,0.0,False
QQQ,2026-09-22T09:30:00-04:00,regular market,741.0050048828125,745.3699951171875,741.0,745.0349731445312,5120628,0.0,0.0,True
QQQ,2026-09-22T10:00:00-04:00,regular market,745.030029296875,746.2999877929688,744.510986328125,745.760009765625,2219495,0.0,0.0,True
QQQ,2026-09-22T10:30:00-04:00,regular market,745.7799072265625,746.5999755859375,744.0499877929688,744.9400024414062,3403037,0.0,0.0,True
QQQ,2026-09-22T11:00:00-04:00,regular market,744.9500122070312,745.43701171875,744.4099731445312,745.0,2559742,0.0,0.0,True
QQQ,2026-09-22T11:30:00-04:00,regular market,744.9536743164062,745.0999755859375,743.989990234375,744.5432739257812,1655990,0.0,0.0,True
QQQ,2026-09-22T12:00:00-04:00,regular market,744.5673828125,745.1500244140625,744.0499877929688,744.0650024414062,2372624,0.0,0.0,True
QQQ,2026-09-22T12:30:00-04:00,regular market,744.0900268554688,745.4000244140625,744.0900268554688,745.2849731445312,1067213,0.0,0.0,True
QQQ,2026-09-22T13:00:00-04:00,regular market,745.2899780273438,745.6699829101562,745.02001953125,745.5900268554688,924392,0.0,0.0,True
QQQ,2026-09-22T13:30:00-04:00,regular market,745.5900268554688,746.4400024414062,744.8300170898438,746.1701049804688,1662244,0.0,0.0,True
QQQ,2026-09-22T14:00:00-04:00,regular market,746.18798828125,746.9400024414062,745.5449829101562,746.5798950195312,1791563,0.0,0.0,True
QQQ,2026-09-22T14:30:00-04:00,regular market,746.5800170898438,746.6900024414062,745.9400024414062,746.1500244140625,1651872,0.0,0.0,True
QQQ,2026-09-22T15:00:00-04:00,regular market,746.1699829101562,747.3300170898438,746.1400146484375,747.2050170898438,2341871,0.0,0.0,True
QQQ,2026-09-22T15:30:00-04:00,regular market,747.2061767578125,748.3489990234375,747.0900268554688,747.4650268554688,4777587,0.0,0.0,True
QQQ,2026-09-22T16:00:00-04:00,after hours,747.42,747.54,746.75,746.81,0,0.0,0.0,False
QQQ,2026-09-22T16:30:00-04:00,after hours,746.8131,752.9634,746.5746,746.74,0,0.0,0.0,False
QQQ,2026-09-22T17:00:00-04:00,after hours,746.7,747.46,746.6025,746.7536,0,0.0,0.0,False
QQQ,2026-09-22T17:30:00-04:00,after hours,746.796,747.46,746.7,746.9,0,0.0,0.0,False
QQQ,2026-09-22T18:00:00-04:00,after hours,746.79,748.1324,746.78,747.92,0,0.0,0.0,False
QQQ,2026-09-22T18:30:00-04:00,after hours,747.92,748.179,747.4317,747.775,0,0.0,0.0,False
QQQ,2026-09-22T19:00:00-04:00,after hours,747.8215,748.2,747.8201,748.0,0,0.0,0.0,False
QQQ,2026-09-22T19:30:00-04:00,after hours,748.0401,748.4,747.82,748.3192,0,0.0,0.0,False
QQQ,2026-09-23T04:00:00-04:00,pre-market,747.6212,749.08,747.1282,747.8487,0,0.0,0.0,False
QQQ,2026-09-23T04:30:00-04:00,pre-market,747.8215,747.87,746.94,747.22,0,0.0,0.0,False
QQQ,2026-09-23T05:00:00-04:00,pre-market,747.2585,747.7388,747.02,747.47,0,0.0,0.0,False
QQQ,2026-09-23T05:30:00-04:00,pre-market,747.4542,747.6185,746.8,747.0663,0,0.0,0.0,False
QQQ,2026-09-23T06:00:00-04:00,pre-market,747.1643,747.8,747.09,747.64,0,0.0,0.0,False
QQQ,2026-09-23T06:30:00-04:00,pre-market,747.65,747.67,747.18,747.53,0,0.0,0.0,False
QQQ,2026-09-23T07:00:00-04:00,pre-market,747.5297,747.5482,745.67,745.7581,0,0.0,0.0,False
QQQ,2026-09-23T07:30:00-04:00,pre-market,745.735,745.918,744.688,745.8204,0,0.0,0.0,False
QQQ,2026-09-23T08:00:00-04:00,pre-market,745.82,745.97,744.91,745.59,0,0.0,0.0,False
QQQ,2026-09-23T08:30:00-04:00,pre-market,745.58,747.46,745.5,746.045,0,0.0,0.0,False
QQQ,2026-09-23T09:00:00-04:00,pre-market,746.0,746.9371,745.4759,746.8315,0,0.0,0.0,False
QQQ,2026-09-23T09:30:00-04:00,regular market,746.989990234375,747.1199951171875,742.8099975585938,743.1199951171875,4639613,0.0,0.0,True
QQQ,2026-09-23T10:00:00-04:00,regular market,743.1099853515625,743.6900024414062,738.1909790039062,739.0900268554688,4394249,0.0,0.0,True
QQQ,2026-09-23T10:30:00-04:00,regular market,739.0800170898438,742.5999755859375,738.5800170898438,742.5150146484375,2973837,0.0,0.0,True
QQQ,2026-09-23T11:00:00-04:00,regular market,742.5579833984375,742.635009765625,740.9600219726562,741.3350219726562,1762513,0.0,0.0,True
QQQ,2026-09-23T11:30:00-04:00,regular market,741.3309936523438,741.6199951171875,740.1400146484375,740.7100219726562,1454122,0.0,0.0,True
QQQ,2026-09-23T12:00:00-04:00,regular market,740.6799926757812,740.9099731445312,739.9401245117188,740.1599731445312,912251,0.0,0.0,True
QQQ,2026-09-23T12:30:00-04:00,regular market,740.1749877929688,740.7999877929688,738.7999877929688,739.260009765625,1515002,0.0,0.0,True
QQQ,2026-09-23T13:00:00-04:00,regular market,739.27001953125,740.1099853515625,738.260009765625,739.0499877929688,2213143,0.0,0.0,True
QQQ,2026-09-23T13:30:00-04:00,regular market,739.0399780273438,741.3350219726562,738.864990234375,741.280029296875,1928356,0.0,0.0,True
QQQ,2026-09-23T14:00:00-04:00,regular market,741.27001953125,741.2849731445312,740.1962280273438,740.9365234375,2415585,0.0,0.0,True
QQQ,2026-09-23T14:30:00-04:00,regular market,740.9349975585938,741.1799926757812,740.219970703125,741.02001953125,856763,0.0,0.0,True
QQQ,2026-09-23T15:00:00-04:00,regular market,741.0449829101562,741.5296020507812,740.5250244140625,740.780029296875,1312660,0.0,0.0,True
QQQ,2026-09-23T15:30:00-04:00,regular market,740.8099975585938,741.4000244140625,739.77001953125,741.1699829101562,3977067,0.0,0.0,True
QQQ,2026-09-23T16:00:00-04:00,after hours,741.18,741.33,740.72,740.96,0,0.0,0.0,False
QQQ,2026-09-23T16:30:00-04:00,after hours,741.0171,741.3448,740.95,741.24,0,0.0,0.0,False
QQQ,2026-09-23T17:00:00-04:00,after hours,741.17,741.26,740.99,741.1632,0,0.0,0.0,False
QQQ,2026-09-23T17:30:00-04:00,after hours,741.0938,741.37,741.0301,741.3436,0,0.0,0.0,False
QQQ,2026-09-23T18:00:00-04:00,after hours,741.37,742.18,741.37,741.52,0,0.0,0.0,False
QQQ,2026-09-23T18:30:00-04:00,after hours,741.5369,741.88,741.44,741.7637,0,0.0,0.0,False
QQQ,2026-09-23T19:00:00-04:00,after hours,741.7693,741.8611,741.039,741.163,0,0.0,0.0,False
QQQ,2026-09-23T19:30:00-04:00,after hours,741.21,741.32,740.6899,740.8,0,0.0,0.0,False
QQQ,2026-09-24T04:00:00-04:00,pre-market,736.2781,741.21,733.65,733.77,0,0.0,0.0,False
QQQ,2026-09-24T04:30:00-04:00,pre-market,733.7985,734.65,732.59,733.05,0,0.0,0.0,False
QQQ,2026-09-24T05:00:00-04:00,pre-market,733.2085,733.9,732.82,733.4,0,0.0,0.0,False
QQQ,2026-09-24T05:30:00-04:00,pre-market,733.4,733.4,731.67,733.2115,0,0.0,0.0,False
QQQ,2026-09-24T06:00:00-04:00,pre-market,733.09,733.78,732.72,733.09,0,0.0,0.0,False
QQQ,2026-09-24T06:30:00-04:00,pre-market,733.2,735.31,732.92,734.5483,0,0.0,0.0,False
QQQ,2026-09-24T07:00:00-04:00,pre-market,734.485,741.21,733.7177,734.1,0,0.0,0.0,False
QQQ,2026-09-24T07:30:00-04:00,pre-market,734.16,734.8,733.07,733.84,0,0.0,0.0,False
QQQ,2026-09-24T08:00:00-04:00,pre-market,733.8882,740.655,733.0,734.14,0,0.0,0.0,False
QQQ,2026-09-24T08:30:00-04:00,pre-market,734.14,734.7,732.9,734.458,0,0.0,0.0,False
QQQ,2026-09-24T09:00:00-04:00,pre-market,734.5,735.4,734.43,735.2602,0,0.0,0.0,False
QQQ,2026-09-24T09:30:00-04:00,regular market,735.1599731445312,737.77001953125,734.630126953125,736.864990234375,4721139,0.0,0.0,True
SMCI,2026-09-18T04:00:00-04:00,pre-market,41.04,41.208,40.35,40.8,0,0.0,0.0,False
SMCI,2026-09-18T04:30:00-04:00,pre-market,40.78,40.7962,40.6,40.68,0,0.0,0.0,False
SMCI,2026-09-18T05:00:00-04:00,pre-market,40.65,40.79,40.5,40.55,0,0.0,0.0,False
SMCI,2026-09-18T05:30:00-04:00,pre-market,40.64,40.7,40.5,40.63,0,0.0,0.0,False
SMCI,2026-09-18T06:00:00-04:00,pre-market,40.63,40.75,40.5557,40.67,0,0.0,0.0,False
SMCI,2026-09-18T06:30:00-04:00,pre-market,40.65,40.69,40.5493,40.6,0,0.0,0.0,False
SMCI,2026-09-18T07:00:00-04:00,pre-market,40.59,40.68,40.387,40.4,0,0.0,0.0,False
SMCI,2026-09-18T07:30:00-04:00,pre-market,40.41,40.57,40.2701,40.3,0,0.0,0.0,False
SMCI,2026-09-18T08:00:00-04:00,pre-market,40.33,40.34,39.95,40.06,0,0.0,0.0,False
SMCI,2026-09-18T08:30:00-04:00,pre-market,40.11,40.35,40.0031,40.11,0,0.0,0.0,False
SMCI,2026-09-18T09:00:00-04:00,pre-market,40.1,40.35,40.05,40.25,0,0.0,0.0,False
SMCI,2026-09-18T09:30:00-04:00,regular market,40.290000915527344,40.40999984741211,39.04999923706055,39.15999984741211,8234942,0.0,0.0,True
SMCI,2026-09-18T10:00:00-04:00,regular market,39.15999984741211,39.1879997253418,38.54999923706055,38.56100082397461,5345352,0.0,0.0,True
SMCI,2026-09-18T10:30:00-04:00,regular market,38.564998626708984,38.91999816894531,38.40999984741211,38.65999984741211,3990383,0.0,0.0,True
SMCI,2026-09-18T11:00:00-04:00,regular market,38.665000915527344,38.790000915527344,38.41999816894531,38.599998474121094,2046159,0.0,0.0,True
SMCI,2026-09-18T11:30:00-04:00,regular market,38.60499954223633,38.810001373291016,38.47999954223633,38.79499816894531,1330962,0.0,0.0,True
SMCI,2026-09-18T12:00:00-04:00,regular market,38.79499816894531,38.89500045776367,38.400001525878906,38.44499969482422,1978846,0.0,0.0,True
SMCI,2026-09-18T12:30:00-04:00,regular market,38.44499969482422,38.79499816894531,38.31999969482422,38.7599983215332,1602803,0.0,0.0,True
SMCI,2026-09-18T13:00:00-04:00,regular market,38.7598991394043,38.91999816894531,38.599998474121094,38.875,1242410,0.0,0.0,True
SMCI,2026-09-18T13:30:00-04:00,regular market,38.875,38.98500061035156,38.77000045776367,38.915000915527344,1054011,0.0,0.0,True
SMCI,2026-09-18T14:00:00-04:00,regular market,38.92599868774414,38.98500061035156,38.660099029541016,38.75,1029336,0.0,0.0,True
SMCI,2026-09-18T14:30:00-04:00,regular market,38.755001068115234,38.939998626708984,38.68000030517578,38.89500045776367,936748,0.0,0.0,True
SMCI,2026-09-18T15:00:00-04:00,regular market,38.89500045776367,38.96500015258789,38.72010040283203,38.834999084472656,2416496,0.0,0.0,True
SMCI,2026-09-18T15:30:00-04:00,regular market,38.839500427246094,39.15999984741211,38.54999923706055,39.09000015258789,5608395,0.0,0.0,True
SMCI,2026-09-18T16:00:00-04:00,after hours,39.09,39.36,38.9,39.0901,0,0.0,0.0,False
SMCI,2026-09-18T16:30:00-04:00,after hours,39.08,39.12,39.0,39.08,0,0.0,0.0,False
SMCI,2026-09-18T17:00:00-04:00,after hours,39.08,39.1,39.02,39.1,0,0.0,0.0,False
SMCI,2026-09-18T17:30:00-04:00,after hours,39.1,39.1,39.0506,39.08,0,0.0,0.0,False
SMCI,2026-09-18T18:00:00-04:00,after hours,39.065,39.09,39.02,39.04,0,0.0,0.0,False
SMCI,2026-09-18T18:30:00-04:00,after hours,39.0269,39.0682,38.92,38.95,0,0.0,0.0,False
SMCI,2026-09-18T19:00:00-04:00,after hours,38.95,39.05,38.95,39.0,0,0.0,0.0,False
SMCI,2026-09-18T19:30:00-04:00,after hours,39.0,39.08,38.99,39.08,0,0.0,0.0,False
SMCI,2026-09-21T04:00:00-04:00,pre-market,39.53,40.35,39.37,40.26,0,0.0,0.0,False
SMCI,2026-09-21T04:30:00-04:00,pre-market,40.2684,40.44,40.2684,40.41,0,0.0,0.0,False
SMCI,2026-09-21T05:00:00-04:00,pre-market,40.4,40.59,40.3795,40.53,0,0.0,0.0,False
SMCI,2026-09-21T05:30:00-04:00,pre-market,40.55,40.67,40.43,40.51,0,0.0,0.0,False
SMCI,2026-09-21T06:00:00-04:00,pre-market,40.48,40.61,40.43,40.54,0,0.0,0.0,False
SMCI,2026-09-21T06:30:00-04:00,pre-market,40.5,40.65,40.47,40.62,0,0.0,0.0,False
SMCI,2026-09-21T07:00:00-04:00,pre-market,40.6,40.65,40.2,40.31,0,0.0,0.0,False
SMCI,2026-09-21T07:30:00-04:00,pre-market,40.3298,40.5,40.23,40.4695,0,0.0,0.0,False
SMCI,2026-09-21T08:00:00-04:00,pre-market,40.44,40.65,40.4,40.4805,0,0.0,0.0,False
SMCI,2026-09-21T08:30:00-04:00,pre-market,40.5288,40.6,40.44,40.51,0,0.0,0.0,False
SMCI,2026-09-21T09:00:00-04:00,pre-market,40.5188,40.82,40.37,40.66,0,0.0,0.0,False
SMCI,2026-09-21T09:30:00-04:00,regular market,40.630001068115234,41.310001373291016,40.0,41.130001068115234,10298989,0.0,0.0,True
SMCI,2026-09-21T10:00:00-04:00,regular market,41.125,41.47999954223633,40.81999969482422,41.29499816894531,4707186,0.0,0.0,True
SMCI,2026-09-21T10:30:00-04:00,regular market,41.29010009765625,41.400001525878906,40.83000183105469,41.09989929199219,4023698,0.0,0.0,True
SMCI,2026-09-21T11:00:00-04:00,regular market,41.099998474121094,41.1349983215332,40.83430099487305,40.91999816894531,2079216,0.0,0.0,True
SMCI,2026-09-21T11:30:00-04:00,regular market,40.92499923706055,41.25,40.89500045776367,41.13010025024414,2311804,0.0,0.0,True
SMCI,2026-09-21T12:00:00-04:00,regular market,41.1349983215332,41.21500015258789,40.90999984741211,40.915000915527344,2252053,0.0,0.0,True
SMCI,2026-09-21T12:30:00-04:00,regular market,40.915000915527344,41.04999923706055,40.72999954223633,40.935001373291016,2017465,0.0,0.0,True
SMCI,2026-09-21T13:00:00-04:00,regular market,40.939998626708984,41.71989822387695,40.935001373291016,41.345001220703125,3955987,0.0,0.0,True
SMCI,2026-09-21T13:30:00-04:00,regular market,41.345001220703125,41.41579818725586,40.935001373291016,40.96500015258789,2052813,0.0,0.0,True
SMCI,2026-09-21T14:00:00-04:00,regular market,40.970001220703125,41.04999923706055,40.84000015258789,41.0099983215332,1576721,0.0,0.0,True
SMCI,2026-09-21T14:30:00-04:00,regular market,41.02000045776367,41.150001525878906,40.902000427246094,41.099998474121094,1621881,0.0,0.0,True
SMCI,2026-09-21T15:00:00-04:00,regular market,41.10499954223633,41.239898681640625,40.869998931884766,40.900001525878906,1768109,0.0,0.0,True
SMCI,2026-09-21T15:30:00-04:00,regular market,40.89500045776367,41.290000915527344,40.809898376464844,41.185001373291016,5333083,0.0,0.0,True
SMCI,2026-09-21T16:00:00-04:00,after hours,41.2,41.24,41.05,41.129,0,0.0,0.0,False
SMCI,2026-09-21T16:30:00-04:00,after hours,41.1269,41.15,41.06,41.0995,0,0.0,0.0,False
SMCI,2026-09-21T17:00:00-04:00,after hours,41.0962,41.2,41.05,41.0804,0,0.0,0.0,False
SMCI,2026-09-21T17:30:00-04:00,after hours,41.0846,41.18,41.07,41.18,0,0.0,0.0,False
SMCI,2026-09-21T18:00:00-04:00,after hours,41.18,41.35,41.13,41.35,0,0.0,0.0,False
SMCI,2026-09-21T18:30:00-04:00,after hours,41.31,41.38,41.29,41.3431,0,0.0,0.0,False
SMCI,2026-09-21T19:00:00-04:00,after hours,41.35,41.4,41.34,41.37,0,0.0,0.0,False
SMCI,2026-09-21T19:30:00-04:00,after hours,41.36,41.45,41.36,41.44,0,0.0,0.0,False
SMCI,2026-09-22T04:00:00-04:00,pre-market,40.92,41.47,40.3,40.3031,0,0.0,0.0,False
SMCI,2026-09-22T04:30:00-04:00,pre-market,40.3081,40.86,40.3,40.86,0,0.0,0.0,False
SMCI,2026-09-22T05:00:00-04:00,pre-market,40.89,41.0,40.79,40.79,0,0.0,0.0,False
SMCI,2026-09-22T05:30:00-04:00,pre-market,40.8195,41.1992,40.81,41.1992,0,0.0,0.0,False
SMCI,2026-09-22T06:00:00-04:00,pre-market,41.19,41.22,41.0647,41.1,0,0.0,0.0,False
SMCI,2026-09-22T06:30:00-04:00,pre-market,41.1,41.21,41.08,41.17,0,0.0,0.0,False
SMCI,2026-09-22T07:00:00-04:00,pre-market,41.17,41.2323,40.92,40.9293,0,0.0,0.0,False
SMCI,2026-09-22T07:30:00-04:00,pre-market,40.92,41.09,40.91,40.953,0,0.0,0.0,False
SMCI,2026-09-22T08:00:00-04:00,pre-market,40.98,41.03,40.84,40.94,0,0.0,0.0,False
SMCI,2026-09-22T08:30:00-04:00,pre-market,40.91,41.05,40.91,40.98,0,0.0,0.0,False
SMCI,2026-09-22T09:00:00-04:00,pre-market,40.9996,41.3,40.85,41.17,0,0.0,0.0,False
SMCI,2026-09-22T09:30:00-04:00,regular market,41.2599983215332,41.400001525878906,40.79999923706055,41.06999969482422,4699162,0.0,0.0,True
SMCI,2026-09-22T10:00:00-04:00,regular market,41.09000015258789,41.13999938964844,40.65999984741211,40.71500015258789,2856182,0.0,0.0,True
SMCI,2026-09-22T10:30:00-04:00,regular market,40.720001220703125,41.084999084472656,40.599998474121094,40.72999954223633,2475693,0.0,0.0,True
SMCI,2026-09-22T11:00:00-04:00,regular market,40.73249816894531,40.915000915527344,40.560001373291016,40.619998931884766,2059499,0.0,0.0,True
SMCI,2026-09-22T11:30:00-04:00,regular market,40.619998931884766,40.7599983215332,40.45000076293945,40.564998626708984,1288789,0.0,0.0,True
SMCI,2026-09-22T12:00:00-04:00,regular market,40.564998626708984,40.63999938964844,40.459999084472656,40.61280059814453,901986,0.0,0.0,True
SMCI,2026-09-22T12:30:00-04:00,regular market,40.61000061035156,40.7599983215332,40.540000915527344,40.71500015258789,1098169,0.0,0.0,True
SMCI,2026-09-22T13:00:00-04:00,regular market,40.71900177001953,40.915000915527344,40.680599212646484,40.814998626708984,1295807,0.0,0.0,True
SMCI,2026-09-22T13:30:00-04:00,regular market,40.81999969482422,41.14500045776367,40.70000076293945,41.1150016784668,1277562,0.0,0.0,True
SMCI,2026-09-22T14:00:00-04:00,regular market,41.1150016784668,41.630001068115234,40.93000030517578,41.41999816894531,2175871,0.0,0.0,True
SMCI,2026-09-22T14:30:00-04:00,regular market,41.42499923706055,41.58000183105469,41.084999084472656,41.494998931884766,1792643,0.0,0.0,True
SMCI,2026-09-22T15:00:00-04:00,regular market,41.5,41.739898681640625,41.400001525878906,41.45500183105469,2381087,0.0,0.0,True
SMCI,2026-09-22T15:30:00-04:00,regular market,41.45500183105469,41.70000076293945,41.29999923706055,41.525001525878906,3532975,0.0,0.0,True
SMCI,2026-09-22T16:00:00-04:00,after hours,41.54,41.56,41.3025,41.43,0,0.0,0.0,False
SMCI,2026-09-22T16:30:00-04:00,after hours,41.4492,41.54,41.35,41.5,0,0.0,0.0,False
SMCI,2026-09-22T17:00:00-04:00,after hours,41.5007,41.51,41.45,41.4672,0,0.0,0.0,False
SMCI,2026-09-22T17:30:00-04:00,after hours,41.492,41.54,41.42,41.42,0,0.0,0.0,False
SMCI,2026-09-22T18:00:00-04:00,after hours,41.42,41.53,41.42,41.48,0,0.0,0.0,False
SMCI,2026-09-22T18:30:00-04:00,after hours,41.4545,41.52,41.45,41.494,0,0.0,0.0,False
SMCI,2026-09-22T19:00:00-04:00,after hours,41.49,41.5,41.45,41.46,0,0.0,0.0,False
SMCI,2026-09-22T19:30:00-04:00,after hours,41.46,41.53,41.46,41.512,0,0.0,0.0,False
SMCI,2026-09-23T04:00:00-04:00,pre-market,41.6638,42.24,41.38,42.2,0,0.0,0.0,False
SMCI,2026-09-23T04:30:00-04:00,pre-market,42.2,42.45,41.8788,41.8788,0,0.0,0.0,False
SMCI,2026-09-23T05:00:00-04:00,pre-market,42.14,42.25,42.02,42.03,0,0.0,0.0,False
SMCI,2026-09-23T05:30:00-04:00,pre-market,42.0225,42.11,41.9815,42.0003,0,0.0,0.0,False
SMCI,2026-09-23T06:00:00-04:00,pre-market,42.0114,42.0114,41.9,41.9674,0,0.0,0.0,False
SMCI,2026-09-23T06:30:00-04:00,pre-market,41.95,42.0,41.85,41.93,0,0.0,0.0,False
SMCI,2026-09-23T07:00:00-04:00,pre-market,41.92,41.93,41.42,41.54,0,0.0,0.0,False
SMCI,2026-09-23T07:30:00-04:00,pre-market,41.5147,41.55,41.34,41.3907,0,0.0,0.0,False
SMCI,2026-09-23T08:00:00-04:00,pre-market,41.3923,41.3923,41.09,41.34,0,0.0,0.0,False
SMCI,2026-09-23T08:30:00-04:00,pre-market,41.29,41.49,41.29,41.4,0,0.0,0.0,False
SMCI,2026-09-23T09:00:00-04:00,pre-market,41.4,42.54,41.35,42.32,0,0.0,0.0,False
SMCI,2026-09-23T09:30:00-04:00,regular market,42.31999969482422,42.65999984741211,40.79999923706055,42.13629913330078,12382863,0.0,0.0,True
SMCI,2026-09-23T10:00:00-04:00,regular market,42.13999938964844,42.70000076293945,41.152000427246094,41.5099983215332,5905215,0.0,0.0,True
SMCI,2026-09-23T10:30:00-04:00,regular market,41.52000045776367,41.810001373291016,41.16999816894531,41.7400016784668,2903935,0.0,0.0,True
SMCI,2026-09-23T11:00:00-04:00,regular market,41.73500061035156,41.790000915527344,41.382598876953125,41.6150016784668,1958534,0.0,0.0,True
SMCI,2026-09-23T11:30:00-04:00,regular market,41.599998474121094,41.7400016784668,41.40999984741211,41.494998931884766,1872657,0.0,0.0,True
SMCI,2026-09-23T12:00:00-04:00,regular market,41.5,41.614898681640625,41.35499954223633,41.44499969482422,1030624,0.0,0.0,True
SMCI,2026-09-23T12:30:00-04:00,regular market,41.44499969482422,41.599998474121094,41.310001373291016,41.470001220703125,1303704,0.0,0.0,True
SMCI,2026-09-23T13:00:00-04:00,regular market,41.479698181152344,41.57500076293945,41.18000030517578,41.52000045776367,1659897,0.0,0.0,True
SMCI,2026-09-23T13:30:00-04:00,regular market,41.52000045776367,41.75,41.45989990234375,41.630001068115234,1262305,0.0,0.0,True
SMCI,2026-09-23T14:00:00-04:00,regular market,41.6349983215332,41.63999938964844,41.25,41.3650016784668,1431351,0.0,0.0,True
SMCI,2026-09-23T14:30:00-04:00,regular market,41.3650016784668,41.47999954223633,41.2400016784668,41.3650016784668,949030,0.0,0.0,True
SMCI,2026-09-23T15:00:00-04:00,regular market,41.36000061035156,41.71989822387695,41.15999984741211,41.61000061035156,1701091,0.0,0.0,True
SMCI,2026-09-23T15:30:00-04:00,regular market,41.60499954223633,41.68000030517578,41.20000076293945,41.43000030517578,2831650,0.0,0.0,True
SMCI,2026-09-23T16:00:00-04:00,after hours,41.44,41.5,41.35,41.37,0,0.0,0.0,False
SMCI,2026-09-23T16:30:00-04:00,after hours,41.3857,41.44,41.35,41.43,0,0.0,0.0,False
SMCI,2026-09-23T17:00:00-04:00,after hours,41.4,41.5,41.39,41.49,0,0.0,0.0,False
SMCI,2026-09-23T17:30:00-04:00,after hours,41.49,41.4904,41.42,41.44,0,0.0,0.0,False
SMCI,2026-09-23T18:00:00-04:00,after hours,41.47,41.5,41.44,41.44,0,0.0,0.0,False
SMCI,2026-09-23T18:30:00-04:00,after hours,41.4446,41.49,41.42,41.4403,0,0.0,0.0,False
SMCI,2026-09-23T19:00:00-04:00,after hours,41.45,41.49,41.42,41.4295,0,0.0,0.0,False
SMCI,2026-09-23T19:30:00-04:00,after hours,41.42,41.46,41.35,41.3799,0,0.0,0.0,False
SMCI,2026-09-24T04:00:00-04:00,pre-market,41.2047,41.44,40.32,40.4,0,0.0,0.0,False
SMCI,2026-09-24T04:30:00-04:00,pre-market,40.4,40.55,40.11,40.28,0,0.0,0.0,False
SMCI,2026-09-24T05:00:00-04:00,pre-market,40.3209,40.3977,40.21,40.33,0,0.0,0.0,False
SMCI,2026-09-24T05:30:00-04:00,pre-market,40.32,40.4647,40.0927,40.33,0,0.0,0.0,False
SMCI,2026-09-24T06:00:00-04:00,pre-market,40.45,40.55,40.3335,40.42,0,0.0,0.0,False
SMCI,2026-09-24T06:30:00-04:00,pre-market,40.43,40.66,40.42,40.54,0,0.0,0.0,False
SMCI,2026-09-24T07:00:00-04:00,pre-market,40.59,40.66,40.45,40.55,0,0.0,0.0,False
SMCI,2026-09-24T07:30:00-04:00,pre-market,40.5242,40.5735,40.41,40.51,0,0.0,0.0,False
SMCI,2026-09-24T08:00:00-04:00,pre-market,40.56,40.72,40.41,40.5,0,0.0,0.0,False
SMCI,2026-09-24T08:30:00-04:00,pre-market,40.6,40.6599,40.22,40.5145,0,0.0,0.0,False
SMCI,2026-09-24T09:00:00-04:00,pre-market,40.51,40.6,40.35,40.42,0,0.0,0.0,False
SMCI,2026-09-24T09:30:00-04:00,regular market,40.435001373291016,41.20000076293945,40.27199935913086,40.869998931884766,3750757,0.0,0.0,True
SMR,2026-09-18T04:00:00-04:00,pre-market,9.1,9.1984,9.05,9.1188,0,0.0,0.0,False
SMR,2026-09-18T04:30:00-04:00,pre-market,9.1186,9.1393,9.1,9.12,0,0.0,0.0,False
SMR,2026-09-18T05:00:00-04:00,pre-market,9.12,9.12,9.06,9.07,0,0.0,0.0,False
SMR,2026-09-18T05:30:00-04:00,pre-market,9.07,9.07,9.01,9.05,0,0.0,0.0,False
SMR,2026-09-18T06:00:00-04:00,pre-market,9.0493,9.0895,9.0405,9.08,0,0.0,0.0,False
SMR,2026-09-18T06:30:00-04:00,pre-market,9.0897,9.11,9.0897,9.1,0,0.0,0.0,False
SMR,2026-09-18T07:00:00-04:00,pre-market,9.09,9.13,9.0,9.02,0,0.0,0.0,False
SMR,2026-09-18T07:30:00-04:00,pre-market,9.01,9.04,8.9805,9.0,0,0.0,0.0,False
SMR,2026-09-18T08:00:00-04:00,pre-market,9.01,9.02,8.97,9.0,0,0.0,0.0,False
SMR,2026-09-18T08:30:00-04:00,pre-market,8.99,9.04,8.99,8.9998,0,0.0,0.0,False
SMR,2026-09-18T09:00:00-04:00,pre-market,8.9995,9.0339,8.98,9.0115,0,0.0,0.0,False
SMR,2026-09-18T09:30:00-04:00,regular market,9.069999694824219,9.210000038146973,8.630000114440918,8.643199920654297,4365823,0.0,0.0,True
SMR,2026-09-18T10:00:00-04:00,regular market,8.645000457763672,8.664999961853027,8.54010009765625,8.614999771118164,3358140,0.0,0.0,True
SMR,2026-09-18T10:30:00-04:00,regular market,8.61989974975586,8.680000305175781,8.569999694824219,8.585000038146973,2882833,0.0,0.0,True
SMR,2026-09-18T11:00:00-04:00,regular market,8.585000038146973,8.59000015258789,8.324999809265137,8.354999542236328,4112221,0.0,0.0,True
SMR,2026-09-18T11:30:00-04:00,regular market,8.354999542236328,8.390000343322754,8.3149995803833,8.364999771118164,2966086,0.0,0.0,True
SMR,2026-09-18T12:00:00-04:00,regular market,8.36870002746582,8.380000114440918,8.289999961853027,8.3149995803833,2287135,0.0,0.0,True
SMR,2026-09-18T12:30:00-04:00,regular market,8.319999694824219,8.350000381469727,8.25,8.288999557495117,1839032,0.0,0.0,True
SMR,2026-09-18T13:00:00-04:00,regular market,8.288599967956543,8.324999809265137,8.229999542236328,8.295000076293945,2819866,0.0,0.0,True
SMR,2026-09-18T13:30:00-04:00,regular market,8.295000076293945,8.34000015258789,8.239999771118164,8.25,2322270,0.0,0.0,True
SMR,2026-09-18T14:00:00-04:00,regular market,8.254899978637695,8.300000190734863,8.234999656677246,8.279999732971191,1663191,0.0,0.0,True
SMR,2026-09-18T14:30:00-04:00,regular market,8.279999732971191,8.300000190734863,8.255000114440918,8.265000343322754,1446964,0.0,0.0,True
SMR,2026-09-18T15:00:00-04:00,regular market,8.265000343322754,8.510000228881836,8.229999542236328,8.494999885559082,4939654,0.0,0.0,True
SMR,2026-09-18T15:30:00-04:00,regular market,8.494999885559082,8.524999618530273,8.255000114440918,8.270000457763672,7839614,0.0,0.0,True
SMR,2026-09-18T16:00:00-04:00,after hours,8.28,8.35,8.21,8.33,15120457,0.0,0.0,True
SMR,2026-09-18T16:30:00-04:00,after hours,8.33,8.35,8.31,8.3411,0,0.0,0.0,False
SMR,2026-09-18T17:00:00-04:00,after hours,8.34,8.35,8.31,8.3389,0,0.0,0.0,False
SMR,2026-09-18T17:30:00-04:00,after hours,8.3389,8.35,8.32,8.3399,0,0.0,0.0,False
SMR,2026-09-18T18:00:00-04:00,after hours,8.34,8.35,8.28,8.34,0,0.0,0.0,False
SMR,2026-09-18T18:30:00-04:00,after hours,8.34,8.35,8.32,8.34,0,0.0,0.0,False
SMR,2026-09-18T19:00:00-04:00,after hours,8.34,8.35,8.29,8.31,0,0.0,0.0,False
SMR,2026-09-18T19:30:00-04:00,after hours,8.32,8.34,8.31,8.32,0,0.0,0.0,False
SMR,2026-09-21T04:00:00-04:00,pre-market,8.49,8.5,8.41,8.47,0,0.0,0.0,False
SMR,2026-09-21T04:30:00-04:00,pre-market,8.48,8.4889,8.47,8.47,0,0.0,0.0,False
SMR,2026-09-21T05:00:00-04:00,pre-market,8.47,8.48,8.46,8.4699,0,0.0,0.0,False
SMR,2026-09-21T05:30:00-04:00,pre-market,8.47,8.49,8.45,8.48,0,0.0,0.0,False
SMR,2026-09-21T06:00:00-04:00,pre-market,8.48,8.52,8.47,8.51,0,0.0,0.0,False
SMR,2026-09-21T06:30:00-04:00,pre-market,8.51,8.525,8.48,8.49,0,0.0,0.0,False
SMR,2026-09-21T07:00:00-04:00,pre-market,8.49,8.53,8.48,8.5,0,0.0,0.0,False
SMR,2026-09-21T07:30:00-04:00,pre-market,8.5081,8.53,8.5,8.51,0,0.0,0.0,False
SMR,2026-09-21T08:00:00-04:00,pre-market,8.501,8.52,8.39,8.45,0,0.0,0.0,False
SMR,2026-09-21T08:30:00-04:00,pre-market,8.45,8.54,8.45,8.51,0,0.0,0.0,False
SMR,2026-09-21T09:00:00-04:00,pre-market,8.51,8.52,8.5,8.515,0,0.0,0.0,False
SMR,2026-09-21T09:30:00-04:00,regular market,8.505000114440918,8.9350004196167,8.470000267028809,8.680000305175781,6594961,0.0,0.0,True
SMR,2026-09-21T10:00:00-04:00,regular market,8.680000305175781,8.770000457763672,8.654999732971191,8.744999885559082,2163071,0.0,0.0,True
SMR,2026-09-21T10:30:00-04:00,regular market,8.75,8.75,8.65999984741211,8.704999923706055,2245117,0.0,0.0,True
SMR,2026-09-21T11:00:00-04:00,regular market,8.709699630737305,8.930000305175781,8.699999809265137,8.850099563598633,2856457,0.0,0.0,True
SMR,2026-09-21T11:30:00-04:00,regular market,8.852899551391602,8.9350004196167,8.789999961853027,8.895000457763672,2209693,0.0,0.0,True
SMR,2026-09-21T12:00:00-04:00,regular market,8.895000457763672,8.904999732971191,8.859999656677246,8.875,1279177,0.0,0.0,True
SMR,2026-09-21T12:30:00-04:00,regular market,8.875,8.90999984741211,8.829999923706055,8.864999771118164,1051916,0.0,0.0,True
SMR,2026-09-21T13:00:00-04:00,regular market,8.860099792480469,8.899999618530273,8.829999923706055,8.835000038146973,1554949,0.0,0.0,True
SMR,2026-09-21T13:30:00-04:00,regular market,8.835000038146973,8.84000015258789,8.760000228881836,8.8149995803833,1546235,0.0,0.0,True
SMR,2026-09-21T14:00:00-04:00,regular market,8.819999694824219,8.869999885559082,8.800000190734863,8.854999542236328,1694159,0.0,0.0,True
SMR,2026-09-21T14:30:00-04:00,regular market,8.858400344848633,8.930000305175781,8.800000190734863,8.850000381469727,2146468,0.0,0.0,True
SMR,2026-09-21T15:00:00-04:00,regular market,8.854999542236328,8.920000076293945,8.819999694824219,8.920000076293945,1660245,0.0,0.0,True
SMR,2026-09-21T15:30:00-04:00,regular market,8.914999961853027,8.9399995803833,8.760000228881836,8.800000190734863,4572762,0.0,0.0,True
SMR,2026-09-21T16:00:00-04:00,after hours,8.79,8.84,8.77,8.8098,0,0.0,0.0,False
SMR,2026-09-21T16:30:00-04:00,after hours,8.81,8.82,8.79,8.81,0,0.0,0.0,False
SMR,2026-09-21T17:00:00-04:00,after hours,8.8,8.82,8.79,8.8,0,0.0,0.0,False
SMR,2026-09-21T17:30:00-04:00,after hours,8.8,8.82,8.79,8.7989,0,0.0,0.0,False
SMR,2026-09-21T18:00:00-04:00,after hours,8.7905,8.82,8.7905,8.8,0,0.0,0.0,False
SMR,2026-09-21T18:30:00-04:00,after hours,8.8,8.84,8.79,8.83,0,0.0,0.0,False
SMR,2026-09-21T19:00:00-04:00,after hours,8.8302,8.8598,8.8302,8.8402,0,0.0,0.0,False
SMR,2026-09-21T19:30:00-04:00,after hours,8.85,8.88,8.84,8.855,0,0.0,0.0,False
SMR,2026-09-22T04:00:00-04:00,pre-market,8.74,8.835,8.6,8.6,0,0.0,0.0,False
SMR,2026-09-22T04:30:00-04:00,pre-market,8.6006,8.73,8.6,8.73,0,0.0,0.0,False
SMR,2026-09-22T05:00:00-04:00,pre-market,8.73,8.74,8.71,8.71,0,0.0,0.0,False
SMR,2026-09-22T05:30:00-04:00,pre-market,8.71,8.76,8.675,8.76,0,0.0,0.0,False
SMR,2026-09-22T06:00:00-04:00,pre-market,8.75,8.75,8.69,8.69,0,0.0,0.0,False
SMR,2026-09-22T06:30:00-04:00,pre-market,8.69,8.75,8.69,8.74,0,0.0,0.0,False
SMR,2026-09-22T07:00:00-04:00,pre-market,8.74,8.75,8.68,8.7048,0,0.0,0.0,False
SMR,2026-09-22T07:30:00-04:00,pre-market,8.71,8.7399,8.7,8.705,0,0.0,0.0,False
SMR,2026-09-22T08:00:00-04:00,pre-market,8.7,8.73,8.7,8.72,0,0.0,0.0,False
SMR,2026-09-22T08:30:00-04:00,pre-market,8.73,8.77,8.7297,8.75,0,0.0,0.0,False
SMR,2026-09-22T09:00:00-04:00,pre-market,8.75,8.8,8.75,8.8,0,0.0,0.0,False
SMR,2026-09-22T09:30:00-04:00,regular market,8.829999923706055,8.859999656677246,8.645000457763672,8.6850004196167,2506175,0.0,0.0,True
SMR,2026-09-22T10:00:00-04:00,regular market,8.6850004196167,8.710000038146973,8.630000114440918,8.670000076293945,1854024,0.0,0.0,True
SMR,2026-09-22T10:30:00-04:00,regular market,8.664999961853027,8.79990005493164,8.640000343322754,8.774999618530273,2617702,0.0,0.0,True
SMR,2026-09-22T11:00:00-04:00,regular market,8.770099639892578,9.020000457763672,8.75,8.960000038146973,3562974,0.0,0.0,True
SMR,2026-09-22T11:30:00-04:00,regular market,8.960100173950195,9.0,8.880000114440918,8.944999694824219,2418656,0.0,0.0,True
SMR,2026-09-22T12:00:00-04:00,regular market,8.9399995803833,8.960000038146973,8.890000343322754,8.899999618530273,1391653,0.0,0.0,True
SMR,2026-09-22T12:30:00-04:00,regular market,8.900099754333496,8.949999809265137,8.869999885559082,8.904999732971191,1470318,0.0,0.0,True
SMR,2026-09-22T13:00:00-04:00,regular market,8.899999618530273,8.930000305175781,8.864999771118164,8.885000228881836,1624842,0.0,0.0,True
SMR,2026-09-22T13:30:00-04:00,regular market,8.890000343322754,8.944999694824219,8.850000381469727,8.925000190734863,1708458,0.0,0.0,True
SMR,2026-09-22T14:00:00-04:00,regular market,8.930000305175781,8.960000038146973,8.900099754333496,8.925000190734863,1542616,0.0,0.0,True
SMR,2026-09-22T14:30:00-04:00,regular market,8.925000190734863,8.970000267028809,8.899999618530273,8.96500015258789,2196850,0.0,0.0,True
SMR,2026-09-22T15:00:00-04:00,regular market,8.96500015258789,8.979999542236328,8.890000343322754,8.890000343322754,2123683,0.0,0.0,True
SMR,2026-09-22T15:30:00-04:00,regular market,8.890000343322754,8.930000305175781,8.819999694824219,8.890000343322754,4776779,0.0,0.0,True
SMR,2026-09-22T16:00:00-04:00,after hours,8.89,8.98,8.87,8.9361,2190502,0.0,0.0,True
SMR,2026-09-22T16:30:00-04:00,after hours,8.94,8.9442,8.89,8.9436,0,0.0,0.0,False
SMR,2026-09-22T17:00:00-04:00,after hours,8.93,8.93,8.9003,8.9182,0,0.0,0.0,False
SMR,2026-09-22T17:30:00-04:00,after hours,8.91,8.94,8.91,8.93,0,0.0,0.0,False
SMR,2026-09-22T18:00:00-04:00,after hours,8.94,8.94,8.93,8.94,0,0.0,0.0,False
SMR,2026-09-22T18:30:00-04:00,after hours,8.94,8.95,8.93,8.94,0,0.0,0.0,False
SMR,2026-09-22T19:00:00-04:00,after hours,8.93,8.94,8.91,8.92,0,0.0,0.0,False
SMR,2026-09-22T19:30:00-04:00,after hours,8.93,8.94,8.92,8.94,0,0.0,0.0,False
SMR,2026-09-23T04:00:00-04:00,pre-market,8.92,9.01,8.9,9.0,0,0.0,0.0,False
SMR,2026-09-23T04:30:00-04:00,pre-market,8.99,8.99,8.94,8.94,0,0.0,0.0,False
SMR,2026-09-23T05:00:00-04:00,pre-market,8.93,8.95,8.92,8.945,0,0.0,0.0,False
SMR,2026-09-23T05:30:00-04:00,pre-market,8.94,8.945,8.93,8.9396,0,0.0,0.0,False
SMR,2026-09-23T06:00:00-04:00,pre-market,8.94,8.96,8.93,8.95,0,0.0,0.0,False
SMR,2026-09-23T06:30:00-04:00,pre-market,8.96,8.96,8.93,8.94,0,0.0,0.0,False
SMR,2026-09-23T07:00:00-04:00,pre-market,8.9499,8.9499,8.8553,8.87,0,0.0,0.0,False
SMR,2026-09-23T07:30:00-04:00,pre-market,8.87,8.87,8.83,8.85,0,0.0,0.0,False
SMR,2026-09-23T08:00:00-04:00,pre-market,8.859,8.859,8.81,8.84,0,0.0,0.0,False
SMR,2026-09-23T08:30:00-04:00,pre-market,8.85,8.85,8.83,8.85,0,0.0,0.0,False
SMR,2026-09-23T09:00:00-04:00,pre-market,8.84,8.84,8.8,8.8095,0,0.0,0.0,False
SMR,2026-09-23T09:30:00-04:00,regular market,8.819999694824219,8.899999618530273,8.479999542236328,8.668600082397461,3934997,0.0,0.0,True
SMR,2026-09-23T10:00:00-04:00,regular market,8.65999984741211,8.770000457763672,8.539999961853027,8.61989974975586,2913211,0.0,0.0,True
SMR,2026-09-23T10:30:00-04:00,regular market,8.614999771118164,8.8100004196167,8.609999656677246,8.795000076293945,3071597,0.0,0.0,True
SMR,2026-09-23T11:00:00-04:00,regular market,8.795000076293945,8.890000343322754,8.720100402832031,8.8100004196167,2488496,0.0,0.0,True
SMR,2026-09-23T11:30:00-04:00,regular market,8.8100004196167,8.829999923706055,8.720000267028809,8.755000114440918,2315614,0.0,0.0,True
SMR,2026-09-23T12:00:00-04:00,regular market,8.759900093078613,8.800000190734863,8.720000267028809,8.729999542236328,1865401,0.0,0.0,True
SMR,2026-09-23T12:30:00-04:00,regular market,8.725000381469727,8.729999542236328,8.680000305175781,8.704999923706055,2733026,0.0,0.0,True
SMR,2026-09-23T13:00:00-04:00,regular market,8.704999923706055,8.720000267028809,8.630000114440918,8.710000038146973,4143310,0.0,0.0,True
SMR,2026-09-23T13:30:00-04:00,regular market,8.71030044555664,8.760000228881836,8.6899995803833,8.755000114440918,1537456,0.0,0.0,True
SMR,2026-09-23T14:00:00-04:00,regular market,8.755000114440918,8.770000457763672,8.720000267028809,8.75100040435791,1863384,0.0,0.0,True
SMR,2026-09-23T14:30:00-04:00,regular market,8.75,8.755000114440918,8.680000305175781,8.71500015258789,1916011,0.0,0.0,True
SMR,2026-09-23T15:00:00-04:00,regular market,8.710000038146973,8.720000267028809,8.670000076293945,8.6850004196167,2293938,0.0,0.0,True
SMR,2026-09-23T15:30:00-04:00,regular market,8.6850004196167,8.729999542236328,8.640000343322754,8.670000076293945,4223791,0.0,0.0,True
SMR,2026-09-23T16:00:00-04:00,after hours,8.685,8.7129,8.6,8.6596,2259069,0.0,0.0,True
SMR,2026-09-23T16:30:00-04:00,after hours,8.67,8.68,8.65,8.66,0,0.0,0.0,False
SMR,2026-09-23T17:00:00-04:00,after hours,8.66,8.68,8.66,8.68,0,0.0,0.0,False
SMR,2026-09-23T17:30:00-04:00,after hours,8.6792,8.68,8.67,8.68,0,0.0,0.0,False
SMR,2026-09-23T18:00:00-04:00,after hours,8.67,8.69,8.67,8.69,0,0.0,0.0,False
SMR,2026-09-23T18:30:00-04:00,after hours,8.69,8.69,8.68,8.68,0,0.0,0.0,False
SMR,2026-09-23T19:00:00-04:00,after hours,8.68,8.69,8.67,8.685,0,0.0,0.0,False
SMR,2026-09-23T19:30:00-04:00,after hours,8.685,8.69,8.68,8.69,0,0.0,0.0,False
SMR,2026-09-24T04:00:00-04:00,pre-market,8.6,8.67,8.51,8.52,0,0.0,0.0,False
SMR,2026-09-24T04:30:00-04:00,pre-market,8.53,8.54,8.48,8.49,0,0.0,0.0,False
SMR,2026-09-24T05:00:00-04:00,pre-market,8.5,8.52,8.49,8.52,0,0.0,0.0,False
SMR,2026-09-24T05:30:00-04:00,pre-market,8.51,8.51,8.47,8.5,0,0.0,0.0,False
SMR,2026-09-24T06:00:00-04:00,pre-market,8.51,8.53,8.481,8.51,0,0.0,0.0,False
SMR,2026-09-24T06:30:00-04:00,pre-market,8.51,8.55,8.51,8.54,0,0.0,0.0,False
SMR,2026-09-24T07:00:00-04:00,pre-market,8.54,8.56,8.5301,8.56,0,0.0,0.0,False
SMR,2026-09-24T07:30:00-04:00,pre-market,8.56,8.56,8.522,8.55,0,0.0,0.0,False
SMR,2026-09-24T08:00:00-04:00,pre-market,8.55,8.5895,8.54,8.55,0,0.0,0.0,False
SMR,2026-09-24T08:30:00-04:00,pre-market,8.5634,8.57,8.52,8.541,0,0.0,0.0,False
SMR,2026-09-24T09:00:00-04:00,pre-market,8.56,8.57,8.54,8.5502,0,0.0,0.0,False
SMR,2026-09-24T09:30:00-04:00,regular market,8.520000457763672,8.609999656677246,8.380000114440918,8.425000190734863,2623580,0.0,0.0,True
SNDK,2026-09-18T04:00:00-04:00,pre-market,1641.01,1650.0,1614.39,1644.755,0,0.0,0.0,False
SNDK,2026-09-18T04:30:00-04:00,pre-market,1644.49,1647.0,1641.5,1643.5,0,0.0,0.0,False
SNDK,2026-09-18T05:00:00-04:00,pre-market,1642.33,1642.74,1635.0806,1636.47,0,0.0,0.0,False
SNDK,2026-09-18T05:30:00-04:00,pre-market,1636.62,1639.51,1630.5953,1637.0,0,0.0,0.0,False
SNDK,2026-09-18T06:00:00-04:00,pre-market,1637.69,1644.95,1637.0,1644.02,0,0.0,0.0,False
SNDK,2026-09-18T06:30:00-04:00,pre-market,1644.18,1645.0,1639.21,1639.49,0,0.0,0.0,False
SNDK,2026-09-18T07:00:00-04:00,pre-market,1640.0,1647.0,1636.06,1636.7697,0,0.0,0.0,False
SNDK,2026-09-18T07:30:00-04:00,pre-market,1636.05,1642.78,1635.31,1639.0,0,0.0,0.0,False
SNDK,2026-09-18T08:00:00-04:00,pre-market,1639.0,1640.0,1626.48,1628.0,0,0.0,0.0,False
SNDK,2026-09-18T08:30:00-04:00,pre-market,1627.433,1629.5,1616.5,1617.57,0,0.0,0.0,False
SNDK,2026-09-18T09:00:00-04:00,pre-market,1617.5,1630.0,1613.54,1628.77,0,0.0,0.0,False
SNDK,2026-09-18T09:30:00-04:00,regular market,1624.06005859375,1699.280029296875,1616.0,1695.7674560546875,3003807,0.0,0.0,True
SNDK,2026-09-18T10:00:00-04:00,regular market,1695.7718505859375,1708.9000244140625,1685.7099609375,1701.0,2031447,0.0,0.0,True
SNDK,2026-09-18T10:30:00-04:00,regular market,1701.969970703125,1720.68994140625,1697.979248046875,1717.24755859375,1119723,0.0,0.0,True
SNDK,2026-09-18T11:00:00-04:00,regular market,1717.27001953125,1719.5399169921875,1709.0,1717.0,626759,0.0,0.0,True
SNDK,2026-09-18T11:30:00-04:00,regular market,1717.0,1728.0,1715.6500244140625,1721.4300537109375,724674,0.0,0.0,True
SNDK,2026-09-18T12:00:00-04:00,regular market,1722.0,1740.72998046875,1721.2099609375,1732.6099853515625,807268,0.0,0.0,True
SNDK,2026-09-18T12:30:00-04:00,regular market,1732.4300537109375,1745.0,1731.3800048828125,1739.0,630829,0.0,0.0,True
SNDK,2026-09-18T13:00:00-04:00,regular market,1738.8699951171875,1745.239990234375,1736.3299560546875,1739.2750244140625,421995,0.0,0.0,True
SNDK,2026-09-18T13:30:00-04:00,regular market,1739.449951171875,1745.969970703125,1738.6707763671875,1743.77001953125,395809,0.0,0.0,True
SNDK,2026-09-18T14:00:00-04:00,regular market,1745.0,1745.800048828125,1735.6300048828125,1740.56005859375,393321,0.0,0.0,True
SNDK,2026-09-18T14:30:00-04:00,regular market,1740.6199951171875,1742.7900390625,1732.25,1740.8050537109375,424894,0.0,0.0,True
SNDK,2026-09-18T15:00:00-04:00,regular market,1740.81005859375,1744.25,1732.06005859375,1736.4200439453125,497558,0.0,0.0,True
SNDK,2026-09-18T15:30:00-04:00,regular market,1736.4200439453125,1797.0,1734.3499755859375,1790.8499755859375,2357338,0.0,0.0,True
SNDK,2026-09-18T16:00:00-04:00,after hours,1791.82,1794.12,1689.04,1788.97,0,0.0,0.0,False
SNDK,2026-09-18T16:30:00-04:00,after hours,1788.51,1796.0,1787.1,1790.61,0,0.0,0.0,False
SNDK,2026-09-18T17:00:00-04:00,after hours,1791.0,1798.8,1790.5,1796.75,0,0.0,0.0,False
SNDK,2026-09-18T17:30:00-04:00,after hours,1796.01,1797.0,1791.82,1794.65,0,0.0,0.0,False
SNDK,2026-09-18T18:00:00-04:00,after hours,1794.7502,1796.45,1791.82,1794.0,0,0.0,0.0,False
SNDK,2026-09-18T18:30:00-04:00,after hours,1794.1,1796.0,1792.0,1792.13,0,0.0,0.0,False
SNDK,2026-09-18T19:00:00-04:00,after hours,1792.06,1796.6434,1792.0,1793.0,0,0.0,0.0,False
SNDK,2026-09-18T19:30:00-04:00,after hours,1793.89,1798.0,1793.0,1797.999,0,0.0,0.0,False
SNDK,2026-09-21T04:00:00-04:00,pre-market,1800.0,1818.0,1778.0,1814.55,0,0.0,0.0,False
SNDK,2026-09-21T04:30:00-04:00,pre-market,1814.5197,1823.585,1813.68,1822.41,0,0.0,0.0,False
SNDK,2026-09-21T05:00:00-04:00,pre-market,1823.5,1824.38,1816.0,1821.1982,0,0.0,0.0,False
SNDK,2026-09-21T05:30:00-04:00,pre-market,1819.6,1821.9,1815.7,1816.4,0,0.0,0.0,False
SNDK,2026-09-21T06:00:00-04:00,pre-market,1816.7,1819.0,1815.0,1815.4106,0,0.0,0.0,False
SNDK,2026-09-21T06:30:00-04:00,pre-market,1815.39,1821.0,1813.02,1813.54,0,0.0,0.0,False
SNDK,2026-09-21T07:00:00-04:00,pre-market,1813.5,1819.0,1791.82,1811.6078,0,0.0,0.0,False
SNDK,2026-09-21T07:30:00-04:00,pre-market,1811.59,1811.59,1798.0,1808.22,0,0.0,0.0,False
SNDK,2026-09-21T08:00:00-04:00,pre-market,1808.975,1818.88,1807.41,1808.2,0,0.0,0.0,False
SNDK,2026-09-21T08:30:00-04:00,pre-market,1809.0,1817.37,1807.11,1812.47,0,0.0,0.0,False
SNDK,2026-09-21T09:00:00-04:00,pre-market,1812.18,1834.0,1810.0,1825.68,0,0.0,0.0,False
SNDK,2026-09-21T09:30:00-04:00,regular market,1826.6600341796875,1834.489990234375,1778.9599609375,1778.9599609375,2795666,0.0,0.0,True
SNDK,2026-09-21T10:00:00-04:00,regular market,1779.010009765625,1789.9998779296875,1767.1400146484375,1781.7099609375,1178846,0.0,0.0,True
SNDK,2026-09-21T10:30:00-04:00,regular market,1781.780029296875,1796.260009765625,1773.0,1781.9100341796875,747950,0.0,0.0,True
SNDK,2026-09-21T11:00:00-04:00,regular market,1782.4300537109375,1784.73095703125,1766.0799560546875,1772.010009765625,639668,0.0,0.0,True
SNDK,2026-09-21T11:30:00-04:00,regular market,1771.969970703125,1778.9300537109375,1761.0,1761.1600341796875,568325,0.0,0.0,True
SNDK,2026-09-21T12:00:00-04:00,regular market,1761.219970703125,1776.989990234375,1761.0799560546875,1766.85498046875,441258,0.0,0.0,True
SNDK,2026-09-21T12:30:00-04:00,regular market,1767.0799560546875,1767.112548828125,1745.0616455078125,1751.39501953125,645799,0.0,0.0,True
SNDK,2026-09-21T13:00:00-04:00,regular market,1751.68994140625,1753.800048828125,1737.0101318359375,1740.0999755859375,467328,0.0,0.0,True
SNDK,2026-09-21T13:30:00-04:00,regular market,1740.9150390625,1746.199951171875,1739.1700439453125,1740.0,272074,0.0,0.0,True
SNDK,2026-09-21T14:00:00-04:00,regular market,1739.9599609375,1753.97998046875,1738.050048828125,1748.260009765625,405234,0.0,0.0,True
SNDK,2026-09-21T14:30:00-04:00,regular market,1747.844970703125,1767.1400146484375,1746.52001953125,1766.72998046875,385472,0.0,0.0,True
SNDK,2026-09-21T15:00:00-04:00,regular market,1766.8399658203125,1768.8089599609375,1749.0,1750.7303466796875,331214,0.0,0.0,True
SNDK,2026-09-21T15:30:00-04:00,regular market,1750.3299560546875,1776.1800537109375,1743.77001953125,1766.0799560546875,832566,0.0,0.0,True
SNDK,2026-09-21T16:00:00-04:00,after hours,1766.64,1807.66,1761.0001,1764.0,0,0.0,0.0,False
SNDK,2026-09-21T16:30:00-04:00,after hours,1764.0,1766.64,1760.52,1762.9,0,0.0,0.0,False
SNDK,2026-09-21T17:00:00-04:00,after hours,1763.8047,1769.88,1762.8,1768.94,0,0.0,0.0,False
SNDK,2026-09-21T17:30:00-04:00,after hours,1769.88,1771.88,1768.0,1771.0,0,0.0,0.0,False
SNDK,2026-09-21T18:00:00-04:00,after hours,1771.0,1774.0,1768.3,1773.6,0,0.0,0.0,False
SNDK,2026-09-21T18:30:00-04:00,after hours,1773.99,1775.0,1766.64,1774.0001,0,0.0,0.0,False
SNDK,2026-09-21T19:00:00-04:00,after hours,1774.915,1779.0,1774.0,1778.13,0,0.0,0.0,False
SNDK,2026-09-21T19:30:00-04:00,after hours,1778.2,1778.5,1775.0,1776.3436,0,0.0,0.0,False
SNDK,2026-09-22T04:00:00-04:00,pre-market,1761.97,1788.0,1741.0825,1741.2,0,0.0,0.0,False
SNDK,2026-09-22T04:30:00-04:00,pre-market,1741.2675,1760.68,1741.2675,1760.68,0,0.0,0.0,False
SNDK,2026-09-22T05:00:00-04:00,pre-market,1759.75,1762.0,1754.01,1759.45,0,0.0,0.0,False
SNDK,2026-09-22T05:30:00-04:00,pre-market,1761.0,1779.8231,1760.0,1775.94,0,0.0,0.0,False
SNDK,2026-09-22T06:00:00-04:00,pre-market,1776.32,1776.57,1765.68,1766.69,0,0.0,0.0,False
SNDK,2026-09-22T06:30:00-04:00,pre-market,1767.07,1772.0,1766.0,1769.23,0,0.0,0.0,False
SNDK,2026-09-22T07:00:00-04:00,pre-market,1769.31,1774.99,1755.0,1756.0,0,0.0,0.0,False
SNDK,2026-09-22T07:30:00-04:00,pre-market,1755.9471,1761.2762,1752.99,1755.46,0,0.0,0.0,False
SNDK,2026-09-22T08:00:00-04:00,pre-market,1756.16,1759.99,1750.3,1759.95,0,0.0,0.0,False
SNDK,2026-09-22T08:30:00-04:00,pre-market,1759.5,1764.96,1755.0,1756.95,0,0.0,0.0,False
SNDK,2026-09-22T09:00:00-04:00,pre-market,1757.0,1766.64,1752.0,1758.7997,0,0.0,0.0,False
SNDK,2026-09-22T09:30:00-04:00,regular market,1758.550048828125,1909.47998046875,1758.1400146484375,1899.2099609375,3908632,0.0,0.0,True
SNDK,2026-09-22T10:00:00-04:00,regular market,1897.3900146484375,1901.0,1871.449951171875,1877.2049560546875,1581851,0.0,0.0,True
SNDK,2026-09-22T10:30:00-04:00,regular market,1877.2049560546875,1889.0,1855.5006103515625,1858.10009765625,1078265,0.0,0.0,True
SNDK,2026-09-22T11:00:00-04:00,regular market,1859.27001953125,1861.0,1835.02001953125,1846.530029296875,848751,0.0,0.0,True
SNDK,2026-09-22T11:30:00-04:00,regular market,1845.2000732421875,1869.72998046875,1845.18994140625,1869.72998046875,639448,0.0,0.0,True
SNDK,2026-09-22T12:00:00-04:00,regular market,1869.375,1890.4599609375,1869.375,1878.675048828125,734111,0.0,0.0,True
SNDK,2026-09-22T12:30:00-04:00,regular market,1877.989990234375,1890.9189453125,1875.162109375,1887.5150146484375,453777,0.0,0.0,True
SNDK,2026-09-22T13:00:00-04:00,regular market,1887.300048828125,1889.9100341796875,1880.5400390625,1888.9000244140625,358576,0.0,0.0,True
SNDK,2026-09-22T13:30:00-04:00,regular market,1889.32666015625,1896.8699951171875,1884.0,1885.5999755859375,449357,0.0,0.0,True
SNDK,2026-09-22T14:00:00-04:00,regular market,1885.512451171875,1895.5,1880.9281005859375,1887.7109375,376759,0.0,0.0,True
SNDK,2026-09-22T14:30:00-04:00,regular market,1888.6500244140625,1889.5736083984375,1883.25,1888.5699462890625,212218,0.0,0.0,True
SNDK,2026-09-22T15:00:00-04:00,regular market,1888.530029296875,1895.4864501953125,1881.1099853515625,1889.5150146484375,353898,0.0,0.0,True
SNDK,2026-09-22T15:30:00-04:00,regular market,1889.1800537109375,1899.7149658203125,1885.6199951171875,1886.050048828125,873334,0.0,0.0,True
SNDK,2026-09-22T16:00:00-04:00,after hours,1887.04,1887.7722,1827.48,1882.0,0,0.0,0.0,False
SNDK,2026-09-22T16:30:00-04:00,after hours,1881.5944,1887.04,1880.0,1883.12,0,0.0,0.0,False
SNDK,2026-09-22T17:00:00-04:00,after hours,1883.2819,1883.97,1880.0,1882.5,0,0.0,0.0,False
SNDK,2026-09-22T17:30:00-04:00,after hours,1882.0,1887.04,1880.0,1882.33,0,0.0,0.0,False
SNDK,2026-09-22T18:00:00-04:00,after hours,1882.33,1890.0,1882.33,1888.5558,0,0.0,0.0,False
SNDK,2026-09-22T18:30:00-04:00,after hours,1888.5759,1893.5,1887.5,1890.65,0,0.0,0.0,False
SNDK,2026-09-22T19:00:00-04:00,after hours,1892.98,1896.02,1891.0,1892.91,0,0.0,0.0,False
SNDK,2026-09-22T19:30:00-04:00,after hours,1893.0,1898.88,1892.0,1898.69,0,0.0,0.0,False
SNDK,2026-09-23T04:00:00-04:00,pre-market,1876.0,1892.0,1875.9517,1882.0,0,0.0,0.0,False
SNDK,2026-09-23T04:30:00-04:00,pre-market,1882.0,1884.0,1873.0,1876.02,0,0.0,0.0,False
SNDK,2026-09-23T05:00:00-04:00,pre-market,1876.9,1883.66,1874.88,1883.3,0,0.0,0.0,False
SNDK,2026-09-23T05:30:00-04:00,pre-market,1883.1805,1883.97,1878.1,1880.02,0,0.0,0.0,False
SNDK,2026-09-23T06:00:00-04:00,pre-market,1880.0,1882.73,1878.9755,1880.81,0,0.0,0.0,False
SNDK,2026-09-23T06:30:00-04:00,pre-market,1881.2,1884.95,1879.3304,1884.71,0,0.0,0.0,False
SNDK,2026-09-23T07:00:00-04:00,pre-market,1884.23,1887.04,1862.0,1864.88,0,0.0,0.0,False
SNDK,2026-09-23T07:30:00-04:00,pre-market,1865.0,1868.0,1856.0,1865.0,0,0.0,0.0,False
SNDK,2026-09-23T08:00:00-04:00,pre-market,1863.2,1874.5,1857.0482,1873.91,0,0.0,0.0,False
SNDK,2026-09-23T08:30:00-04:00,pre-market,1873.0227,1883.93,1873.0,1881.0,0,0.0,0.0,False
SNDK,2026-09-23T09:00:00-04:00,pre-market,1880.5,1897.0,1872.0,1894.83,0,0.0,0.0,False
SNDK,2026-09-23T09:30:00-04:00,regular market,1895.0,1902.219970703125,1841.0,1854.9949951171875,1992140,0.0,0.0,True
SNDK,2026-09-23T10:00:00-04:00,regular market,1855.97998046875,1862.1099853515625,1823.06005859375,1834.7650146484375,1155302,0.0,0.0,True
SNDK,2026-09-23T10:30:00-04:00,regular market,1834.989990234375,1846.989990234375,1824.0,1841.06005859375,689698,0.0,0.0,True
SNDK,2026-09-23T11:00:00-04:00,regular market,1841.530029296875,1846.0,1833.5699462890625,1836.0052490234375,378366,0.0,0.0,True
SNDK,2026-09-23T11:30:00-04:00,regular market,1835.6568603515625,1837.4200439453125,1823.31005859375,1830.9649658203125,339790,0.0,0.0,True
SNDK,2026-09-23T12:00:00-04:00,regular market,1831.47998046875,1833.6650390625,1822.0,1824.010009765625,282058,0.0,0.0,True
SNDK,2026-09-23T12:30:00-04:00,regular market,1824.260009765625,1830.68994140625,1813.3399658203125,1815.43994140625,398159,0.0,0.0,True
SNDK,2026-09-23T13:00:00-04:00,regular market,1816.4000244140625,1821.4986572265625,1810.110107421875,1816.344970703125,278396,0.0,0.0,True
SNDK,2026-09-23T13:30:00-04:00,regular market,1815.969970703125,1831.9599609375,1815.969970703125,1830.3900146484375,282976,0.0,0.0,True
SNDK,2026-09-23T14:00:00-04:00,regular market,1830.18994140625,1831.68994140625,1823.3800048828125,1826.300048828125,196447,0.0,0.0,True
SNDK,2026-09-23T14:30:00-04:00,regular market,1826.114990234375,1828.760009765625,1812.1702880859375,1814.0550537109375,256383,0.0,0.0,True
SNDK,2026-09-23T15:00:00-04:00,regular market,1812.8199462890625,1819.2900390625,1810.0,1814.5899658203125,280954,0.0,0.0,True
SNDK,2026-09-23T15:30:00-04:00,regular market,1814.5699462890625,1822.9998779296875,1803.6700439453125,1815.9300537109375,642817,0.0,0.0,True
SNDK,2026-09-23T16:00:00-04:00,after hours,1816.57,1861.51,1815.0,1820.7,0,0.0,0.0,False
SNDK,2026-09-23T16:30:00-04:00,after hours,1820.439,1821.9,1816.57,1820.48,0,0.0,0.0,False
SNDK,2026-09-23T17:00:00-04:00,after hours,1820.47,1821.9,1816.57,1820.8528,0,0.0,0.0,False
SNDK,2026-09-23T17:30:00-04:00,after hours,1820.63,1822.0,1820.0,1821.0,0,0.0,0.0,False
SNDK,2026-09-23T18:00:00-04:00,after hours,1821.41,1829.0,1816.57,1825.01,0,0.0,0.0,False
SNDK,2026-09-23T18:30:00-04:00,after hours,1825.01,1826.99,1816.57,1825.5,0,0.0,0.0,False
SNDK,2026-09-23T19:00:00-04:00,after hours,1826.0,1828.0,1822.0,1823.04,0,0.0,0.0,False
SNDK,2026-09-23T19:30:00-04:00,after hours,1824.0,1825.0,1818.18,1818.18,0,0.0,0.0,False
SNDK,2026-09-24T04:00:00-04:00,pre-market,1787.74,1803.5792,1766.0,1768.975,0,0.0,0.0,False
SNDK,2026-09-24T04:30:00-04:00,pre-market,1768.0,1773.4733,1751.3057,1763.0,0,0.0,0.0,False
SNDK,2026-09-24T05:00:00-04:00,pre-market,1762.89,1765.99,1755.0,1762.56,0,0.0,0.0,False
SNDK,2026-09-24T05:30:00-04:00,pre-market,1761.79,1766.47,1755.065,1764.21,0,0.0,0.0,False
SNDK,2026-09-24T06:00:00-04:00,pre-market,1764.41,1771.0,1761.61,1765.0,0,0.0,0.0,False
SNDK,2026-09-24T06:30:00-04:00,pre-market,1764.85,1774.0,1762.9675,1773.6,0,0.0,0.0,False
SNDK,2026-09-24T07:00:00-04:00,pre-market,1773.405,1816.57,1771.53,1774.0,0,0.0,0.0,False
SNDK,2026-09-24T07:30:00-04:00,pre-market,1773.398,1777.98,1769.0,1774.31,0,0.0,0.0,False
SNDK,2026-09-24T08:00:00-04:00,pre-market,1774.5,1789.4625,1768.0334,1782.0,0,0.0,0.0,False
SNDK,2026-09-24T08:30:00-04:00,pre-market,1782.5,1816.57,1770.0,1774.15,0,0.0,0.0,False
SNDK,2026-09-24T09:00:00-04:00,pre-market,1774.75,1790.66,1771.0,1785.59,0,0.0,0.0,False
SNDK,2026-09-24T09:30:00-04:00,regular market,1784.0,1802.9898681640625,1745.864990234375,1791.64501953125,1603768,0.0,0.0,True
SPY,2026-09-18T04:00:00-04:00,pre-market,763.2,764.16,761.602,762.86,0,1.889,0.0,False
SPY,2026-09-18T04:30:00-04:00,pre-market,762.82,763.25,762.78,763.0,0,0.0,0.0,False
SPY,2026-09-18T05:00:00-04:00,pre-market,763.0299,763.14,762.6292,762.69,0,0.0,0.0,False
SPY,2026-09-18T05:30:00-04:00,pre-market,762.66,762.66,762.0,762.02,0,0.0,0.0,False
SPY,2026-09-18T06:00:00-04:00,pre-market,762.0,762.34,761.9407,762.21,0,0.0,0.0,False
SPY,2026-09-18T06:30:00-04:00,pre-market,762.2514,762.8775,762.23,762.33,0,0.0,0.0,False
SPY,2026-09-18T07:00:00-04:00,pre-market,762.315,762.72,761.48,761.6056,0,0.0,0.0,False
SPY,2026-09-18T07:30:00-04:00,pre-market,761.6026,762.1,761.3,761.4699,0,0.0,0.0,False
SPY,2026-09-18T08:00:00-04:00,pre-market,761.47,761.75,760.0,760.2,0,0.0,0.0,False
SPY,2026-09-18T08:30:00-04:00,pre-market,760.23,760.7112,760.08,760.3899,0,0.0,0.0,False
SPY,2026-09-18T09:00:00-04:00,pre-market,760.36,760.5768,760.24,760.45,0,0.0,0.0,False
SPY,2026-09-18T09:30:00-04:00,regular market,761.3099975585938,761.760009765625,759.5599975585938,759.7100219726562,10452508,0.0,0.0,True
SPY,2026-09-18T10:00:00-04:00,regular market,759.7100219726562,759.9349975585938,758.75,759.3399047851562,3156945,0.0,0.0,True
SPY,2026-09-18T10:30:00-04:00,regular market,759.3200073242188,759.9600219726562,758.8499755859375,759.9299926757812,2087385,0.0,0.0,True
SPY,2026-09-18T11:00:00-04:00,regular market,759.9500122070312,760.0598754882812,759.4199829101562,759.97998046875,14146184,0.0,0.0,True
SPY,2026-09-18T11:30:00-04:00,regular market,759.969970703125,760.0700073242188,758.8499755859375,759.0,1675235,0.0,0.0,True
SPY,2026-09-18T12:00:00-04:00,regular market,758.989990234375,759.2276000976562,757.9710083007812,758.780029296875,2184245,0.0,0.0,True
SPY,2026-09-18T12:30:00-04:00,regular market,758.760009765625,759.5449829101562,758.5700073242188,759.3994750976562,1187452,0.0,0.0,True
SPY,2026-09-18T13:00:00-04:00,regular market,759.39501953125,759.5798950195312,759.0250244140625,759.4000244140625,5309822,0.0,0.0,True
SPY,2026-09-18T13:30:00-04:00,regular market,759.405029296875,759.9000244140625,759.22998046875,759.8300170898438,1137814,0.0,0.0,True
SPY,2026-09-18T14:00:00-04:00,regular market,759.8300170898438,760.6099853515625,759.6599731445312,760.469970703125,1851528,0.0,0.0,True
SPY,2026-09-18T14:30:00-04:00,regular market,760.47998046875,761.8300170898438,760.2338256835938,761.260009765625,1980333,0.0,0.0,True
SPY,2026-09-18T15:00:00-04:00,regular market,761.260009765625,761.469970703125,760.8350219726562,760.8599853515625,1697071,0.0,0.0,True
SPY,2026-09-18T15:30:00-04:00,regular market,760.8699951171875,762.0,760.6799926757812,761.6300048828125,8483020,0.0,0.0,True
SPY,2026-09-18T16:00:00-04:00,after hours,761.6,763.1702,760.7421,762.86,0,0.0,0.0,False
SPY,2026-09-18T16:30:00-04:00,after hours,762.89,763.15,761.69,762.74,0,0.0,0.0,False
SPY,2026-09-18T17:00:00-04:00,after hours,762.7486,762.99,759.3482,762.8461,0,0.0,0.0,False
SPY,2026-09-18T17:30:00-04:00,after hours,762.85,763.22,762.54,762.9,0,0.0,0.0,False
SPY,2026-09-18T18:00:00-04:00,after hours,762.784,762.96,762.7801,762.9,0,0.0,0.0,False
SPY,2026-09-18T18:30:00-04:00,after hours,762.9,773.87,762.7001,762.8005,0,0.0,0.0,False
SPY,2026-09-18T19:00:00-04:00,after hours,762.8647,762.98,762.8053,762.8947,0,0.0,0.0,False
SPY,2026-09-18T19:30:00-04:00,after hours,762.92,762.99,762.77,762.94,0,0.0,0.0,False
SPY,2026-09-21T04:00:00-04:00,pre-market,764.0,766.5,764.0,766.39,0,0.0,0.0,False
SPY,2026-09-21T04:30:00-04:00,pre-market,766.36,766.74,766.33,766.5,0,0.0,0.0,False
SPY,2026-09-21T05:00:00-04:00,pre-market,766.46,766.7,766.35,766.6399,0,0.0,0.0,False
SPY,2026-09-21T05:30:00-04:00,pre-market,766.47,766.8,766.39,766.6,0,0.0,0.0,False
SPY,2026-09-21T06:00:00-04:00,pre-market,766.62,767.02,766.586,766.94,0,0.0,0.0,False
SPY,2026-09-21T06:30:00-04:00,pre-market,766.93,767.2,766.8,766.83,0,0.0,0.0,False
SPY,2026-09-21T07:00:00-04:00,pre-market,766.83,766.92,766.55,766.635,0,0.0,0.0,False
SPY,2026-09-21T07:30:00-04:00,pre-market,766.68,767.26,766.68,766.97,0,0.0,0.0,False
SPY,2026-09-21T08:00:00-04:00,pre-market,766.98,767.24,766.5,766.51,0,0.0,0.0,False
SPY,2026-09-21T08:30:00-04:00,pre-market,766.59,766.97,766.0,766.38,0,0.0,0.0,False
SPY,2026-09-21T09:00:00-04:00,pre-market,766.31,766.65,766.28,766.48,0,0.0,0.0,False
SPY,2026-09-21T09:30:00-04:00,regular market,766.2509765625,767.719970703125,766.030029296875,767.6900024414062,5292062,0.0,0.0,True
SPY,2026-09-21T10:00:00-04:00,regular market,767.6849975585938,769.2899780273438,767.0449829101562,769.0333251953125,4470763,0.0,0.0,True
SPY,2026-09-21T10:30:00-04:00,regular market,769.0150146484375,769.5499877929688,768.72998046875,769.219970703125,3480781,0.0,0.0,True
SPY,2026-09-21T11:00:00-04:00,regular market,769.219970703125,770.1799926757812,769.114990234375,769.8599853515625,1889827,0.0,0.0,True
SPY,2026-09-21T11:30:00-04:00,regular market,769.8699951171875,771.3599853515625,769.8099975585938,770.739990234375,2524196,0.0,0.0,True
SPY,2026-09-21T12:00:00-04:00,regular market,770.7349853515625,772.0399780273438,770.5189819335938,771.8200073242188,2017891,0.0,0.0,True
SPY,2026-09-21T12:30:00-04:00,regular market,771.8400268554688,772.6500244140625,771.7999877929688,772.3200073242188,1889606,0.0,0.0,True
SPY,2026-09-21T13:00:00-04:00,regular market,772.3400268554688,772.97998046875,772.1900024414062,772.8049926757812,2670229,0.0,0.0,True
SPY,2026-09-21T13:30:00-04:00,regular market,772.8200073242188,773.1699829101562,772.239990234375,772.89501953125,2333631,0.0,0.0,True
SPY,2026-09-21T14:00:00-04:00,regular market,772.9000244140625,773.989990234375,772.9000244140625,773.85498046875,1928638,0.0,0.0,True
SPY,2026-09-21T14:30:00-04:00,regular market,773.8599853515625,774.6199951171875,773.5850219726562,774.2949829101562,2715283,0.0,0.0,True
SPY,2026-09-21T15:00:00-04:00,regular market,774.2999877929688,774.4849853515625,773.9600219726562,774.0999755859375,3701931,0.0,0.0,True
SPY,2026-09-21T15:30:00-04:00,regular market,774.0999755859375,774.8900146484375,773.4099731445312,773.52001953125,8359975,0.0,0.0,True
SPY,2026-09-21T16:00:00-04:00,after hours,773.49,773.67,762.0734,773.25,0,0.0,0.0,False
SPY,2026-09-21T16:30:00-04:00,after hours,773.25,773.5,772.89,773.1613,0,0.0,0.0,False
SPY,2026-09-21T17:00:00-04:00,after hours,773.16,773.5,773.1,773.38,0,0.0,0.0,False
SPY,2026-09-21T17:30:00-04:00,after hours,773.36,773.5,773.3503,773.44,0,0.0,0.0,False
SPY,2026-09-21T18:00:00-04:00,after hours,773.39,773.7876,773.22,773.7783,0,0.0,0.0,False
SPY,2026-09-21T18:30:00-04:00,after hours,773.8,773.88,773.56,773.7497,0,0.0,0.0,False
SPY,2026-09-21T19:00:00-04:00,after hours,773.7219,773.94,773.61,773.72,0,0.0,0.0,False
SPY,2026-09-21T19:30:00-04:00,after hours,773.72,773.92,773.67,773.83,0,0.0,0.0,False
SPY,2026-09-22T04:00:00-04:00,pre-market,774.0098,774.22,771.55,771.615,0,0.0,0.0,False
SPY,2026-09-22T04:30:00-04:00,pre-market,771.54,773.92,771.47,773.67,0,0.0,0.0,False
SPY,2026-09-22T05:00:00-04:00,pre-market,773.73,773.87,772.91,773.06,0,0.0,0.0,False
SPY,2026-09-22T05:30:00-04:00,pre-market,773.105,774.54,773.05,774.08,0,0.0,0.0,False
SPY,2026-09-22T06:00:00-04:00,pre-market,773.98,774.36,773.8,774.04,0,0.0,0.0,False
SPY,2026-09-22T06:30:00-04:00,pre-market,774.03,774.67,773.94,774.175,0,0.0,0.0,False
SPY,2026-09-22T07:00:00-04:00,pre-market,774.12,774.2,773.2,773.88,0,0.0,0.0,False
SPY,2026-09-22T07:30:00-04:00,pre-market,773.9,774.45,773.88,773.92,0,0.0,0.0,False
SPY,2026-09-22T08:00:00-04:00,pre-market,773.9,774.34,773.735,774.34,0,0.0,0.0,False
SPY,2026-09-22T08:30:00-04:00,pre-market,774.33,774.57,773.9,773.97,0,0.0,0.0,False
SPY,2026-09-22T09:00:00-04:00,pre-market,774.02,774.48,774.009,774.37,0,0.0,0.0,False
SPY,2026-09-22T09:30:00-04:00,regular market,774.030029296875,775.1400146484375,773.6500244140625,773.8250122070312,3767264,0.0,0.0,True
SPY,2026-09-22T10:00:00-04:00,regular market,773.8250122070312,774.9099731445312,773.5,773.5399169921875,2506075,0.0,0.0,True
SPY,2026-09-22T10:30:00-04:00,regular market,773.530029296875,774.4199829101562,772.969970703125,773.4099731445312,1925593,0.0,0.0,True
SPY,2026-09-22T11:00:00-04:00,regular market,773.3800048828125,773.7899780273438,773.1799926757812,773.3499755859375,3912207,0.0,0.0,True
SPY,2026-09-22T11:30:00-04:00,regular market,773.3400268554688,773.3400268554688,772.5700073242188,773.0349731445312,1364354,0.0,0.0,True
SPY,2026-09-22T12:00:00-04:00,regular market,773.0349731445312,773.4000244140625,772.6900024414062,772.9199829101562,1186149,0.0,0.0,True
SPY,2026-09-22T12:30:00-04:00,regular market,772.9099731445312,773.719970703125,772.7899780273438,773.5800170898438,1218379,0.0,0.0,True
SPY,2026-09-22T13:00:00-04:00,regular market,773.5700073242188,773.6599731445312,773.0900268554688,773.5800170898438,1213296,0.0,0.0,True
SPY,2026-09-22T13:30:00-04:00,regular market,773.5499877929688,774.3099975585938,773.0999755859375,774.1099853515625,1542770,0.0,0.0,True
SPY,2026-09-22T14:00:00-04:00,regular market,774.1099853515625,774.4099731445312,773.719970703125,774.135009765625,1625380,0.0,0.0,True
SPY,2026-09-22T14:30:00-04:00,regular market,774.1400146484375,774.25,773.6799926757812,773.760009765625,1372893,0.0,0.0,True
SPY,2026-09-22T15:00:00-04:00,regular market,773.77001953125,774.489990234375,773.7100219726562,774.3900146484375,2420536,0.0,0.0,True
SPY,2026-09-22T15:30:00-04:00,regular market,774.3800048828125,774.9400024414062,773.2979736328125,773.4400024414062,5398059,0.0,0.0,True
SPY,2026-09-22T16:00:00-04:00,after hours,773.4,773.74,773.23,773.34,0,0.0,0.0,False
SPY,2026-09-22T16:30:00-04:00,after hours,773.32,773.38,773.03,773.09,0,0.0,0.0,False
SPY,2026-09-22T17:00:00-04:00,after hours,773.2345,773.38,773.02,773.212,0,0.0,0.0,False
SPY,2026-09-22T17:30:00-04:00,after hours,773.2,773.38,773.1,773.25,0,0.0,0.0,False
SPY,2026-09-22T18:00:00-04:00,after hours,773.28,773.699,773.28,773.56,0,0.0,0.0,False
SPY,2026-09-22T18:30:00-04:00,after hours,773.6297,773.73,773.38,773.5,0,0.0,0.0,False
SPY,2026-09-22T19:00:00-04:00,after hours,773.5,773.6483,773.5,773.59,0,0.0,0.0,False
SPY,2026-09-22T19:30:00-04:00,after hours,773.63,773.79,773.51,773.74,0,0.0,0.0,False
SPY,2026-09-23T04:00:00-04:00,pre-market,774.34,774.72,774.06,774.47,0,0.0,0.0,False
SPY,2026-09-23T04:30:00-04:00,pre-market,774.44,774.48,773.88,774.18,0,0.0,0.0,False
SPY,2026-09-23T05:00:00-04:00,pre-market,774.07,774.3,773.88,774.23,0,0.0,0.0,False
SPY,2026-09-23T05:30:00-04:00,pre-market,774.18,774.2,773.74,773.9,0,0.0,0.0,False
SPY,2026-09-23T06:00:00-04:00,pre-market,773.95,774.34,773.95,774.2,0,0.0,0.0,False
SPY,2026-09-23T06:30:00-04:00,pre-market,774.14,774.14,773.92,774.13,0,0.0,0.0,False
SPY,2026-09-23T07:00:00-04:00,pre-market,774.06,774.06,773.15,773.15,0,0.0,0.0,False
SPY,2026-09-23T07:30:00-04:00,pre-market,773.1,773.15,772.29,773.06,0,0.0,0.0,False
SPY,2026-09-23T08:00:00-04:00,pre-market,773.06,773.21,772.31,772.7,0,0.0,0.0,False
SPY,2026-09-23T08:30:00-04:00,pre-market,772.74,772.8808,772.35,772.79,0,0.0,0.0,False
SPY,2026-09-23T09:00:00-04:00,pre-market,772.77,772.79,772.33,772.57,0,0.0,0.0,False
SPY,2026-09-23T09:30:00-04:00,regular market,772.7899780273438,773.0499877929688,770.4600219726562,770.6799926757812,4047197,0.0,0.0,True
SPY,2026-09-23T10:00:00-04:00,regular market,770.6799926757812,771.0399780273438,768.3699951171875,768.8599853515625,3619673,0.0,0.0,True
SPY,2026-09-23T10:30:00-04:00,regular market,768.8499755859375,770.5999755859375,768.6799926757812,770.25,3549527,0.0,0.0,True
SPY,2026-09-23T11:00:00-04:00,regular market,770.239990234375,770.27001953125,768.9450073242188,769.02001953125,1364975,0.0,0.0,True
SPY,2026-09-23T11:30:00-04:00,regular market,769.02001953125,769.27001953125,768.22998046875,768.6300048828125,1813245,0.0,0.0,True
SPY,2026-09-23T12:00:00-04:00,regular market,768.6300048828125,768.739990234375,768.1400146484375,768.4199829101562,1356543,0.0,0.0,True
SPY,2026-09-23T12:30:00-04:00,regular market,768.4099731445312,768.72998046875,767.02001953125,767.4199829101562,1726207,0.0,0.0,True
SPY,2026-09-23T13:00:00-04:00,regular market,767.4099731445312,767.9299926757812,766.5,767.27001953125,2705276,0.0,0.0,True
SPY,2026-09-23T13:30:00-04:00,regular market,767.260009765625,769.0449829101562,767.0599975585938,769.0,1847819,0.0,0.0,True
SPY,2026-09-23T14:00:00-04:00,regular market,768.9849853515625,769.0087890625,768.0499877929688,768.27001953125,1529373,0.0,0.0,True
SPY,2026-09-23T14:30:00-04:00,regular market,768.280029296875,768.3499755859375,767.5800170898438,768.1799926757812,1477459,0.0,0.0,True
SPY,2026-09-23T15:00:00-04:00,regular market,768.1849975585938,768.3200073242188,767.4299926757812,767.6400756835938,2249140,0.0,0.0,True
SPY,2026-09-23T15:30:00-04:00,regular market,767.6599731445312,768.1500244140625,766.5700073242188,767.780029296875,10296470,0.0,0.0,True
SPY,2026-09-23T16:00:00-04:00,after hours,767.79,773.4474,767.47,767.62,0,0.0,0.0,False
SPY,2026-09-23T16:30:00-04:00,after hours,767.67,767.81,767.56,767.69,0,0.0,0.0,False
SPY,2026-09-23T17:00:00-04:00,after hours,767.66,767.81,767.55,767.67,0,0.0,0.0,False
SPY,2026-09-23T17:30:00-04:00,after hours,767.7323,767.81,767.6,767.79,0,0.0,0.0,False
SPY,2026-09-23T18:00:00-04:00,after hours,767.79,768.399,767.79,768.18,0,0.0,0.0,False
SPY,2026-09-23T18:30:00-04:00,after hours,768.06,768.19,767.91,767.98,0,0.0,0.0,False
SPY,2026-09-23T19:00:00-04:00,after hours,767.9962,768.05,767.43,767.43,0,0.0,0.0,False
SPY,2026-09-23T19:30:00-04:00,after hours,767.42,767.5,767.22,767.32,0,0.0,0.0,False
SPY,2026-09-24T04:00:00-04:00,pre-market,764.53,766.48,762.9,762.91,0,0.0,0.0,False
SPY,2026-09-24T04:30:00-04:00,pre-market,763.03,763.69,762.73,762.85,0,0.0,0.0,False
SPY,2026-09-24T05:00:00-04:00,pre-market,762.97,763.5559,762.97,763.1,0,0.0,0.0,False
SPY,2026-09-24T05:30:00-04:00,pre-market,763.13,763.19,761.81,763.054,0,0.0,0.0,False
SPY,2026-09-24T06:00:00-04:00,pre-market,763.08,763.39,762.45,762.82,0,0.0,0.0,False
SPY,2026-09-24T06:30:00-04:00,pre-market,762.87,764.38,762.65,763.9,0,0.0,0.0,False
SPY,2026-09-24T07:00:00-04:00,pre-market,763.969,764.25,763.28,763.739,0,0.0,0.0,False
SPY,2026-09-24T07:30:00-04:00,pre-market,763.73,764.07,762.84,763.83,0,0.0,0.0,False
SPY,2026-09-24T08:00:00-04:00,pre-market,763.8,764.51,763.3,763.96,0,0.0,0.0,False
SPY,2026-09-24T08:30:00-04:00,pre-market,764.0,764.27,763.09,764.12,0,0.0,0.0,False
SPY,2026-09-24T09:00:00-04:00,pre-market,764.19,764.58,764.05,764.44,0,0.0,0.0,False
SPY,2026-09-24T09:30:00-04:00,regular market,764.0650024414062,765.3599853515625,763.6199951171875,764.8400268554688,3691211,0.0,0.0,True
STX,2026-09-18T04:00:00-04:00,pre-market,807.9625,815.95,803.13,814.15,0,0.0,0.0,False
STX,2026-09-18T04:30:00-04:00,pre-market,814.17,814.9888,812.0,812.0,0,0.0,0.0,False
STX,2026-09-18T05:00:00-04:00,pre-market,812.28,814.9888,810.32,811.095,0,0.0,0.0,False
STX,2026-09-18T05:30:00-04:00,pre-market,811.0,811.59,807.1,808.86,0,0.0,0.0,False
STX,2026-09-18T06:00:00-04:00,pre-market,808.45,811.3942,808.24,811.39,0,0.0,0.0,False
STX,2026-09-18T06:30:00-04:00,pre-market,810.98,810.98,808.0,809.925,0,0.0,0.0,False
STX,2026-09-18T07:00:00-04:00,pre-market,810.0,812.87,803.13,807.0,0,0.0,0.0,False
STX,2026-09-18T07:30:00-04:00,pre-market,806.5,811.8612,805.0097,806.48,0,0.0,0.0,False
STX,2026-09-18T08:00:00-04:00,pre-market,807.19,809.0,804.13,805.0,0,0.0,0.0,False
STX,2026-09-18T08:30:00-04:00,pre-market,805.975,806.845,805.0,805.302,0,0.0,0.0,False
STX,2026-09-18T09:00:00-04:00,pre-market,805.0,816.0,803.0,812.32,0,0.0,0.0,False
STX,2026-09-18T09:30:00-04:00,regular market,814.6900024414062,832.030029296875,807.3099975585938,827.489990234375,592689,0.0,0.0,True
STX,2026-09-18T10:00:00-04:00,regular market,826.780029296875,835.5,818.60498046875,831.25,368556,0.0,0.0,True
STX,2026-09-18T10:30:00-04:00,regular market,831.4650268554688,840.5399780273438,830.6445922851562,831.9149780273438,259811,0.0,0.0,True
STX,2026-09-18T11:00:00-04:00,regular market,832.0,839.8034057617188,829.52001953125,838.5399780273438,282539,0.0,0.0,True
STX,2026-09-18T11:30:00-04:00,regular market,838.5399780273438,842.5,834.4691772460938,835.967529296875,245848,0.0,0.0,True
STX,2026-09-18T12:00:00-04:00,regular market,836.0549926757812,840.4500122070312,832.2984008789062,834.8599853515625,200053,0.0,0.0,True
STX,2026-09-18T12:30:00-04:00,regular market,835.1849975585938,842.2302856445312,834.665771484375,837.1500244140625,189985,0.0,0.0,True
STX,2026-09-18T13:00:00-04:00,regular market,837.4199829101562,849.39990234375,836.5,847.8400268554688,205546,0.0,0.0,True
STX,2026-09-18T13:30:00-04:00,regular market,847.5800170898438,852.477783203125,846.7200927734375,850.5599975585938,188911,0.0,0.0,True
STX,2026-09-18T14:00:00-04:00,regular market,850.697509765625,853.2899780273438,849.22998046875,852.6400146484375,237857,0.0,0.0,True
STX,2026-09-18T14:30:00-04:00,regular market,852.2999877929688,857.9299926757812,852.1500244140625,857.25,224862,0.0,0.0,True
STX,2026-09-18T15:00:00-04:00,regular market,857.3200073242188,858.1749877929688,853.77001953125,856.0900268554688,340662,0.0,0.0,True
STX,2026-09-18T15:30:00-04:00,regular market,856.4600219726562,872.0,855.2000122070312,858.4099731445312,634730,0.0,0.0,True
STX,2026-09-18T16:00:00-04:00,after hours,858.79,865.0,858.09,862.7694,0,0.0,0.0,False
STX,2026-09-18T16:30:00-04:00,after hours,862.1,863.7,858.9,861.0,0,0.0,0.0,False
STX,2026-09-18T17:00:00-04:00,after hours,860.0355,863.0,860.0,860.6115,0,0.0,0.0,False
STX,2026-09-18T17:30:00-04:00,after hours,860.4,863.4,858.79,861.92,0,0.0,0.0,False
STX,2026-09-18T18:00:00-04:00,after hours,860.42,861.6,858.79,860.4201,0,0.0,0.0,False
STX,2026-09-18T18:30:00-04:00,after hours,860.42,860.65,859.01,859.01,0,0.0,0.0,False
STX,2026-09-18T19:00:00-04:00,after hours,859.01,861.85,859.01,860.41,0,0.0,0.0,False
STX,2026-09-18T19:30:00-04:00,after hours,859.8991,861.7047,859.8991,861.2,0,0.0,0.0,False
STX,2026-09-21T04:00:00-04:00,pre-market,860.99,875.0,857.35,871.8,0,0.0,0.0,False
STX,2026-09-21T04:30:00-04:00,pre-market,871.8,877.99,871.8,875.9,0,0.0,0.0,False
STX,2026-09-21T05:00:00-04:00,pre-market,877.9988,878.0,875.01,877.6,0,0.0,0.0,False
STX,2026-09-21T05:30:00-04:00,pre-market,877.06,879.0,875.0597,875.97,0,0.0,0.0,False
STX,2026-09-21T06:00:00-04:00,pre-market,875.97,879.0,875.01,877.16,0,0.0,0.0,False
STX,2026-09-21T06:30:00-04:00,pre-market,876.5,886.0,876.36,881.94,0,0.0,0.0,False
STX,2026-09-21T07:00:00-04:00,pre-market,881.94,887.1,880.0,882.2,0,0.0,0.0,False
STX,2026-09-21T07:30:00-04:00,pre-market,882.05,888.0,875.0,886.65,0,0.0,0.0,False
STX,2026-09-21T08:00:00-04:00,pre-market,886.95,895.0,885.0,886.8,0,0.0,0.0,False
STX,2026-09-21T08:30:00-04:00,pre-market,886.8,891.5,883.98,890.29,0,0.0,0.0,False
STX,2026-09-21T09:00:00-04:00,pre-market,890.1724,897.64,890.0,894.27,0,0.0,0.0,False
STX,2026-09-21T09:30:00-04:00,regular market,894.27001953125,914.8200073242188,872.402587890625,874.3800048828125,815997,0.0,0.0,True
STX,2026-09-21T10:00:00-04:00,regular market,874.1500244140625,875.8300170898438,861.9600830078125,873.2100219726562,281982,0.0,0.0,True
STX,2026-09-21T10:30:00-04:00,regular market,872.4749755859375,883.4298706054688,872.0,879.530029296875,265707,0.0,0.0,True
STX,2026-09-21T11:00:00-04:00,regular market,879.6898803710938,882.4400024414062,873.9736938476562,875.3300170898438,230980,0.0,0.0,True
STX,2026-09-21T11:30:00-04:00,regular market,875.1699829101562,876.4099731445312,870.0900268554688,872.280029296875,156802,0.0,0.0,True
STX,2026-09-21T12:00:00-04:00,regular market,871.77001953125,877.0,868.75,873.6500244140625,163491,0.0,0.0,True
STX,2026-09-21T12:30:00-04:00,regular market,875.0,876.1699829101562,870.2219848632812,873.3200073242188,207688,0.0,0.0,True
STX,2026-09-21T13:00:00-04:00,regular market,873.6199951171875,874.9099731445312,870.2899780273438,871.4949951171875,112146,0.0,0.0,True
STX,2026-09-21T13:30:00-04:00,regular market,871.3400268554688,873.7899780273438,870.6799926757812,873.35498046875,109779,0.0,0.0,True
STX,2026-09-21T14:00:00-04:00,regular market,873.69140625,883.5449829101562,871.9500122070312,881.85498046875,227377,0.0,0.0,True
STX,2026-09-21T14:30:00-04:00,regular market,881.85498046875,883.7000122070312,880.0401000976562,883.6300048828125,203202,0.0,0.0,True
STX,2026-09-21T15:00:00-04:00,regular market,883.5900268554688,883.969970703125,872.8140869140625,872.8699951171875,188726,0.0,0.0,True
STX,2026-09-21T15:30:00-04:00,regular market,873.5700073242188,877.9149780273438,871.0,877.4600219726562,254544,0.0,0.0,True
STX,2026-09-21T16:00:00-04:00,after hours,877.325,877.33,871.0,875.01,0,0.0,0.0,False
STX,2026-09-21T16:30:00-04:00,after hours,875.93,876.5,871.0,874.06,0,0.0,0.0,False
STX,2026-09-21T17:00:00-04:00,after hours,874.05,876.0,874.05,874.25,0,0.0,0.0,False
STX,2026-09-21T17:30:00-04:00,after hours,874.25,877.9888,874.25,876.96,0,0.0,0.0,False
STX,2026-09-21T18:00:00-04:00,after hours,875.0,877.9748,875.0,877.8699,0,0.0,0.0,False
STX,2026-09-21T18:30:00-04:00,after hours,877.66,879.0,875.0,877.0,0,0.0,0.0,False
STX,2026-09-21T19:00:00-04:00,after hours,878.202,879.37,875.1577,879.35,0,0.0,0.0,False
STX,2026-09-21T19:30:00-04:00,after hours,876.9104,879.65,876.9104,877.0,0,0.0,0.0,False
STX,2026-09-22T04:00:00-04:00,pre-market,865.2112,881.6492,855.0,855.1,0,0.0,0.0,False
STX,2026-09-22T04:30:00-04:00,pre-market,855.0,867.9888,853.0,861.0,0,0.0,0.0,False
STX,2026-09-22T05:00:00-04:00,pre-market,859.74,867.7402,858.0,861.88,0,0.0,0.0,False
STX,2026-09-22T05:30:00-04:00,pre-market,861.88,871.74,861.88,868.97,0,0.0,0.0,False
STX,2026-09-22T06:00:00-04:00,pre-market,868.97,871.2054,866.43,866.69,0,0.0,0.0,False
STX,2026-09-22T06:30:00-04:00,pre-market,866.0,870.79,866.0,868.04,0,0.0,0.0,False
STX,2026-09-22T07:00:00-04:00,pre-market,868.0,870.0,865.0,865.3129,0,0.0,0.0,False
STX,2026-09-22T07:30:00-04:00,pre-market,865.05,867.49,862.6,862.8445,0,0.0,0.0,False
STX,2026-09-22T08:00:00-04:00,pre-market,864.0,867.49,862.6,865.5,0,0.0,0.0,False
STX,2026-09-22T08:30:00-04:00,pre-market,866.49,867.49,817.35,863.5,0,0.0,0.0,False
STX,2026-09-22T09:00:00-04:00,pre-market,864.75,867.49,854.01,857.2,0,0.0,0.0,False
STX,2026-09-22T09:30:00-04:00,regular market,856.3900146484375,936.9400024414062,856.3900146484375,931.8099975585938,760496,0.0,0.0,True
STX,2026-09-22T10:00:00-04:00,regular market,931.9849853515625,933.780029296875,903.0,909.2301025390625,579222,0.0,0.0,True
STX,2026-09-22T10:30:00-04:00,regular market,909.347412109375,913.8099975585938,892.9874877929688,894.6163940429688,402778,0.0,0.0,True
STX,2026-09-22T11:00:00-04:00,regular market,894.239990234375,899.8798828125,880.6799926757812,881.7899780273438,417596,0.0,0.0,True
STX,2026-09-22T11:30:00-04:00,regular market,881.2750244140625,891.3565063476562,880.8300170898438,889.4199829101562,283984,0.0,0.0,True
STX,2026-09-22T12:00:00-04:00,regular market,889.4249877929688,900.4400024414062,889.3049926757812,898.75,220272,0.0,0.0,True
STX,2026-09-22T12:30:00-04:00,regular market,899.010009765625,903.5584106445312,894.777099609375,899.6776733398438,220433,0.0,0.0,True
STX,2026-09-22T13:00:00-04:00,regular market,898.1900024414062,901.9500122070312,894.0665893554688,901.64501953125,222030,0.0,0.0,True
STX,2026-09-22T13:30:00-04:00,regular market,901.64501953125,911.4600219726562,900.6500244140625,906.97998046875,274425,0.0,0.0,True
STX,2026-09-22T14:00:00-04:00,regular market,907.0599975585938,913.9885864257812,906.239990234375,912.760009765625,154107,0.0,0.0,True
STX,2026-09-22T14:30:00-04:00,regular market,912.1500244140625,917.5900268554688,909.7849731445312,915.4199829101562,132263,0.0,0.0,True
STX,2026-09-22T15:00:00-04:00,regular market,915.6400146484375,920.7899780273438,914.5200805664062,919.375,199439,0.0,0.0,True
STX,2026-09-22T15:30:00-04:00,regular market,919.364990234375,925.593017578125,914.6849975585938,919.6799926757812,477113,0.0,0.0,True
STX,2026-09-22T16:00:00-04:00,after hours,919.84,920.0,913.0482,918.364,0,0.0,0.0,False
STX,2026-09-22T16:30:00-04:00,after hours,918.5,919.84,916.4338,918.0225,0,0.0,0.0,False
STX,2026-09-22T17:00:00-04:00,after hours,918.02,919.98,918.0,919.1,0,0.0,0.0,False
STX,2026-09-22T17:30:00-04:00,after hours,918.0437,919.84,918.0,919.0,0,0.0,0.0,False
STX,2026-09-22T18:00:00-04:00,after hours,918.0437,921.0,918.0,919.7055,0,0.0,0.0,False
STX,2026-09-22T18:30:00-04:00,after hours,920.2785,922.0,919.8267,921.0,0,0.0,0.0,False
STX,2026-09-22T19:00:00-04:00,after hours,918.9771,921.8717,918.43,919.2,0,0.0,0.0,False
STX,2026-09-22T19:30:00-04:00,after hours,921.2502,921.2502,918.96,920.12,0,0.0,0.0,False
STX,2026-09-23T04:00:00-04:00,pre-market,922.8212,923.99,910.2077,923.0815,0,0.0,0.0,False
STX,2026-09-23T04:30:00-04:00,pre-market,915.62,916.16,910.95,911.0,0,0.0,0.0,False
STX,2026-09-23T05:00:00-04:00,pre-market,911.275,917.8317,911.275,914.98,0,0.0,0.0,False
STX,2026-09-23T05:30:00-04:00,pre-market,912.25,917.64,910.1,913.17,0,0.0,0.0,False
STX,2026-09-23T06:00:00-04:00,pre-market,913.17,914.0,910.1,913.6,0,0.0,0.0,False
STX,2026-09-23T06:30:00-04:00,pre-market,913.6,919.76,912.0,913.7927,0,0.0,0.0,False
STX,2026-09-23T07:00:00-04:00,pre-market,913.74,916.8603,905.25,905.25,0,0.0,0.0,False
STX,2026-09-23T07:30:00-04:00,pre-market,905.0,913.2132,900.89,905.87,0,0.0,0.0,False
STX,2026-09-23T08:00:00-04:00,pre-market,905.1489,911.99,902.76,911.89,0,0.0,0.0,False
STX,2026-09-23T08:30:00-04:00,pre-market,911.0,911.0,904.9054,905.17,0,0.0,0.0,False
STX,2026-09-23T09:00:00-04:00,pre-market,906.0,915.0,904.38,914.96,0,0.0,0.0,False
STX,2026-09-23T09:30:00-04:00,regular market,913.2000122070312,915.9500122070312,885.0,908.3599853515625,403121,0.0,0.0,True
STX,2026-09-23T10:00:00-04:00,regular market,908.7999877929688,917.0,902.1199951171875,913.8900756835938,341989,0.0,0.0,True
STX,2026-09-23T10:30:00-04:00,regular market,912.7999877929688,918.0,902.8499755859375,912.989990234375,306452,0.0,0.0,True
STX,2026-09-23T11:00:00-04:00,regular market,913.1699829101562,920.47998046875,911.9915771484375,914.4849853515625,299807,0.0,0.0,True
STX,2026-09-23T11:30:00-04:00,regular market,914.47998046875,916.5,911.260009765625,916.1799926757812,164796,0.0,0.0,True
STX,2026-09-23T12:00:00-04:00,regular market,915.8466796875,926.0700073242188,913.5988159179688,924.7899780273438,227668,0.0,0.0,True
STX,2026-09-23T12:30:00-04:00,regular market,924.7849731445312,926.6317749023438,915.72998046875,921.6799926757812,221390,0.0,0.0,True
STX,2026-09-23T13:00:00-04:00,regular market,921.4600219726562,923.5183715820312,916.4801025390625,919.6400146484375,147473,0.0,0.0,True
STX,2026-09-23T13:30:00-04:00,regular market,919.9600219726562,926.719970703125,919.1400146484375,926.719970703125,135953,0.0,0.0,True
STX,2026-09-23T14:00:00-04:00,regular market,926.8900146484375,926.8900146484375,917.3400268554688,921.9550170898438,115388,0.0,0.0,True
STX,2026-09-23T14:30:00-04:00,regular market,922.4000244140625,922.4000244140625,914.7800903320312,918.9400024414062,114690,0.0,0.0,True
STX,2026-09-23T15:00:00-04:00,regular market,918.760009765625,924.0,917.77001953125,920.8300170898438,165669,0.0,0.0,True
STX,2026-09-23T15:30:00-04:00,regular market,921.2899780273438,926.913818359375,919.9099731445312,924.1619873046875,281879,0.0,0.0,True
STX,2026-09-23T16:00:00-04:00,after hours,923.86,925.0,920.0,922.92,0,0.0,0.0,False
STX,2026-09-23T16:30:00-04:00,after hours,922.0012,923.7675,922.0,923.0,0,0.0,0.0,False
STX,2026-09-23T17:00:00-04:00,after hours,922.5,924.0,922.5,923.01,0,0.0,0.0,False
STX,2026-09-23T17:30:00-04:00,after hours,924.0,924.0,921.5,921.5,0,0.0,0.0,False
STX,2026-09-23T18:00:00-04:00,after hours,923.3,928.0,921.55,924.77,0,0.0,0.0,False
STX,2026-09-23T18:30:00-04:00,after hours,926.65,926.65,923.25,923.4,0,0.0,0.0,False
STX,2026-09-23T19:00:00-04:00,after hours,923.5,924.2467,921.0,922.5,0,0.0,0.0,False
STX,2026-09-23T19:30:00-04:00,after hours,923.9,923.9,921.05,923.4083,0,0.0,0.0,False
STX,2026-09-24T04:00:00-04:00,pre-market,917.95,923.86,902.0,902.81,0,0.0,0.0,False
STX,2026-09-24T04:30:00-04:00,pre-market,908.8152,908.8152,890.0,899.87,0,0.0,0.0,False
STX,2026-09-24T05:00:00-04:00,pre-market,899.48,900.37,890.22,900.0,0,0.0,0.0,False
STX,2026-09-24T05:30:00-04:00,pre-market,898.36,907.6377,893.0,893.8722,0,0.0,0.0,False
STX,2026-09-24T06:00:00-04:00,pre-market,900.0,903.38,893.8722,901.99,0,0.0,0.0,False
STX,2026-09-24T06:30:00-04:00,pre-market,900.75,908.7625,899.5,904.56,0,0.0,0.0,False
STX,2026-09-24T07:00:00-04:00,pre-market,904.25,909.0,901.26,904.2397,0,0.0,0.0,False
STX,2026-09-24T07:30:00-04:00,pre-market,903.7,907.915,901.26,904.26,0,0.0,0.0,False
STX,2026-09-24T08:00:00-04:00,pre-market,905.0,909.0,901.3535,904.0,0,0.0,0.0,False
STX,2026-09-24T08:30:00-04:00,pre-market,903.25,906.8375,895.6928,901.35,0,0.0,0.0,False
STX,2026-09-24T09:00:00-04:00,pre-market,901.9,915.3687,900.5003,915.27,0,0.0,0.0,False
STX,2026-09-24T09:30:00-04:00,regular market,914.6599731445312,920.0,903.4099731445312,914.1849975585938,235333,0.0,0.0,True
TSLA,2026-09-18T04:00:00-04:00,pre-market,369.74,370.0,366.2,368.43,0,0.0,0.0,False
TSLA,2026-09-18T04:30:00-04:00,pre-market,368.34,369.39,368.3,368.85,0,0.0,0.0,False
TSLA,2026-09-18T05:00:00-04:00,pre-market,368.78,368.9488,368.3,368.3,0,0.0,0.0,False
TSLA,2026-09-18T05:30:00-04:00,pre-market,368.3488,368.3948,367.76,368.15,0,0.0,0.0,False
TSLA,2026-09-18T06:00:00-04:00,pre-market,368.0499,368.3975,367.88,368.1782,0,0.0,0.0,False
TSLA,2026-09-18T06:30:00-04:00,pre-market,368.25,368.7,368.2,368.48,0,0.0,0.0,False
TSLA,2026-09-18T07:00:00-04:00,pre-market,368.51,369.1,366.2,368.07,0,0.0,0.0,False
TSLA,2026-09-18T07:30:00-04:00,pre-market,368.0103,368.59,368.0103,368.2,0,0.0,0.0,False
TSLA,2026-09-18T08:00:00-04:00,pre-market,368.33,368.6,367.0,367.2311,0,0.0,0.0,False
TSLA,2026-09-18T08:30:00-04:00,pre-market,367.2,367.8702,367.01,367.482,0,0.0,0.0,False
TSLA,2026-09-18T09:00:00-04:00,pre-market,367.5155,369.7,366.66,369.27,0,0.0,0.0,False
TSLA,2026-09-18T09:30:00-04:00,regular market,369.2799987792969,370.8999938964844,365.4200134277344,365.6400146484375,8882260,0.0,0.0,True
TSLA,2026-09-18T10:00:00-04:00,regular market,365.6000061035156,366.1000061035156,360.7510070800781,365.10919189453125,5258154,0.0,0.0,True
TSLA,2026-09-18T10:30:00-04:00,regular market,365.0784912109375,368.7699890136719,363.6499938964844,367.7049865722656,4499679,0.0,0.0,True
TSLA,2026-09-18T11:00:00-04:00,regular market,367.7049865722656,368.760009765625,362.7799987792969,363.17999267578125,3720526,0.0,0.0,True
TSLA,2026-09-18T11:30:00-04:00,regular market,363.19989013671875,363.3299865722656,361.6600036621094,363.0244140625,2956037,0.0,0.0,True
TSLA,2026-09-18T12:00:00-04:00,regular market,363.0400085449219,363.260009765625,361.48199462890625,362.7200012207031,1659904,0.0,0.0,True
TSLA,2026-09-18T12:30:00-04:00,regular market,362.7200012207031,363.4599914550781,362.30010986328125,362.9800109863281,2435706,0.0,0.0,True
TSLA,2026-09-18T13:00:00-04:00,regular market,362.9100036621094,363.08050537109375,362.25,362.7749938964844,1210550,0.0,0.0,True
TSLA,2026-09-18T13:30:00-04:00,regular market,362.7900085449219,363.9739990234375,362.32000732421875,363.7149963378906,1290790,0.0,0.0,True
TSLA,2026-09-18T14:00:00-04:00,regular market,363.7149963378906,364.0799865722656,362.340087890625,363.67999267578125,1347548,0.0,0.0,True
TSLA,2026-09-18T14:30:00-04:00,regular market,363.69000244140625,364.1000061035156,362.75,364.0,1342741,0.0,0.0,True
TSLA,2026-09-18T15:00:00-04:00,regular market,364.010009765625,364.9800109863281,363.4017028808594,363.67999267578125,2142939,0.0,0.0,True
TSLA,2026-09-18T15:30:00-04:00,regular market,363.6499938964844,365.80999755859375,361.6003112792969,364.2300109863281,4682762,0.0,0.0,True
TSLA,2026-09-18T16:00:00-04:00,after hours,364.22,364.7,363.8,364.15,0,0.0,0.0,False
TSLA,2026-09-18T16:30:00-04:00,after hours,364.07,365.5226,338.6973,364.1626,0,0.0,0.0,False
TSLA,2026-09-18T17:00:00-04:00,after hours,364.2,384.9509,338.6973,364.26,0,0.0,0.0,False
TSLA,2026-09-18T17:30:00-04:00,after hours,364.2541,364.3,364.13,364.19,0,0.0,0.0,False
TSLA,2026-09-18T18:00:00-04:00,after hours,364.181,364.27,363.75,363.8396,0,0.0,0.0,False
TSLA,2026-09-18T18:30:00-04:00,after hours,363.8475,364.0,363.66,363.69,0,0.0,0.0,False
TSLA,2026-09-18T19:00:00-04:00,after hours,363.6872,364.17,363.68,364.04,0,0.0,0.0,False
TSLA,2026-09-18T19:30:00-04:00,after hours,364.07,364.19,363.8485,364.18,0,0.0,0.0,False
TSLA,2026-09-21T04:00:00-04:00,pre-market,368.24,369.5955,366.25,369.3372,0,0.0,0.0,False
TSLA,2026-09-21T04:30:00-04:00,pre-market,369.26,369.69,369.11,369.61,0,0.0,0.0,False
TSLA,2026-09-21T05:00:00-04:00,pre-market,369.656,370.35,369.5,370.3,0,0.0,0.0,False
TSLA,2026-09-21T05:30:00-04:00,pre-market,370.32,370.44,369.5,369.85,0,0.0,0.0,False
TSLA,2026-09-21T06:00:00-04:00,pre-market,369.85,370.23,369.65,369.654,0,0.0,0.0,False
TSLA,2026-09-21T06:30:00-04:00,pre-market,369.65,369.84,369.1,369.2,0,0.0,0.0,False
TSLA,2026-09-21T07:00:00-04:00,pre-market,369.14,369.391,364.27,369.17,0,0.0,0.0,False
TSLA,2026-09-21T07:30:00-04:00,pre-market,369.2,369.95,369.0,369.91,0,0.0,0.0,False
TSLA,2026-09-21T08:00:00-04:00,pre-market,369.914,370.1,369.11,369.32,0,0.0,0.0,False
TSLA,2026-09-21T08:30:00-04:00,pre-market,369.4,369.69,369.04,369.3247,0,0.0,0.0,False
TSLA,2026-09-21T09:00:00-04:00,pre-market,369.3475,372.25,369.15,371.59,0,0.0,0.0,False
TSLA,2026-09-21T09:30:00-04:00,regular market,371.6400146484375,378.1499938964844,371.1099853515625,376.19500732421875,9540317,0.0,0.0,True
TSLA,2026-09-21T10:00:00-04:00,regular market,376.17999267578125,377.69000244140625,374.010009765625,377.4150085449219,3121894,0.0,0.0,True
TSLA,2026-09-21T10:30:00-04:00,regular market,377.4180908203125,378.3599853515625,373.8500061035156,376.1600036621094,3559098,0.0,0.0,True
TSLA,2026-09-21T11:00:00-04:00,regular market,376.289794921875,376.29998779296875,374.4599914550781,374.7349853515625,1743436,0.0,0.0,True
TSLA,2026-09-21T11:30:00-04:00,regular market,374.7349853515625,375.54998779296875,373.94000244140625,375.2200012207031,1723875,0.0,0.0,True
TSLA,2026-09-21T12:00:00-04:00,regular market,375.2149963378906,375.5,374.1199951171875,374.9200134277344,1306160,0.0,0.0,True
TSLA,2026-09-21T12:30:00-04:00,regular market,374.8500061035156,375.2900085449219,373.3999938964844,374.0299987792969,1558766,0.0,0.0,True
TSLA,2026-09-21T13:00:00-04:00,regular market,373.9718017578125,374.0400085449219,372.6549987792969,373.2200012207031,1265529,0.0,0.0,True
TSLA,2026-09-21T13:30:00-04:00,regular market,373.2349853515625,374.3500061035156,372.8999938964844,373.54998779296875,1236900,0.0,0.0,True
TSLA,2026-09-21T14:00:00-04:00,regular market,373.55499267578125,375.04998779296875,373.55010986328125,374.4100036621094,1360259,0.0,0.0,True
TSLA,2026-09-21T14:30:00-04:00,regular market,374.4750061035156,376.2300109863281,373.8699951171875,375.8399963378906,1605241,0.0,0.0,True
TSLA,2026-09-21T15:00:00-04:00,regular market,375.8450012207031,375.95001220703125,375.05999755859375,375.33380126953125,1265767,0.0,0.0,True
TSLA,2026-09-21T15:30:00-04:00,regular market,375.29998779296875,376.5799865722656,373.3999938964844,375.32000732421875,3578746,0.0,0.0,True
TSLA,2026-09-21T16:00:00-04:00,after hours,375.3,376.0,374.7,375.21,0,0.0,0.0,False
TSLA,2026-09-21T16:30:00-04:00,after hours,375.08,375.3,367.3895,374.97,0,0.0,0.0,False
TSLA,2026-09-21T17:00:00-04:00,after hours,374.9971,375.3,367.3895,374.99,0,0.0,0.0,False
TSLA,2026-09-21T17:30:00-04:00,after hours,374.98,382.39,374.91,374.9534,0,0.0,0.0,False
TSLA,2026-09-21T18:00:00-04:00,after hours,374.95,375.2099,374.95,374.9562,0,0.0,0.0,False
TSLA,2026-09-21T18:30:00-04:00,after hours,374.951,375.3,374.76,374.862,0,0.0,0.0,False
TSLA,2026-09-21T19:00:00-04:00,after hours,374.88,375.6585,374.84,375.503,0,0.0,0.0,False
TSLA,2026-09-21T19:30:00-04:00,after hours,375.5017,375.6,375.28,375.28,0,0.0,0.0,False
TSLA,2026-09-22T04:00:00-04:00,pre-market,376.09,378.154,374.15,374.3498,0,0.0,0.0,False
TSLA,2026-09-22T04:30:00-04:00,pre-market,374.2245,376.8,374.11,376.4612,0,0.0,0.0,False
TSLA,2026-09-22T05:00:00-04:00,pre-market,376.595,376.71,376.0,376.58,0,0.0,0.0,False
TSLA,2026-09-22T05:30:00-04:00,pre-market,376.37,377.98,376.25,377.92,0,0.0,0.0,False
TSLA,2026-09-22T06:00:00-04:00,pre-market,377.92,378.66,377.5,377.8,0,0.0,0.0,False
TSLA,2026-09-22T06:30:00-04:00,pre-market,377.85,378.18,377.3,377.86,0,0.0,0.0,False
TSLA,2026-09-22T07:00:00-04:00,pre-market,377.79,378.75,377.69,377.79,0,0.0,0.0,False
TSLA,2026-09-22T07:30:00-04:00,pre-market,377.85,378.6,377.61,377.83,0,0.0,0.0,False
TSLA,2026-09-22T08:00:00-04:00,pre-market,377.766,378.01,376.72,377.37,0,0.0,0.0,False
TSLA,2026-09-22T08:30:00-04:00,pre-market,377.34,445.27,364.2,377.6622,0,0.0,0.0,False
TSLA,2026-09-22T09:00:00-04:00,pre-market,377.7955,379.9,377.6245,379.01,0,0.0,0.0,False
TSLA,2026-09-22T09:30:00-04:00,regular market,379.0690002441406,379.25,372.8800048828125,375.57501220703125,6192839,0.0,0.0,True
TSLA,2026-09-22T10:00:00-04:00,regular market,375.6499938964844,378.7799987792969,375.4601135253906,378.1698913574219,2949958,0.0,0.0,True
TSLA,2026-09-22T10:30:00-04:00,regular market,378.114990234375,378.6499938964844,376.010009765625,376.239990234375,1903565,0.0,0.0,True
TSLA,2026-09-22T11:00:00-04:00,regular market,376.2300109863281,377.0199890136719,375.70001220703125,376.80499267578125,1470097,0.0,0.0,True
TSLA,2026-09-22T11:30:00-04:00,regular market,376.7550048828125,377.07000732421875,375.45001220703125,377.005615234375,1289109,0.0,0.0,True
TSLA,2026-09-22T12:00:00-04:00,regular market,376.989990234375,377.29998779296875,376.07000732421875,376.9049987792969,1207839,0.0,0.0,True
TSLA,2026-09-22T12:30:00-04:00,regular market,376.9049987792969,378.80999755859375,376.7300109863281,378.5350036621094,1451328,0.0,0.0,True
TSLA,2026-09-22T13:00:00-04:00,regular market,378.5400085449219,379.4599914550781,377.95001220703125,378.3949890136719,1273525,0.0,0.0,True
TSLA,2026-09-22T13:30:00-04:00,regular market,378.4100036621094,379.5,377.6600036621094,379.3399963378906,1108317,0.0,0.0,True
TSLA,2026-09-22T14:00:00-04:00,regular market,379.3550109863281,379.8999938964844,378.32501220703125,379.0799865722656,1416579,0.0,0.0,True
TSLA,2026-09-22T14:30:00-04:00,regular market,379.0799865722656,379.82000732421875,378.69000244140625,379.7268981933594,1150061,0.0,0.0,True
TSLA,2026-09-22T15:00:00-04:00,regular market,379.75,380.0,379.0,379.25,1540605,0.0,0.0,True
TSLA,2026-09-22T15:30:00-04:00,regular market,379.2099914550781,380.4175109863281,378.7300109863281,378.8599853515625,2707854,0.0,0.0,True
TSLA,2026-09-22T16:00:00-04:00,after hours,378.87,379.55,378.22,378.3351,0,0.0,0.0,False
TSLA,2026-09-22T16:30:00-04:00,after hours,378.3002,402.1421,359.0185,378.385,0,0.0,0.0,False
TSLA,2026-09-22T17:00:00-04:00,after hours,378.4229,400.748,359.0185,378.7,0,0.0,0.0,False
TSLA,2026-09-22T17:30:00-04:00,after hours,378.6821,378.9,378.55,378.57,0,0.0,0.0,False
TSLA,2026-09-22T18:00:00-04:00,after hours,378.58,378.7,378.35,378.69,0,0.0,0.0,False
TSLA,2026-09-22T18:30:00-04:00,after hours,378.6,378.7,378.5,378.68,0,0.0,0.0,False
TSLA,2026-09-22T19:00:00-04:00,after hours,378.68,379.15,378.61,379.0,0,0.0,0.0,False
TSLA,2026-09-22T19:30:00-04:00,after hours,379.1074,379.15,378.93,379.14,0,0.0,0.0,False
TSLA,2026-09-23T04:00:00-04:00,pre-market,379.5,381.07,378.58,380.1988,0,0.0,0.0,False
TSLA,2026-09-23T04:30:00-04:00,pre-market,380.58,380.88,379.2075,379.5874,0,0.0,0.0,False
TSLA,2026-09-23T05:00:00-04:00,pre-market,379.5975,379.9,379.5022,379.74,0,0.0,0.0,False
TSLA,2026-09-23T05:30:00-04:00,pre-market,379.8,379.89,379.5,379.6,0,0.0,0.0,False
TSLA,2026-09-23T06:00:00-04:00,pre-market,379.87,380.48,379.5,380.15,0,0.0,0.0,False
TSLA,2026-09-23T06:30:00-04:00,pre-market,380.15,380.32,379.8,380.08,0,0.0,0.0,False
TSLA,2026-09-23T07:00:00-04:00,pre-market,380.06,380.29,378.78,378.8,0,0.0,0.0,False
TSLA,2026-09-23T07:30:00-04:00,pre-market,378.84,378.8852,377.78,378.0,0,0.0,0.0,False
TSLA,2026-09-23T08:00:00-04:00,pre-market,377.9,378.9,377.7057,378.0488,0,0.0,0.0,False
TSLA,2026-09-23T08:30:00-04:00,pre-market,377.9814,378.55,377.44,377.9201,0,0.0,0.0,False
TSLA,2026-09-23T09:00:00-04:00,pre-market,377.96,380.59,377.64,380.05,0,0.0,0.0,False
TSLA,2026-09-23T09:30:00-04:00,regular market,379.93499755859375,385.8699951171875,378.7799987792969,385.1080017089844,7730894,0.0,0.0,True
TSLA,2026-09-23T10:00:00-04:00,regular market,385.0899963378906,386.70001220703125,379.6499938964844,379.7442932128906,5493018,0.0,0.0,True
TSLA,2026-09-23T10:30:00-04:00,regular market,379.7650146484375,381.69000244140625,378.55999755859375,381.1899108886719,2882009,0.0,0.0,True
TSLA,2026-09-23T11:00:00-04:00,regular market,381.1814880371094,381.79998779296875,379.6099853515625,380.5150146484375,1960425,0.0,0.0,True
TSLA,2026-09-23T11:30:00-04:00,regular market,380.5150146484375,381.19000244140625,380.0801086425781,380.3999938964844,1248565,0.0,0.0,True
TSLA,2026-09-23T12:00:00-04:00,regular market,380.3500061035156,380.92999267578125,379.32000732421875,379.4549865722656,1038104,0.0,0.0,True
TSLA,2026-09-23T12:30:00-04:00,regular market,379.44000244140625,380.4849853515625,378.42999267578125,378.5799865722656,1256819,0.0,0.0,True
TSLA,2026-09-23T13:00:00-04:00,regular market,378.57000732421875,379.489990234375,377.57501220703125,378.7650146484375,1438720,0.0,0.0,True
TSLA,2026-09-23T13:30:00-04:00,regular market,378.7650146484375,380.14990234375,378.25,379.70001220703125,1413277,0.0,0.0,True
TSLA,2026-09-23T14:00:00-04:00,regular market,379.70001220703125,380.3900146484375,379.3900146484375,379.9100036621094,1076262,0.0,0.0,True
TSLA,2026-09-23T14:30:00-04:00,regular market,379.8299865722656,380.49951171875,378.90008544921875,379.760009765625,1100300,0.0,0.0,True
TSLA,2026-09-23T15:00:00-04:00,regular market,379.7204895019531,380.45001220703125,379.375,379.8800048828125,1086589,0.0,0.0,True
TSLA,2026-09-23T15:30:00-04:00,regular market,379.8800048828125,380.4200134277344,379.05010986328125,380.239990234375,2208063,0.0,0.0,True
TSLA,2026-09-23T16:00:00-04:00,after hours,380.195,380.5203,379.9,379.94,0,0.0,0.0,False
TSLA,2026-09-23T16:30:00-04:00,after hours,379.95,380.14,354.1142,379.9899,0,0.0,0.0,False
TSLA,2026-09-23T17:00:00-04:00,after hours,379.93,380.1189,354.1142,380.0,0,0.0,0.0,False
TSLA,2026-09-23T17:30:00-04:00,after hours,379.91,379.96,379.53,379.78,0,0.0,0.0,False
TSLA,2026-09-23T18:00:00-04:00,after hours,379.79,380.22,379.78,380.13,0,0.0,0.0,False
TSLA,2026-09-23T18:30:00-04:00,after hours,380.13,380.23,380.0201,380.05,0,0.0,0.0,False
TSLA,2026-09-23T19:00:00-04:00,after hours,380.1,380.17,379.85,380.17,0,0.0,0.0,False
TSLA,2026-09-23T19:30:00-04:00,after hours,380.1508,380.41,380.01,380.1339,0,0.0,0.0,False
TSLA,2026-09-24T04:00:00-04:00,pre-market,379.2842,382.08,376.52,376.7196,0,0.0,0.0,False
TSLA,2026-09-24T04:30:00-04:00,pre-market,376.7,377.37,375.25,375.83,0,0.0,0.0,False
TSLA,2026-09-24T05:00:00-04:00,pre-market,375.97,376.8,375.8,376.48,0,0.0,0.0,False
TSLA,2026-09-24T05:30:00-04:00,pre-market,376.48,376.5,374.39,375.61,0,0.0,0.0,False
TSLA,2026-09-24T06:00:00-04:00,pre-market,375.61,376.5,375.11,375.78,0,0.0,0.0,False
TSLA,2026-09-24T06:30:00-04:00,pre-market,375.94,377.04,375.57,376.3506,0,0.0,0.0,False
TSLA,2026-09-24T07:00:00-04:00,pre-market,376.8,380.12,376.3,376.8311,0,0.0,0.0,False
TSLA,2026-09-24T07:30:00-04:00,pre-market,376.85,377.25,376.0001,376.9214,0,0.0,0.0,False
TSLA,2026-09-24T08:00:00-04:00,pre-market,376.96,377.48,376.11,376.6,0,0.0,0.0,False
TSLA,2026-09-24T08:30:00-04:00,pre-market,376.62,376.99,376.0,376.6878,0,0.0,0.0,False
TSLA,2026-09-24T09:00:00-04:00,pre-market,376.9227,377.99,376.0001,377.48,0,0.0,0.0,False
TSLA,2026-09-24T09:30:00-04:00,regular market,376.8599853515625,379.20001220703125,376.3599853515625,377.94000244140625,3332747,0.0,0.0,True
UEC,2026-09-18T04:00:00-04:00,pre-market,10.2,10.27,10.17,10.22,0,0.0,0.0,False
UEC,2026-09-18T04:30:00-04:00,pre-market,10.22,10.249,10.21,10.211,0,0.0,0.0,False
UEC,2026-09-18T05:00:00-04:00,pre-market,10.23,10.25,10.21,10.21,0,0.0,0.0,False
UEC,2026-09-18T05:30:00-04:00,pre-market,10.21,10.21,10.21,10.21,0,0.0,0.0,False
UEC,2026-09-18T06:00:00-04:00,pre-market,10.21,10.25,10.21,10.21,0,0.0,0.0,False
UEC,2026-09-18T06:30:00-04:00,pre-market,10.21,10.3075,10.21,10.3075,0,0.0,0.0,False
UEC,2026-09-18T07:00:00-04:00,pre-market,10.2112,10.3177,10.21,10.31,0,0.0,0.0,False
UEC,2026-09-18T07:30:00-04:00,pre-market,10.32,10.39,10.2709,10.3491,0,0.0,0.0,False
UEC,2026-09-18T08:00:00-04:00,pre-market,10.3462,10.39,10.31,10.32,0,0.0,0.0,False
UEC,2026-09-18T08:30:00-04:00,pre-market,10.37,10.37,10.12,10.29,0,0.0,0.0,False
UEC,2026-09-18T09:00:00-04:00,pre-market,10.27,10.33,10.27,10.32,0,0.0,0.0,False
UEC,2026-09-18T09:30:00-04:00,regular market,10.319999694824219,10.369999885559082,9.975000381469727,9.989999771118164,1221214,0.0,0.0,True
UEC,2026-09-18T10:00:00-04:00,regular market,9.989999771118164,10.005999565124512,9.869999885559082,9.930000305175781,756356,0.0,0.0,True
UEC,2026-09-18T10:30:00-04:00,regular market,9.930000305175781,10.0,9.90999984741211,9.949999809265137,380141,0.0,0.0,True
UEC,2026-09-18T11:00:00-04:00,regular market,9.949999809265137,9.960000038146973,9.899999618530273,9.954999923706055,383024,0.0,0.0,True
UEC,2026-09-18T11:30:00-04:00,regular market,9.954999923706055,10.059100151062012,9.949999809265137,10.039999961853027,373795,0.0,0.0,True
UEC,2026-09-18T12:00:00-04:00,regular market,10.045000076293945,10.050000190734863,9.984999656677246,10.039999961853027,248873,0.0,0.0,True
UEC,2026-09-18T12:30:00-04:00,regular market,10.039999961853027,10.074999809265137,10.010000228881836,10.015000343322754,230506,0.0,0.0,True
UEC,2026-09-18T13:00:00-04:00,regular market,10.010000228881836,10.010000228881836,9.9399995803833,9.975000381469727,361745,0.0,0.0,True
UEC,2026-09-18T13:30:00-04:00,regular market,9.975000381469727,10.150099754333496,9.880000114440918,9.885000228881836,942620,0.0,0.0,True
UEC,2026-09-18T14:00:00-04:00,regular market,9.883500099182129,9.883500099182129,9.760000228881836,9.8149995803833,673462,0.0,0.0,True
UEC,2026-09-18T14:30:00-04:00,regular market,9.8149995803833,9.880000114440918,9.791000366210938,9.819999694824219,286481,0.0,0.0,True
UEC,2026-09-18T15:00:00-04:00,regular market,9.8149995803833,9.8149995803833,9.640000343322754,9.664999961853027,1006893,0.0,0.0,True
UEC,2026-09-18T15:30:00-04:00,regular market,9.664999961853027,9.819999694824219,9.600000381469727,9.78499984741211,3481417,0.0,0.0,True
UEC,2026-09-18T16:00:00-04:00,after hours,9.81,9.85,9.77,9.84,0,0.0,0.0,False
UEC,2026-09-18T16:30:00-04:00,after hours,9.84,9.84,9.81,9.82,0,0.0,0.0,False
UEC,2026-09-18T17:00:00-04:00,after hours,9.8393,9.86,9.81,9.84,0,0.0,0.0,False
UEC,2026-09-18T17:30:00-04:00,after hours,9.83,9.85,9.82,9.85,0,0.0,0.0,False
UEC,2026-09-18T18:00:00-04:00,after hours,9.85,9.85,9.82,9.85,0,0.0,0.0,False
UEC,2026-09-18T18:30:00-04:00,after hours,9.84,9.85,9.82,9.845,0,0.0,0.0,False
UEC,2026-09-18T19:00:00-04:00,after hours,9.8478,9.86,9.83,9.86,0,0.0,0.0,False
UEC,2026-09-18T19:30:00-04:00,after hours,9.8585,9.86,9.84,9.86,0,0.0,0.0,False
UEC,2026-09-21T04:00:00-04:00,pre-market,10.0,10.06,9.87,10.06,0,0.0,0.0,False
UEC,2026-09-21T04:30:00-04:00,pre-market,10.06,10.06,10.05,10.05,0,0.0,0.0,False
UEC,2026-09-21T05:00:00-04:00,pre-market,10.075,10.08,10.075,10.08,0,0.0,0.0,False
UEC,2026-09-21T05:30:00-04:00,pre-market,10.09,10.15,10.09,10.11,0,0.0,0.0,False
UEC,2026-09-21T06:00:00-04:00,pre-market,10.1,10.1227,10.1,10.1227,0,0.0,0.0,False
UEC,2026-09-21T06:30:00-04:00,pre-market,10.12,10.12,10.075,10.075,0,0.0,0.0,False
UEC,2026-09-21T07:00:00-04:00,pre-market,10.07,10.08,10.0,10.03,0,0.0,0.0,False
UEC,2026-09-21T07:30:00-04:00,pre-market,10.08,10.08,10.01,10.0694,0,0.0,0.0,False
UEC,2026-09-21T08:00:00-04:00,pre-market,10.0699,10.08,10.03,10.05,0,0.0,0.0,False
UEC,2026-09-21T08:30:00-04:00,pre-market,10.0377,10.1,10.0377,10.065,0,0.0,0.0,False
UEC,2026-09-21T09:00:00-04:00,pre-market,10.08,10.14,10.06,10.06,0,0.0,0.0,False
UEC,2026-09-21T09:30:00-04:00,regular market,10.119999885559082,10.350000381469727,10.069999694824219,10.104999542236328,1257131,0.0,0.0,True
UEC,2026-09-21T10:00:00-04:00,regular market,10.104999542236328,10.104999542236328,9.989999771118164,10.0600004196167,624526,0.0,0.0,True
UEC,2026-09-21T10:30:00-04:00,regular market,10.0600004196167,10.069999694824219,10.0,10.055000305175781,631724,0.0,0.0,True
UEC,2026-09-21T11:00:00-04:00,regular market,10.055000305175781,10.135000228881836,10.050000190734863,10.085000038146973,485464,0.0,0.0,True
UEC,2026-09-21T11:30:00-04:00,regular market,10.085000038146973,10.130000114440918,10.020500183105469,10.095000267028809,375731,0.0,0.0,True
UEC,2026-09-21T12:00:00-04:00,regular market,10.09000015258789,10.109999656677246,10.0600004196167,10.104999542236328,470929,0.0,0.0,True
UEC,2026-09-21T12:30:00-04:00,regular market,10.104999542236328,10.119999885559082,10.0649995803833,10.074999809265137,201833,0.0,0.0,True
UEC,2026-09-21T13:00:00-04:00,regular market,10.074999809265137,10.125,10.069999694824219,10.104999542236328,231238,0.0,0.0,True
UEC,2026-09-21T13:30:00-04:00,regular market,10.100000381469727,10.100000381469727,10.050000190734863,10.085000038146973,289220,0.0,0.0,True
UEC,2026-09-21T14:00:00-04:00,regular market,10.085000038146973,10.104999542236328,10.039999961853027,10.045000076293945,426137,0.0,0.0,True
UEC,2026-09-21T14:30:00-04:00,regular market,10.045000076293945,10.085000038146973,10.029999732971191,10.069999694824219,354610,0.0,0.0,True
UEC,2026-09-21T15:00:00-04:00,regular market,10.0649995803833,10.109999656677246,10.055000305175781,10.085000038146973,568119,0.0,0.0,True
UEC,2026-09-21T15:30:00-04:00,regular market,10.085000038146973,10.234999656677246,10.050000190734863,10.100000381469727,1654668,0.0,0.0,True
UEC,2026-09-21T16:00:00-04:00,after hours,10.1,10.13,10.08,10.11,0,0.0,0.0,False
UEC,2026-09-21T16:30:00-04:00,after hours,10.14,10.14,10.08,10.1309,0,0.0,0.0,False
UEC,2026-09-21T17:00:00-04:00,after hours,10.1103,10.14,10.11,10.14,0,0.0,0.0,False
UEC,2026-09-21T17:30:00-04:00,after hours,10.16,10.16,10.16,10.16,0,0.0,0.0,False
UEC,2026-09-21T18:00:00-04:00,after hours,10.14,10.15,10.11,10.11,0,0.0,0.0,False
UEC,2026-09-21T18:30:00-04:00,after hours,10.16,10.26,10.13,10.16,0,0.0,0.0,False
UEC,2026-09-21T19:00:00-04:00,after hours,10.2,10.2,10.2,10.2,0,0.0,0.0,False
UEC,2026-09-21T19:30:00-04:00,after hours,10.15,10.17,10.15,10.17,0,0.0,0.0,False
UEC,2026-09-22T04:00:00-04:00,pre-market,10.1,10.14,10.0,10.0,0,0.0,0.0,False
UEC,2026-09-22T04:30:00-04:00,pre-market,10.083,10.083,10.083,10.083,0,0.0,0.0,False
UEC,2026-09-22T05:00:00-04:00,pre-market,10.03,10.08,10.0,10.08,0,0.0,0.0,False
UEC,2026-09-22T05:30:00-04:00,pre-market,10.08,10.13,9.9966,10.13,0,0.0,0.0,False
UEC,2026-09-22T06:00:00-04:00,pre-market,10.12,10.12,10.12,10.12,0,0.0,0.0,False
UEC,2026-09-22T06:30:00-04:00,pre-market,10.14,10.14,10.14,10.14,0,0.0,0.0,False
UEC,2026-09-22T07:00:00-04:00,pre-market,10.2,10.21,10.13,10.13,0,0.0,0.0,False
UEC,2026-09-22T07:30:00-04:00,pre-market,10.13,10.1799,10.13,10.14,0,0.0,0.0,False
UEC,2026-09-22T08:00:00-04:00,pre-market,10.16,10.17,10.16,10.17,0,0.0,0.0,False
UEC,2026-09-22T08:30:00-04:00,pre-market,10.145,10.25,10.145,10.16,0,0.0,0.0,False
UEC,2026-09-22T09:00:00-04:00,pre-market,10.25,10.25,10.2,10.2,0,0.0,0.0,False
UEC,2026-09-22T09:30:00-04:00,regular market,10.239999771118164,10.25,9.970000267028809,10.020000457763672,719635,0.0,0.0,True
UEC,2026-09-22T10:00:00-04:00,regular market,10.020000457763672,10.050000190734863,9.925000190734863,9.9350004196167,907891,0.0,0.0,True
UEC,2026-09-22T10:30:00-04:00,regular market,9.939900398254395,10.069999694824219,9.895000457763672,10.0649995803833,429546,0.0,0.0,True
UEC,2026-09-22T11:00:00-04:00,regular market,10.0600004196167,10.265000343322754,10.045000076293945,10.260000228881836,433733,0.0,0.0,True
UEC,2026-09-22T11:30:00-04:00,regular market,10.265000343322754,10.265000343322754,10.170000076293945,10.220000267028809,321728,0.0,0.0,True
UEC,2026-09-22T12:00:00-04:00,regular market,10.220000267028809,10.239999771118164,10.164999961853027,10.180000305175781,323984,0.0,0.0,True
UEC,2026-09-22T12:30:00-04:00,regular market,10.175000190734863,10.279999732971191,10.175000190734863,10.234999656677246,381618,0.0,0.0,True
UEC,2026-09-22T13:00:00-04:00,regular market,10.234999656677246,10.260000228881836,10.210000038146973,10.25,298790,0.0,0.0,True
UEC,2026-09-22T13:30:00-04:00,regular market,10.244999885559082,10.369999885559082,10.194999694824219,10.350000381469727,402468,0.0,0.0,True
UEC,2026-09-22T14:00:00-04:00,regular market,10.354999542236328,10.364999771118164,10.289999961853027,10.305000305175781,346087,0.0,0.0,True
UEC,2026-09-22T14:30:00-04:00,regular market,10.300000190734863,10.354999542236328,10.270000457763672,10.354999542236328,428336,0.0,0.0,True
UEC,2026-09-22T15:00:00-04:00,regular market,10.350000381469727,10.380000114440918,10.34000015258789,10.345399856567383,580102,0.0,0.0,True
UEC,2026-09-22T15:30:00-04:00,regular market,10.345000267028809,10.430000305175781,10.319999694824219,10.329999923706055,1729635,0.0,0.0,True
UEC,2026-09-22T16:00:00-04:00,after hours,10.33,10.46,10.2422,10.4,0,0.0,0.0,False
UEC,2026-09-22T16:30:00-04:00,after hours,10.34,10.36,10.33,10.36,0,0.0,0.0,False
UEC,2026-09-22T17:00:00-04:00,after hours,10.34,10.38,10.34,10.3411,0,0.0,0.0,False
UEC,2026-09-22T17:30:00-04:00,after hours,10.4,10.4,10.34,10.36,0,0.0,0.0,False
UEC,2026-09-22T18:00:00-04:00,after hours,10.39,10.39,10.385,10.3893,0,0.0,0.0,False
UEC,2026-09-22T18:30:00-04:00,after hours,10.37,10.3899,10.33,10.35,0,0.0,0.0,False
UEC,2026-09-22T19:00:00-04:00,after hours,10.39,10.39,10.36,10.36,0,0.0,0.0,False
UEC,2026-09-22T19:30:00-04:00,after hours,10.33,10.36,10.33,10.33,0,0.0,0.0,False
UEC,2026-09-23T04:00:00-04:00,pre-market,10.33,10.37,10.27,10.27,0,0.0,0.0,False
UEC,2026-09-23T04:30:00-04:00,pre-market,10.39,10.39,10.33,10.33,0,0.0,0.0,False
UEC,2026-09-23T05:00:00-04:00,pre-market,10.29,10.29,10.29,10.29,0,0.0,0.0,False
UEC,2026-09-23T05:30:00-04:00,pre-market,10.3,10.3,10.3,10.3,0,0.0,0.0,False
UEC,2026-09-23T06:00:00-04:00,pre-market,10.3,10.36,10.3,10.35,0,0.0,0.0,False
UEC,2026-09-23T07:00:00-04:00,pre-market,10.35,10.35,10.27,10.33,0,0.0,0.0,False
UEC,2026-09-23T07:30:00-04:00,pre-market,10.29,10.29,10.24,10.24,0,0.0,0.0,False
UEC,2026-09-23T08:00:00-04:00,pre-market,10.24,10.27,10.1822,10.27,0,0.0,0.0,False
UEC,2026-09-23T08:30:00-04:00,pre-market,10.22,10.32,10.21,10.21,0,0.0,0.0,False
UEC,2026-09-23T09:00:00-04:00,pre-market,10.32,10.32,10.21,10.21,0,0.0,0.0,False
UEC,2026-09-23T09:30:00-04:00,regular market,10.170000076293945,10.1899995803833,9.864999771118164,9.944999694824219,897258,0.0,0.0,True
UEC,2026-09-23T10:00:00-04:00,regular market,9.944999694824219,10.0,9.869999885559082,9.899999618530273,551435,0.0,0.0,True
UEC,2026-09-23T10:30:00-04:00,regular market,9.904999732971191,9.984999656677246,9.880000114440918,9.984999656677246,435262,0.0,0.0,True
UEC,2026-09-23T11:00:00-04:00,regular market,9.979999542236328,10.085000038146973,9.953499794006348,10.045000076293945,412632,0.0,0.0,True
UEC,2026-09-23T11:30:00-04:00,regular market,10.045000076293945,10.0649995803833,9.979999542236328,10.005000114440918,444081,0.0,0.0,True
UEC,2026-09-23T12:00:00-04:00,regular market,10.005000114440918,10.024999618530273,9.979999542236328,10.005000114440918,290803,0.0,0.0,True
UEC,2026-09-23T12:30:00-04:00,regular market,10.0,10.01990032196045,9.970000267028809,9.979999542236328,347774,0.0,0.0,True
UEC,2026-09-23T13:00:00-04:00,regular market,9.975000381469727,10.00790023803711,9.944999694824219,9.984999656677246,226513,0.0,0.0,True
UEC,2026-09-23T13:30:00-04:00,regular market,9.989999771118164,10.020000457763672,9.954999923706055,10.005000114440918,282802,0.0,0.0,True
UEC,2026-09-23T14:00:00-04:00,regular market,10.009900093078613,10.039999961853027,10.0,10.010000228881836,207239,0.0,0.0,True
UEC,2026-09-23T14:30:00-04:00,regular market,10.0,10.010000228881836,9.984999656677246,10.0,201531,0.0,0.0,True
UEC,2026-09-23T15:00:00-04:00,regular market,10.005000114440918,10.008199691772461,9.970000267028809,9.989999771118164,324566,0.0,0.0,True
UEC,2026-09-23T15:30:00-04:00,regular market,9.994999885559082,10.0,9.930000305175781,9.944999694824219,941090,0.0,0.0,True
UEC,2026-09-23T16:00:00-04:00,after hours,9.95,9.99,9.91,9.98,0,0.0,0.0,False
UEC,2026-09-23T16:30:00-04:00,after hours,9.97,10.0,9.95,9.98,0,0.0,0.0,False
UEC,2026-09-23T17:00:00-04:00,after hours,9.95,9.95,9.95,9.95,0,0.0,0.0,False
UEC,2026-09-23T17:30:00-04:00,after hours,9.9922,10.0,9.9922,10.0,0,0.0,0.0,False
UEC,2026-09-23T18:00:00-04:00,after hours,9.97,9.97,9.97,9.97,0,0.0,0.0,False
UEC,2026-09-23T18:30:00-04:00,after hours,9.98,10.0,9.98,10.0,0,0.0,0.0,False
UEC,2026-09-23T19:00:00-04:00,after hours,9.9805,10.0,9.98,9.99,0,0.0,0.0,False
UEC,2026-09-24T04:00:00-04:00,pre-market,9.8819,9.94,9.87,9.87,0,0.0,0.0,False
UEC,2026-09-24T04:30:00-04:00,pre-market,9.86,9.86,9.82,9.8284,0,0.0,0.0,False
UEC,2026-09-24T05:00:00-04:00,pre-market,9.83,9.83,9.82,9.82,0,0.0,0.0,False
UEC,2026-09-24T05:30:00-04:00,pre-market,9.84,9.87,9.82,9.84,0,0.0,0.0,False
UEC,2026-09-24T06:00:00-04:00,pre-market,9.84,9.86,9.82,9.82,0,0.0,0.0,False
UEC,2026-09-24T06:30:00-04:00,pre-market,9.82,9.82,9.8187,9.8187,0,0.0,0.0,False
UEC,2026-09-24T07:00:00-04:00,pre-market,9.87,9.9093,9.85,9.85,0,0.0,0.0,False
UEC,2026-09-24T07:30:00-04:00,pre-market,9.85,9.91,9.85,9.88,0,0.0,0.0,False
UEC,2026-09-24T08:00:00-04:00,pre-market,9.86,9.89,9.84,9.87,0,0.0,0.0,False
UEC,2026-09-24T08:30:00-04:00,pre-market,9.87,9.89,9.82,9.87,0,0.0,0.0,False
UEC,2026-09-24T09:00:00-04:00,pre-market,9.86,9.88,9.82,9.82,0,0.0,0.0,False
UEC,2026-09-24T09:30:00-04:00,regular market,9.850000381469727,9.869999885559082,9.59000015258789,9.59000015258789,589739,0.0,0.0,True
VXX,2026-09-18T04:00:00-04:00,pre-market,17.67,17.68,17.58,17.63,0,0.0,0.0,False
VXX,2026-09-18T04:30:00-04:00,pre-market,17.67,17.69,17.67,17.67,0,0.0,0.0,False
VXX,2026-09-18T05:00:00-04:00,pre-market,17.64,17.68,17.64,17.6674,0,0.0,0.0,False
VXX,2026-09-18T05:30:00-04:00,pre-market,17.69,17.7484,17.69,17.7303,0,0.0,0.0,False
VXX,2026-09-18T06:00:00-04:00,pre-market,17.72,17.73,17.72,17.72,0,0.0,0.0,False
VXX,2026-09-18T06:30:00-04:00,pre-market,17.72,17.72,17.68,17.71,0,0.0,0.0,False
VXX,2026-09-18T07:00:00-04:00,pre-market,17.7,17.78,17.7,17.76,0,0.0,0.0,False
VXX,2026-09-18T07:30:00-04:00,pre-market,17.75,17.78,17.7301,17.76,0,0.0,0.0,False
VXX,2026-09-18T08:00:00-04:00,pre-market,17.76,17.83,17.74,17.81,0,0.0,0.0,False
VXX,2026-09-18T08:30:00-04:00,pre-market,17.81,17.81,17.75,17.77,0,0.0,0.0,False
VXX,2026-09-18T09:00:00-04:00,pre-market,17.76,17.7987,17.76,17.78,0,0.0,0.0,False
VXX,2026-09-18T09:30:00-04:00,regular market,17.760000228881836,17.920000076293945,17.7450008392334,17.920000076293945,762022,0.0,0.0,True
VXX,2026-09-18T10:00:00-04:00,regular market,17.915000915527344,17.99049949645996,17.8799991607666,17.915000915527344,748883,0.0,0.0,True
VXX,2026-09-18T10:30:00-04:00,regular market,17.915000915527344,17.940000534057617,17.80500030517578,17.834999084472656,744067,0.0,0.0,True
VXX,2026-09-18T11:00:00-04:00,regular market,17.834999084472656,17.854999542236328,17.795000076293945,17.844999313354492,1017389,0.0,0.0,True
VXX,2026-09-18T11:30:00-04:00,regular market,17.84000015258789,17.954999923706055,17.790000915527344,17.930099487304688,487109,0.0,0.0,True
VXX,2026-09-18T12:00:00-04:00,regular market,17.920000076293945,17.9950008392334,17.895000457763672,17.93000030517578,390728,0.0,0.0,True
VXX,2026-09-18T12:30:00-04:00,regular market,17.950000762939453,17.950300216674805,17.8700008392334,17.893600463867188,198399,0.0,0.0,True
VXX,2026-09-18T13:00:00-04:00,regular market,17.895000457763672,17.924999237060547,17.8799991607666,17.90999984741211,190042,0.0,0.0,True
VXX,2026-09-18T13:30:00-04:00,regular market,17.90999984741211,17.920000076293945,17.850000381469727,17.860000610351562,199559,0.0,0.0,True
VXX,2026-09-18T14:00:00-04:00,regular market,17.854999542236328,17.8700008392334,17.829999923706055,17.850299835205078,232396,0.0,0.0,True
VXX,2026-09-18T14:30:00-04:00,regular market,17.850000381469727,17.8700008392334,17.81049919128418,17.8700008392334,312097,0.0,0.0,True
VXX,2026-09-18T15:00:00-04:00,regular market,17.860000610351562,17.860000610351562,17.774999618530273,17.850000381469727,391406,0.0,0.0,True
VXX,2026-09-18T15:30:00-04:00,regular market,17.850299835205078,17.850299835205078,17.735000610351562,17.770000457763672,697896,0.0,0.0,True
VXX,2026-09-18T16:00:00-04:00,after hours,17.77,17.858,17.74,17.77,0,0.0,0.0,False
VXX,2026-09-18T16:30:00-04:00,after hours,17.77,17.79,17.75,17.79,0,0.0,0.0,False
VXX,2026-09-18T17:00:00-04:00,after hours,17.79,17.8138,17.77,17.78,0,0.0,0.0,False
VXX,2026-09-18T17:30:00-04:00,after hours,17.78,17.82,17.775,17.82,0,0.0,0.0,False
VXX,2026-09-18T18:00:00-04:00,after hours,17.82,17.9,17.8,17.83,0,0.0,0.0,False
VXX,2026-09-18T18:30:00-04:00,after hours,17.85,17.856,17.81,17.83,0,0.0,0.0,False
VXX,2026-09-18T19:00:00-04:00,after hours,17.87,17.87,17.8,17.8,0,0.0,0.0,False
VXX,2026-09-18T19:30:00-04:00,after hours,17.839,17.86,17.8046,17.85,0,0.0,0.0,False
VXX,2026-09-21T04:00:00-04:00,pre-market,17.52,17.61,17.51,17.52,0,0.0,0.0,False
VXX,2026-09-21T04:30:00-04:00,pre-market,17.5,17.5,17.48,17.4834,0,0.0,0.0,False
VXX,2026-09-21T05:00:00-04:00,pre-market,17.48,17.5,17.48,17.5,0,0.0,0.0,False
VXX,2026-09-21T05:30:00-04:00,pre-market,17.49,17.54,17.48,17.54,0,0.0,0.0,False
VXX,2026-09-21T06:00:00-04:00,pre-market,17.54,17.57,17.5,17.55,0,0.0,0.0,False
VXX,2026-09-21T06:30:00-04:00,pre-market,17.52,17.55,17.52,17.55,0,0.0,0.0,False
VXX,2026-09-21T07:00:00-04:00,pre-market,17.5492,17.5492,17.48,17.49,0,0.0,0.0,False
VXX,2026-09-21T07:30:00-04:00,pre-market,17.4835,17.5,17.4835,17.49,0,0.0,0.0,False
VXX,2026-09-21T08:00:00-04:00,pre-market,17.5,17.5,17.48,17.5,0,0.0,0.0,False
VXX,2026-09-21T08:30:00-04:00,pre-market,17.51,17.52,17.48,17.5,0,0.0,0.0,False
VXX,2026-09-21T09:00:00-04:00,pre-market,17.52,17.53,17.5,17.51,0,0.0,0.0,False
VXX,2026-09-21T09:30:00-04:00,regular market,17.479999542236328,17.610000610351562,17.469999313354492,17.559999465942383,1180742,0.0,0.0,True
VXX,2026-09-21T10:00:00-04:00,regular market,17.5674991607666,17.635000228881836,17.545000076293945,17.635000228881836,723024,0.0,0.0,True
VXX,2026-09-21T10:30:00-04:00,regular market,17.635000228881836,17.649999618530273,17.5,17.5049991607666,585173,0.0,0.0,True
VXX,2026-09-21T11:00:00-04:00,regular market,17.5,17.584999084472656,17.490100860595703,17.575000762939453,456856,0.0,0.0,True
VXX,2026-09-21T11:30:00-04:00,regular market,17.575000762939453,17.69499969482422,17.56999969482422,17.610000610351562,568721,0.0,0.0,True
VXX,2026-09-21T12:00:00-04:00,regular market,17.610000610351562,17.638200759887695,17.56999969482422,17.6200008392334,546942,0.0,0.0,True
VXX,2026-09-21T12:30:00-04:00,regular market,17.628700256347656,17.686100006103516,17.628400802612305,17.68000030517578,441747,0.0,0.0,True
VXX,2026-09-21T13:00:00-04:00,regular market,17.68000030517578,17.71500015258789,17.635000228881836,17.68000030517578,573788,0.0,0.0,True
VXX,2026-09-21T13:30:00-04:00,regular market,17.68000030517578,17.725000381469727,17.65999984741211,17.71500015258789,566945,0.0,0.0,True
VXX,2026-09-21T14:00:00-04:00,regular market,17.709999084472656,17.739999771118164,17.690000534057617,17.735000610351562,477940,0.0,0.0,True
VXX,2026-09-21T14:30:00-04:00,regular market,17.739999771118164,17.78499984741211,17.729999542236328,17.78499984741211,586312,0.0,0.0,True
VXX,2026-09-21T15:00:00-04:00,regular market,17.78030014038086,17.790000915527344,17.7450008392334,17.760000228881836,695742,0.0,0.0,True
VXX,2026-09-21T15:30:00-04:00,regular market,17.765100479125977,17.765100479125977,17.670000076293945,17.68000030517578,1124024,0.0,0.0,True
VXX,2026-09-21T16:00:00-04:00,after hours,17.69,17.7872,17.65,17.7872,0,0.0,0.0,False
VXX,2026-09-21T16:30:00-04:00,after hours,17.67,17.68,17.67,17.67,0,0.0,0.0,False
VXX,2026-09-21T17:00:00-04:00,after hours,17.66,17.66,17.66,17.66,0,0.0,0.0,False
VXX,2026-09-21T17:30:00-04:00,after hours,17.6542,17.6542,17.6542,17.6542,0,0.0,0.0,False
VXX,2026-09-21T18:00:00-04:00,after hours,17.65,17.65,17.63,17.64,0,0.0,0.0,False
VXX,2026-09-21T18:30:00-04:00,after hours,17.65,17.65,17.63,17.63,0,0.0,0.0,False
VXX,2026-09-21T19:00:00-04:00,after hours,17.66,17.66,17.66,17.66,0,0.0,0.0,False
VXX,2026-09-21T19:30:00-04:00,after hours,17.67,17.6869,17.67,17.6823,0,0.0,0.0,False
VXX,2026-09-22T04:00:00-04:00,pre-market,17.58,17.62,17.52,17.58,0,0.0,0.0,False
VXX,2026-09-22T04:30:00-04:00,pre-market,17.59,17.6,17.54,17.55,0,0.0,0.0,False
VXX,2026-09-22T05:00:00-04:00,pre-market,17.55,17.55,17.52,17.52,0,0.0,0.0,False
VXX,2026-09-22T05:30:00-04:00,pre-market,17.53,17.53,17.49,17.49,0,0.0,0.0,False
VXX,2026-09-22T06:00:00-04:00,pre-market,17.5,17.51,17.48,17.48,0,0.0,0.0,False
VXX,2026-09-22T06:30:00-04:00,pre-market,17.49,17.49,17.48,17.48,0,0.0,0.0,False
VXX,2026-09-22T07:00:00-04:00,pre-market,17.51,17.55,17.5,17.55,0,0.0,0.0,False
VXX,2026-09-22T07:30:00-04:00,pre-market,17.54,17.55,17.5,17.51,0,0.0,0.0,False
VXX,2026-09-22T08:00:00-04:00,pre-market,17.52,17.53,17.506,17.52,0,0.0,0.0,False
VXX,2026-09-22T08:30:00-04:00,pre-market,17.53,17.53,17.5,17.5,0,0.0,0.0,False
VXX,2026-09-22T09:00:00-04:00,pre-market,17.4902,17.5,17.46,17.49,0,0.0,0.0,False
VXX,2026-09-22T09:30:00-04:00,regular market,17.5,17.549999237060547,17.420000076293945,17.424999237060547,1382562,0.0,0.0,True
VXX,2026-09-22T10:00:00-04:00,regular market,17.428199768066406,17.43000030517578,17.362300872802734,17.385000228881836,876358,0.0,0.0,True
VXX,2026-09-22T10:30:00-04:00,regular market,17.385000228881836,17.3976993560791,17.329999923706055,17.350000381469727,690468,0.0,0.0,True
VXX,2026-09-22T11:00:00-04:00,regular market,17.353099822998047,17.354999542236328,17.280000686645508,17.295000076293945,434758,0.0,0.0,True
VXX,2026-09-22T11:30:00-04:00,regular market,17.299999237060547,17.325000762939453,17.239999771118164,17.24880027770996,360561,0.0,0.0,True
VXX,2026-09-22T12:00:00-04:00,regular market,17.24250030517578,17.25,17.190000534057617,17.19499969482422,364310,0.0,0.0,True
VXX,2026-09-22T12:30:00-04:00,regular market,17.19499969482422,17.2450008392334,17.18000030517578,17.209999084472656,617938,0.0,0.0,True
VXX,2026-09-22T13:00:00-04:00,regular market,17.209999084472656,17.209999084472656,17.18000030517578,17.190000534057617,274321,0.0,0.0,True
VXX,2026-09-22T13:30:00-04:00,regular market,17.190500259399414,17.200000762939453,17.155000686645508,17.16990089416504,393416,0.0,0.0,True
VXX,2026-09-22T14:00:00-04:00,regular market,17.165000915527344,17.189899444580078,17.15999984741211,17.18000030517578,173994,0.0,0.0,True
VXX,2026-09-22T14:30:00-04:00,regular market,17.184999465942383,17.19499969482422,17.15999984741211,17.19499969482422,196762,0.0,0.0,True
VXX,2026-09-22T15:00:00-04:00,regular market,17.190000534057617,17.204999923706055,17.125,17.1299991607666,435693,0.0,0.0,True
VXX,2026-09-22T15:30:00-04:00,regular market,17.1299991607666,17.190000534057617,17.1200008392334,17.170000076293945,1053559,0.0,0.0,True
VXX,2026-09-22T16:00:00-04:00,after hours,17.18,17.209,17.13,17.209,0,0.0,0.0,False
VXX,2026-09-22T16:30:00-04:00,after hours,17.1579,17.21,17.1579,17.21,0,0.0,0.0,False
VXX,2026-09-22T17:00:00-04:00,after hours,17.22,17.22,17.21,17.22,0,0.0,0.0,False
VXX,2026-09-22T17:30:00-04:00,after hours,17.2284,17.2284,17.19,17.2199,0,0.0,0.0,False
VXX,2026-09-22T18:00:00-04:00,after hours,17.2166,17.2166,17.2166,17.2166,0,0.0,0.0,False
VXX,2026-09-22T18:30:00-04:00,after hours,17.18,17.1801,17.1577,17.1577,0,0.0,0.0,False
VXX,2026-09-22T19:00:00-04:00,after hours,17.1953,17.1953,17.18,17.1891,0,0.0,0.0,False
VXX,2026-09-22T19:30:00-04:00,after hours,17.1892,17.1892,17.17,17.18,0,0.0,0.0,False
VXX,2026-09-23T04:00:00-04:00,pre-market,17.15,17.18,17.13,17.15,0,0.0,0.0,False
VXX,2026-09-23T04:30:00-04:00,pre-market,17.17,17.2,17.17,17.2,0,0.0,0.0,False
VXX,2026-09-23T05:00:00-04:00,pre-market,17.2,17.2,17.19,17.2,0,0.0,0.0,False
VXX,2026-09-23T06:00:00-04:00,pre-market,17.2,17.2,17.1992,17.1992,0,0.0,0.0,False
VXX,2026-09-23T06:30:00-04:00,pre-market,17.2,17.21,17.2,17.21,0,0.0,0.0,False
VXX,2026-09-23T07:00:00-04:00,pre-market,17.2,17.23,17.19,17.2299,0,0.0,0.0,False
VXX,2026-09-23T07:30:00-04:00,pre-market,17.235,17.26,17.2317,17.24,0,0.0,0.0,False
VXX,2026-09-23T08:00:00-04:00,pre-market,17.22,17.24,17.22,17.22,0,0.0,0.0,False
VXX,2026-09-23T08:30:00-04:00,pre-market,17.22,17.22,17.2,17.2,0,0.0,0.0,False
VXX,2026-09-23T09:00:00-04:00,pre-market,17.2,17.21,17.2,17.2,0,0.0,0.0,False
VXX,2026-09-23T09:30:00-04:00,regular market,17.170000076293945,17.280000686645508,17.135000228881836,17.2549991607666,597556,0.0,0.0,True
VXX,2026-09-23T10:00:00-04:00,regular market,17.25029945373535,17.395000457763672,17.190000534057617,17.344999313354492,925005,0.0,0.0,True
VXX,2026-09-23T10:30:00-04:00,regular market,17.344999313354492,17.385000228881836,17.239999771118164,17.260000228881836,928111,0.0,0.0,True
VXX,2026-09-23T11:00:00-04:00,regular market,17.264999389648438,17.299999237060547,17.2450008392334,17.295000076293945,260682,0.0,0.0,True
VXX,2026-09-23T11:30:00-04:00,regular market,17.290000915527344,17.328800201416016,17.270000457763672,17.30500030517578,486412,0.0,0.0,True
VXX,2026-09-23T12:00:00-04:00,regular market,17.30500030517578,17.34760093688965,17.30500030517578,17.334999084472656,197351,0.0,0.0,True
VXX,2026-09-23T12:30:00-04:00,regular market,17.334999084472656,17.4950008392334,17.299999237060547,17.44499969482422,494502,0.0,0.0,True
VXX,2026-09-23T13:00:00-04:00,regular market,17.44499969482422,17.565000534057617,17.420000076293945,17.524999618530273,753768,0.0,0.0,True
VXX,2026-09-23T13:30:00-04:00,regular market,17.540000915527344,17.56999969482422,17.344999313354492,17.364999771118164,894081,0.0,0.0,True
VXX,2026-09-23T14:00:00-04:00,regular market,17.364999771118164,17.450000762939453,17.364999771118164,17.440000534057617,213413,0.0,0.0,True
VXX,2026-09-23T14:30:00-04:00,regular market,17.440000534057617,17.509899139404297,17.40999984741211,17.417600631713867,211476,0.0,0.0,True
VXX,2026-09-23T15:00:00-04:00,regular market,17.420000076293945,17.579999923706055,17.420000076293945,17.565000534057617,604477,0.0,0.0,True
VXX,2026-09-23T15:30:00-04:00,regular market,17.560100555419922,17.604999542236328,17.459999084472656,17.479999542236328,1730779,0.0,0.0,True
VXX,2026-09-23T16:00:00-04:00,after hours,17.49,17.51,17.48,17.498,0,0.0,0.0,False
VXX,2026-09-23T16:30:00-04:00,after hours,17.49,17.49,17.47,17.49,0,0.0,0.0,False
VXX,2026-09-23T17:00:00-04:00,after hours,17.49,17.49,17.484,17.49,0,0.0,0.0,False
VXX,2026-09-23T17:30:00-04:00,after hours,17.49,17.49,17.424,17.4723,0,0.0,0.0,False
VXX,2026-09-23T18:00:00-04:00,after hours,17.45,17.45,17.42,17.42,0,0.0,0.0,False
VXX,2026-09-23T19:00:00-04:00,after hours,17.4469,17.45,17.4469,17.45,0,0.0,0.0,False
VXX,2026-09-23T19:30:00-04:00,after hours,17.499,17.5,17.499,17.5,0,0.0,0.0,False
VXX,2026-09-24T04:00:00-04:00,pre-market,17.61,17.7,17.49,17.66,0,0.0,0.0,False
VXX,2026-09-24T04:30:00-04:00,pre-market,17.7,17.72,17.66,17.68,0,0.0,0.0,False
VXX,2026-09-24T05:00:00-04:00,pre-market,17.6584,17.6584,17.62,17.64,0,0.0,0.0,False
VXX,2026-09-24T05:30:00-04:00,pre-market,17.65,17.76,17.63,17.69,0,0.0,0.0,False
VXX,2026-09-24T06:00:00-04:00,pre-market,17.65,17.7,17.62,17.69,0,0.0,0.0,False
VXX,2026-09-24T06:30:00-04:00,pre-market,17.7,17.7,17.57,17.61,0,0.0,0.0,False
VXX,2026-09-24T07:00:00-04:00,pre-market,17.61,17.64,17.57,17.61,0,0.0,0.0,False
VXX,2026-09-24T07:30:00-04:00,pre-market,17.61,17.6996,17.6,17.66,0,0.0,0.0,False
VXX,2026-09-24T08:00:00-04:00,pre-market,17.67,17.68,17.58,17.6,0,0.0,0.0,False
VXX,2026-09-24T08:30:00-04:00,pre-market,17.6085,17.72,17.6,17.65,0,0.0,0.0,False
VXX,2026-09-24T09:00:00-04:00,pre-market,17.65,17.66,17.63,17.6405,0,0.0,0.0,False
VXX,2026-09-24T09:30:00-04:00,regular market,17.600000381469727,17.639999389648438,17.540000915527344,17.59000015258789,1354043,0.0,0.0,True
WDC,2026-09-18T04:00:00-04:00,pre-market,428.93,430.57,423.87,429.0,0,0.0,0.0,False
WDC,2026-09-18T04:30:00-04:00,pre-market,429.91,430.35,428.18,428.51,0,0.0,0.0,False
WDC,2026-09-18T05:00:00-04:00,pre-market,428.39,429.0,427.0,427.7975,0,0.0,0.0,False
WDC,2026-09-18T05:30:00-04:00,pre-market,427.78,427.8,426.0,427.1,0,0.0,0.0,False
WDC,2026-09-18T06:00:00-04:00,pre-market,427.3,428.8187,426.8,427.26,0,0.0,0.0,False
WDC,2026-09-18T06:30:00-04:00,pre-market,427.24,428.02,426.98,427.22,0,0.0,0.0,False
WDC,2026-09-18T07:00:00-04:00,pre-market,427.2,429.0,426.0,426.25,0,0.0,0.0,False
WDC,2026-09-18T07:30:00-04:00,pre-market,426.0875,426.8,425.0,426.23,0,0.0,0.0,False
WDC,2026-09-18T08:00:00-04:00,pre-market,426.5,426.79,424.82,425.25,0,0.0,0.0,False
WDC,2026-09-18T08:30:00-04:00,pre-market,425.78,426.0,424.5,424.5,0,0.0,0.0,False
WDC,2026-09-18T09:00:00-04:00,pre-market,424.9163,429.6,423.87,428.95,0,0.0,0.0,False
WDC,2026-09-18T09:30:00-04:00,regular market,427.4949951171875,439.760009765625,424.5450134277344,433.2650146484375,1338328,0.0,0.0,True
WDC,2026-09-18T10:00:00-04:00,regular market,433.0199890136719,435.2756042480469,427.7200012207031,433.2799987792969,404629,0.0,0.0,True
WDC,2026-09-18T10:30:00-04:00,regular market,433.19500732421875,438.95989990234375,433.19500732421875,436.0849914550781,432217,0.0,0.0,True
WDC,2026-09-18T11:00:00-04:00,regular market,436.1050109863281,438.6400146484375,434.1900939941406,436.9700012207031,290730,0.0,0.0,True
WDC,2026-09-18T11:30:00-04:00,regular market,436.8800048828125,438.0,435.67999267578125,436.92999267578125,186158,0.0,0.0,True
WDC,2026-09-18T12:00:00-04:00,regular market,436.739990234375,438.2300109863281,434.2200012207031,434.95001220703125,172690,0.0,0.0,True
WDC,2026-09-18T12:30:00-04:00,regular market,434.95001220703125,437.3900146484375,434.6351013183594,435.5400085449219,158052,0.0,0.0,True
WDC,2026-09-18T13:00:00-04:00,regular market,435.427490234375,439.5899963378906,435.4150085449219,439.3550109863281,203505,0.0,0.0,True
WDC,2026-09-18T13:30:00-04:00,regular market,439.3599853515625,441.6499938964844,438.9508056640625,441.45001220703125,281161,0.0,0.0,True
WDC,2026-09-18T14:00:00-04:00,regular market,441.510009765625,441.6400146484375,439.2099914550781,440.7349853515625,246682,0.0,0.0,True
WDC,2026-09-18T14:30:00-04:00,regular market,440.8299865722656,442.55999755859375,440.010009765625,442.2349853515625,263181,0.0,0.0,True
WDC,2026-09-18T15:00:00-04:00,regular market,442.2349853515625,442.760009765625,438.0,438.57000732421875,291795,0.0,0.0,True
WDC,2026-09-18T15:30:00-04:00,regular market,438.4949951171875,448.8500061035156,438.2200012207031,441.43499755859375,1088260,0.0,0.0,True
WDC,2026-09-18T16:00:00-04:00,after hours,441.2232,443.25,438.84,441.52,0,0.0,0.0,False
WDC,2026-09-18T16:30:00-04:00,after hours,441.8655,442.88,441.35,441.4,0,0.0,0.0,False
WDC,2026-09-18T17:00:00-04:00,after hours,441.4,444.0,441.4,443.2099,0,0.0,0.0,False
WDC,2026-09-18T17:30:00-04:00,after hours,443.0,443.39,442.3,442.4838,0,0.0,0.0,False
WDC,2026-09-18T18:00:00-04:00,after hours,442.96,443.0,441.36,442.32,0,0.0,0.0,False
WDC,2026-09-18T18:30:00-04:00,after hours,442.32,442.8,441.4,441.61,0,0.0,0.0,False
WDC,2026-09-18T19:00:00-04:00,after hours,441.45,442.12,441.4,441.62,0,0.0,0.0,False
WDC,2026-09-18T19:30:00-04:00,after hours,441.62,442.799,441.4,442.01,0,0.0,0.0,False
WDC,2026-09-21T04:00:00-04:00,pre-market,447.54,451.96,444.0,450.37,0,0.0,0.0,False
WDC,2026-09-21T04:30:00-04:00,pre-market,449.88,453.0,449.84,453.0,0,0.0,0.0,False
WDC,2026-09-21T05:00:00-04:00,pre-market,452.04,453.29,451.81,452.68,0,0.0,0.0,False
WDC,2026-09-21T05:30:00-04:00,pre-market,452.25,453.88,452.2,452.22,0,0.0,0.0,False
WDC,2026-09-21T06:00:00-04:00,pre-market,452.21,453.72,452.03,453.12,0,0.0,0.0,False
WDC,2026-09-21T06:30:00-04:00,pre-market,453.14,456.0,452.83,454.99,0,0.0,0.0,False
WDC,2026-09-21T07:00:00-04:00,pre-market,454.08,456.0,441.36,453.03,0,0.0,0.0,False
WDC,2026-09-21T07:30:00-04:00,pre-market,453.49,455.0,452.03,455.0,0,0.0,0.0,False
WDC,2026-09-21T08:00:00-04:00,pre-market,454.03,456.88,453.71,453.72,0,0.0,0.0,False
WDC,2026-09-21T08:30:00-04:00,pre-market,453.72,455.94,453.31,455.2,0,0.0,0.0,False
WDC,2026-09-21T09:00:00-04:00,pre-market,455.03,458.2607,455.0,455.35,0,0.0,0.0,False
WDC,2026-09-21T09:30:00-04:00,regular market,455.0899963378906,460.489990234375,439.510009765625,441.8999938964844,1778607,0.0,0.0,True
WDC,2026-09-21T10:00:00-04:00,regular market,441.7900085449219,443.25,437.2001037597656,441.20001220703125,750816,0.0,0.0,True
WDC,2026-09-21T10:30:00-04:00,regular market,441.3999938964844,446.69000244140625,438.29998779296875,446.17999267578125,519920,0.0,0.0,True
WDC,2026-09-21T11:00:00-04:00,regular market,446.1499938964844,448.260009765625,442.2099914550781,444.0799865722656,589596,0.0,0.0,True
WDC,2026-09-21T11:30:00-04:00,regular market,444.06500244140625,444.7398986816406,439.760009765625,440.20819091796875,226845,0.0,0.0,True
WDC,2026-09-21T12:00:00-04:00,regular market,440.1199951171875,444.7449951171875,439.79998779296875,443.30999755859375,265471,0.0,0.0,True
WDC,2026-09-21T12:30:00-04:00,regular market,443.1000061035156,443.3299865722656,441.17999267578125,442.82000732421875,149098,0.0,0.0,True
WDC,2026-09-21T13:00:00-04:00,regular market,442.9049987792969,443.39990234375,441.42999267578125,442.0799865722656,117804,0.0,0.0,True
WDC,2026-09-21T13:30:00-04:00,regular market,442.19000244140625,445.57000732421875,442.1308898925781,444.6600036621094,195148,0.0,0.0,True
WDC,2026-09-21T14:00:00-04:00,regular market,444.760009765625,447.239990234375,444.0,446.75,195993,0.0,0.0,True
WDC,2026-09-21T14:30:00-04:00,regular market,446.92999267578125,447.79949951171875,446.05999755859375,447.7550048828125,145754,0.0,0.0,True
WDC,2026-09-21T15:00:00-04:00,regular market,447.6600036621094,447.8232116699219,444.2900085449219,444.32598876953125,188262,0.0,0.0,True
WDC,2026-09-21T15:30:00-04:00,regular market,444.510009765625,448.3299865722656,443.7900085449219,448.19000244140625,608578,0.0,0.0,True
WDC,2026-09-21T16:00:00-04:00,after hours,448.02,449.51,445.66,447.01,0,0.0,0.0,False
WDC,2026-09-21T16:30:00-04:00,after hours,447.02,448.17,447.02,447.55,0,0.0,0.0,False
WDC,2026-09-21T17:00:00-04:00,after hours,447.68,448.0,447.5,447.85,0,0.0,0.0,False
WDC,2026-09-21T17:30:00-04:00,after hours,447.5542,448.4,447.5,448.399,0,0.0,0.0,False
WDC,2026-09-21T18:00:00-04:00,after hours,448.49,448.99,448.06,448.99,0,0.0,0.0,False
WDC,2026-09-21T18:30:00-04:00,after hours,448.85,449.35,448.17,449.32,0,0.0,0.0,False
WDC,2026-09-21T19:00:00-04:00,after hours,449.32,449.45,448.82,448.82,0,0.0,0.0,False
WDC,2026-09-21T19:30:00-04:00,after hours,449.28,449.28,448.2,448.5,0,0.0,0.0,False
WDC,2026-09-22T04:00:00-04:00,pre-market,441.41,449.8,437.18,437.6837,0,0.0,0.0,False
WDC,2026-09-22T04:30:00-04:00,pre-market,437.66,441.97,437.25,441.7,0,0.0,0.0,False
WDC,2026-09-22T05:00:00-04:00,pre-market,441.46,442.9402,440.01,441.0,0,0.0,0.0,False
WDC,2026-09-22T05:30:00-04:00,pre-market,441.1586,445.25,440.97,444.15,0,0.0,0.0,False
WDC,2026-09-22T06:00:00-04:00,pre-market,444.15,445.25,443.08,444.65,0,0.0,0.0,False
WDC,2026-09-22T06:30:00-04:00,pre-market,443.27,445.0,443.0,444.01,0,0.0,0.0,False
WDC,2026-09-22T07:00:00-04:00,pre-market,444.4,444.97,441.5,441.88,0,0.0,0.0,False
WDC,2026-09-22T07:30:00-04:00,pre-market,442.92,443.5888,441.0,441.203,0,0.0,0.0,False
WDC,2026-09-22T08:00:00-04:00,pre-market,441.3438,494.09,441.0,442.46,0,0.0,0.0,False
WDC,2026-09-22T08:30:00-04:00,pre-market,442.46,443.99,366.22,441.51,0,0.0,0.0,False
WDC,2026-09-22T09:00:00-04:00,pre-market,441.34,442.49,437.63,438.34,0,0.0,0.0,False
WDC,2026-09-22T09:30:00-04:00,regular market,438.5799865722656,474.5400085449219,438.0,473.489990234375,1610305,0.0,0.0,True
WDC,2026-09-22T10:00:00-04:00,regular market,473.2149963378906,474.0,461.2099914550781,462.8599853515625,914774,0.0,0.0,True
WDC,2026-09-22T10:30:00-04:00,regular market,463.1400146484375,465.1600036621094,456.0,457.1000061035156,460375,0.0,0.0,True
WDC,2026-09-22T11:00:00-04:00,regular market,457.0249938964844,459.3900146484375,448.6000061035156,449.06500244140625,497695,0.0,0.0,True
WDC,2026-09-22T11:30:00-04:00,regular market,449.06500244140625,454.6700134277344,448.9132995605469,451.95001220703125,474202,0.0,0.0,True
WDC,2026-09-22T12:00:00-04:00,regular market,452.2200012207031,456.4800109863281,452.05999755859375,454.2250061035156,346031,0.0,0.0,True
WDC,2026-09-22T12:30:00-04:00,regular market,454.3599853515625,460.2308044433594,454.3599853515625,458.1492919921875,310940,0.0,0.0,True
WDC,2026-09-22T13:00:00-04:00,regular market,458.1050109863281,458.1050109863281,454.9100036621094,456.2900085449219,226347,0.0,0.0,True
WDC,2026-09-22T13:30:00-04:00,regular market,456.2900085449219,458.989990234375,455.95001220703125,457.1465148925781,170677,0.0,0.0,True
WDC,2026-09-22T14:00:00-04:00,regular market,456.6499938964844,460.6099853515625,456.489990234375,460.07000732421875,228913,0.0,0.0,True
WDC,2026-09-22T14:30:00-04:00,regular market,459.9549865722656,461.4599914550781,458.55999755859375,460.760009765625,183601,0.0,0.0,True
WDC,2026-09-22T15:00:00-04:00,regular market,460.54998779296875,462.32000732421875,460.0799865722656,460.6300048828125,237946,0.0,0.0,True
WDC,2026-09-22T15:30:00-04:00,regular market,460.6300048828125,466.5400085449219,460.0,464.6000061035156,776687,0.0,0.0,True
WDC,2026-09-22T16:00:00-04:00,after hours,464.6,464.85,461.5,462.6,0,0.0,0.0,False
WDC,2026-09-22T16:30:00-04:00,after hours,462.25,464.6,461.75,462.48,0,0.0,0.0,False
WDC,2026-09-22T17:00:00-04:00,after hours,462.3,463.67,462.0,462.59,0,0.0,0.0,False
WDC,2026-09-22T17:30:00-04:00,after hours,463.28,464.6,462.5,462.5,0,0.0,0.0,False
WDC,2026-09-22T18:00:00-04:00,after hours,462.7119,464.6,462.5,463.5,0,0.0,0.0,False
WDC,2026-09-22T18:30:00-04:00,after hours,464.6,465.1224,462.9001,463.67,0,0.0,0.0,False
WDC,2026-09-22T19:00:00-04:00,after hours,463.68,464.68,463.0,463.98,0,0.0,0.0,False
WDC,2026-09-22T19:30:00-04:00,after hours,464.65,465.0,464.0,464.66,0,0.0,0.0,False
WDC,2026-09-23T04:00:00-04:00,pre-market,463.76,465.677,460.64,462.0,0,0.0,0.0,False
WDC,2026-09-23T04:30:00-04:00,pre-market,462.25,462.25,460.07,460.4,0,0.0,0.0,False
WDC,2026-09-23T05:00:00-04:00,pre-market,460.07,463.94,460.07,462.22,0,0.0,0.0,False
WDC,2026-09-23T05:30:00-04:00,pre-market,462.24,463.04,461.03,461.16,0,0.0,0.0,False
WDC,2026-09-23T06:00:00-04:00,pre-market,461.1943,463.4168,461.0,461.0,0,0.0,0.0,False
WDC,2026-09-23T06:30:00-04:00,pre-market,461.01,462.09,460.5397,461.15,0,0.0,0.0,False
WDC,2026-09-23T07:00:00-04:00,pre-market,462.0,464.6,458.01,459.11,0,0.0,0.0,False
WDC,2026-09-23T07:30:00-04:00,pre-market,459.31,460.3137,457.28,459.05,0,0.0,0.0,False
WDC,2026-09-23T08:00:00-04:00,pre-market,459.43,460.0,457.45,459.89,0,0.0,0.0,False
WDC,2026-09-23T08:30:00-04:00,pre-market,460.0,462.0,459.15,460.36,0,0.0,0.0,False
WDC,2026-09-23T09:00:00-04:00,pre-market,461.06,464.58,458.11,463.33,0,0.0,0.0,False
WDC,2026-09-23T09:30:00-04:00,regular market,462.94000244140625,463.3599853515625,445.0199890136719,460.1199951171875,879704,0.0,0.0,True
WDC,2026-09-23T10:00:00-04:00,regular market,460.385009765625,464.4798889160156,457.6700134277344,462.0799865722656,400967,0.0,0.0,True
WDC,2026-09-23T10:30:00-04:00,regular market,462.0849914550781,465.4399108886719,458.239990234375,463.15301513671875,275731,0.0,0.0,True
WDC,2026-09-23T11:00:00-04:00,regular market,463.19500732421875,469.0299987792969,463.19500732421875,466.885009765625,357386,0.0,0.0,True
WDC,2026-09-23T11:30:00-04:00,regular market,466.70001220703125,467.8299865722656,463.5299987792969,464.8399963378906,231434,0.0,0.0,True
WDC,2026-09-23T12:00:00-04:00,regular market,465.1199951171875,472.4800109863281,464.1099853515625,471.5950012207031,290619,0.0,0.0,True
WDC,2026-09-23T12:30:00-04:00,regular market,471.66400146484375,473.20001220703125,467.1300048828125,469.4800109863281,288554,0.0,0.0,True
WDC,2026-09-23T13:00:00-04:00,regular market,469.4800109863281,471.0299987792969,467.0899963378906,469.43499755859375,168141,0.0,0.0,True
WDC,2026-09-23T13:30:00-04:00,regular market,469.4150085449219,471.7900085449219,468.2663879394531,471.63079833984375,112980,0.0,0.0,True
WDC,2026-09-23T14:00:00-04:00,regular market,471.67999267578125,472.19000244140625,468.1852111816406,470.2699890136719,152424,0.0,0.0,True
WDC,2026-09-23T14:30:00-04:00,regular market,470.3299865722656,470.3500061035156,466.6400146484375,468.2200012207031,119728,0.0,0.0,True
WDC,2026-09-23T15:00:00-04:00,regular market,467.989990234375,471.8500061035156,467.1499938964844,470.9049987792969,209526,0.0,0.0,True
WDC,2026-09-23T15:30:00-04:00,regular market,470.95001220703125,475.659912109375,470.79998779296875,473.70001220703125,584043,0.0,0.0,True
WDC,2026-09-23T16:00:00-04:00,after hours,473.69,475.0,471.3518,472.35,0,0.0,0.0,False
WDC,2026-09-23T16:30:00-04:00,after hours,472.35,473.8022,470.053,473.0,0,0.0,0.0,False
WDC,2026-09-23T17:00:00-04:00,after hours,473.4387,473.4387,471.2234,472.1778,0,0.0,0.0,False
WDC,2026-09-23T17:30:00-04:00,after hours,472.5,473.0,471.75,472.381,0,0.0,0.0,False
WDC,2026-09-23T18:00:00-04:00,after hours,473.271,473.92,471.75,472.02,0,0.0,0.0,False
WDC,2026-09-23T18:30:00-04:00,after hours,472.44,473.69,471.03,471.7,0,0.0,0.0,False
WDC,2026-09-23T19:00:00-04:00,after hours,472.0,472.43,471.2,471.2,0,0.0,0.0,False
WDC,2026-09-23T19:30:00-04:00,after hours,471.5,472.0,471.2,471.6263,0,0.0,0.0,False
WDC,2026-09-24T04:00:00-04:00,pre-market,465.5,473.69,460.17,460.17,0,0.0,0.0,False
WDC,2026-09-24T04:30:00-04:00,pre-market,460.342,461.4,457.8,460.0,0,0.0,0.0,False
WDC,2026-09-24T05:00:00-04:00,pre-market,459.01,460.85,458.6724,459.5,0,0.0,0.0,False
WDC,2026-09-24T05:30:00-04:00,pre-market,459.5,460.85,458.01,459.12,0,0.0,0.0,False
WDC,2026-09-24T06:00:00-04:00,pre-market,459.12,461.8384,459.12,460.2627,0,0.0,0.0,False
WDC,2026-09-24T06:30:00-04:00,pre-market,460.86,462.85,460.0,461.5,0,0.0,0.0,False
WDC,2026-09-24T07:00:00-04:00,pre-market,461.55,473.69,461.14,463.25,0,0.0,0.0,False
WDC,2026-09-24T07:30:00-04:00,pre-market,462.7247,463.7605,460.5663,462.78,0,0.0,0.0,False
WDC,2026-09-24T08:00:00-04:00,pre-market,463.408,465.0,461.2,464.0,0,0.0,0.0,False
WDC,2026-09-24T08:30:00-04:00,pre-market,464.0,473.69,460.5,461.46,0,0.0,0.0,False
WDC,2026-09-24T09:00:00-04:00,pre-market,461.0,466.99,461.0,465.11,0,0.0,0.0,False
WDC,2026-09-24T09:30:00-04:00,regular market,465.7349853515625,468.0,453.3725891113281,457.4750061035156,1000419,0.0,0.0,True
WULF,2026-09-18T04:00:00-04:00,pre-market,16.64,16.8696,16.54,16.82,0,0.0,0.0,False
WULF,2026-09-18T04:30:00-04:00,pre-market,16.76,16.8,16.73,16.8,0,0.0,0.0,False
WULF,2026-09-18T05:00:00-04:00,pre-market,16.81,16.81,16.71,16.71,0,0.0,0.0,False
WULF,2026-09-18T05:30:00-04:00,pre-market,16.76,16.76,16.72,16.7271,0,0.0,0.0,False
WULF,2026-09-18T06:00:00-04:00,pre-market,16.72,16.72,16.69,16.72,0,0.0,0.0,False
WULF,2026-09-18T06:30:00-04:00,pre-market,16.71,16.75,16.71,16.72,0,0.0,0.0,False
WULF,2026-09-18T07:00:00-04:00,pre-market,16.72,16.75,16.6597,16.669,0,0.0,0.0,False
WULF,2026-09-18T07:30:00-04:00,pre-market,16.67,16.75,16.61,16.6167,0,0.0,0.0,False
WULF,2026-09-18T08:00:00-04:00,pre-market,16.69,16.69,16.51,16.58,0,0.0,0.0,False
WULF,2026-09-18T08:30:00-04:00,pre-market,16.58,16.68,16.54,16.67,0,0.0,0.0,False
WULF,2026-09-18T09:00:00-04:00,pre-market,16.6603,16.75,16.47,16.74,0,0.0,0.0,False
WULF,2026-09-18T09:30:00-04:00,regular market,16.760000228881836,16.760000228881836,16.3700008392334,16.709999084472656,2956013,0.0,0.0,True
WULF,2026-09-18T10:00:00-04:00,regular market,16.709999084472656,16.71500015258789,16.225000381469727,16.34000015258789,2364301,0.0,0.0,True
WULF,2026-09-18T10:30:00-04:00,regular market,16.334999084472656,16.485000610351562,16.260000228881836,16.389999389648438,1090642,0.0,0.0,True
WULF,2026-09-18T11:00:00-04:00,regular market,16.385000228881836,16.524999618530273,16.350000381469727,16.459999084472656,776000,0.0,0.0,True
WULF,2026-09-18T11:30:00-04:00,regular market,16.454999923706055,16.6299991607666,16.40999984741211,16.530000686645508,835849,0.0,0.0,True
WULF,2026-09-18T12:00:00-04:00,regular market,16.530000686645508,16.545000076293945,16.399999618530273,16.469999313354492,879866,0.0,0.0,True
WULF,2026-09-18T12:30:00-04:00,regular market,16.475000381469727,16.53499984741211,16.354999542236328,16.489999771118164,845076,0.0,0.0,True
WULF,2026-09-18T13:00:00-04:00,regular market,16.4950008392334,16.524999618530273,16.392499923706055,16.479999542236328,661215,0.0,0.0,True
WULF,2026-09-18T13:30:00-04:00,regular market,16.485000610351562,16.75,16.459999084472656,16.725000381469727,2062750,0.0,0.0,True
WULF,2026-09-18T14:00:00-04:00,regular market,16.729999542236328,16.93000030517578,16.665000915527344,16.93000030517578,1929557,0.0,0.0,True
WULF,2026-09-18T14:30:00-04:00,regular market,16.924999237060547,16.929000854492188,16.75,16.854999542236328,943748,0.0,0.0,True
WULF,2026-09-18T15:00:00-04:00,regular market,16.854999542236328,16.969999313354492,16.770000457763672,16.950000762939453,2304182,0.0,0.0,True
WULF,2026-09-18T15:30:00-04:00,regular market,16.954999923706055,17.059999465942383,16.8799991607666,17.0,5045264,0.0,0.0,True
WULF,2026-09-18T16:00:00-04:00,after hours,17.01,17.04,16.92,17.012,0,0.0,0.0,False
WULF,2026-09-18T16:30:00-04:00,after hours,17.01,17.07,17.01,17.01,0,0.0,0.0,False
WULF,2026-09-18T17:00:00-04:00,after hours,17.06,17.07,17.01,17.04,0,0.0,0.0,False
WULF,2026-09-18T17:30:00-04:00,after hours,17.0622,17.07,16.98,16.99,0,0.0,0.0,False
WULF,2026-09-18T18:00:00-04:00,after hours,16.97,17.0211,16.96,17.0,0,0.0,0.0,False
WULF,2026-09-18T18:30:00-04:00,after hours,16.9991,17.0,16.95,16.99,0,0.0,0.0,False
WULF,2026-09-18T19:00:00-04:00,after hours,17.0,17.0,16.97,16.9831,0,0.0,0.0,False
WULF,2026-09-18T19:30:00-04:00,after hours,16.9831,17.0,16.95,16.95,0,0.0,0.0,False
WULF,2026-09-21T04:00:00-04:00,pre-market,17.3309,17.49,17.21,17.49,0,0.0,0.0,False
WULF,2026-09-21T04:30:00-04:00,pre-market,17.46,17.69,17.46,17.65,0,0.0,0.0,False
WULF,2026-09-21T05:00:00-04:00,pre-market,17.63,17.72,17.63,17.69,0,0.0,0.0,False
WULF,2026-09-21T05:30:00-04:00,pre-market,17.67,17.7299,17.63,17.65,0,0.0,0.0,False
WULF,2026-09-21T06:00:00-04:00,pre-market,17.6324,17.7,17.55,17.62,0,0.0,0.0,False
WULF,2026-09-21T06:30:00-04:00,pre-market,17.65,17.7,17.55,17.61,0,0.0,0.0,False
WULF,2026-09-21T07:00:00-04:00,pre-market,17.6,17.6,17.43,17.4617,0,0.0,0.0,False
WULF,2026-09-21T07:30:00-04:00,pre-market,17.51,17.51,17.31,17.3852,0,0.0,0.0,False
WULF,2026-09-21T08:00:00-04:00,pre-market,17.41,17.42,17.25,17.27,0,0.0,0.0,False
WULF,2026-09-21T08:30:00-04:00,pre-market,17.3,17.58,17.25,17.4327,0,0.0,0.0,False
WULF,2026-09-21T09:00:00-04:00,pre-market,17.4,17.52,17.32,17.41,0,0.0,0.0,False
WULF,2026-09-21T09:30:00-04:00,regular market,17.40999984741211,17.5,16.969999313354492,17.049299240112305,4272552,0.0,0.0,True
WULF,2026-09-21T10:00:00-04:00,regular market,17.049999237060547,17.238399505615234,17.03499984741211,17.084999084472656,1670321,0.0,0.0,True
WULF,2026-09-21T10:30:00-04:00,regular market,17.084999084472656,17.325000762939453,17.020000457763672,17.25,2266362,0.0,0.0,True
WULF,2026-09-21T11:00:00-04:00,regular market,17.25,17.514999389648438,17.209999084472656,17.475000381469727,1870476,0.0,0.0,True
WULF,2026-09-21T11:30:00-04:00,regular market,17.469999313354492,17.5,17.38249969482422,17.41510009765625,957184,0.0,0.0,True
WULF,2026-09-21T12:00:00-04:00,regular market,17.415000915527344,17.415000915527344,17.270000457763672,17.344999313354492,975825,0.0,0.0,True
WULF,2026-09-21T12:30:00-04:00,regular market,17.344999313354492,17.434999465942383,17.2450008392334,17.385799407958984,761655,0.0,0.0,True
WULF,2026-09-21T13:00:00-04:00,regular market,17.389999389648438,17.4950008392334,17.350000381469727,17.454999923706055,773584,0.0,0.0,True
WULF,2026-09-21T13:30:00-04:00,regular market,17.459999084472656,17.514999389648438,17.420000076293945,17.420000076293945,921836,0.0,0.0,True
WULF,2026-09-21T14:00:00-04:00,regular market,17.423799514770508,17.690000534057617,17.350000381469727,17.614999771118164,2273633,0.0,0.0,True
WULF,2026-09-21T14:30:00-04:00,regular market,17.6200008392334,17.719999313354492,17.559999465942383,17.645000457763672,1528954,0.0,0.0,True
WULF,2026-09-21T15:00:00-04:00,regular market,17.645000457763672,17.709999084472656,17.549999237060547,17.56999969482422,1613140,0.0,0.0,True
WULF,2026-09-21T15:30:00-04:00,regular market,17.569900512695312,17.584999084472656,17.25,17.46500015258789,3418745,0.0,0.0,True
WULF,2026-09-21T16:00:00-04:00,after hours,17.45,17.62,17.38,17.5,0,0.0,0.0,False
WULF,2026-09-21T16:30:00-04:00,after hours,17.4412,17.5,17.3,17.46,0,0.0,0.0,False
WULF,2026-09-21T17:00:00-04:00,after hours,17.46,17.48,17.45,17.456,0,0.0,0.0,False
WULF,2026-09-21T17:30:00-04:00,after hours,17.46,17.46,17.4,17.4517,0,0.0,0.0,False
WULF,2026-09-21T18:00:00-04:00,after hours,17.45,17.46,17.43,17.4501,0,0.0,0.0,False
WULF,2026-09-21T18:30:00-04:00,after hours,17.4502,17.48,17.45,17.48,0,0.0,0.0,False
WULF,2026-09-21T19:00:00-04:00,after hours,17.48,17.5,17.4501,17.48,0,0.0,0.0,False
WULF,2026-09-21T19:30:00-04:00,after hours,17.4792,17.5,17.43,17.43,0,0.0,0.0,False
WULF,2026-09-22T04:00:00-04:00,pre-market,17.32,17.49,17.1,17.11,0,0.0,0.0,False
WULF,2026-09-22T04:30:00-04:00,pre-market,17.1,17.4465,17.04,17.38,0,0.0,0.0,False
WULF,2026-09-22T05:00:00-04:00,pre-market,17.445,17.445,17.25,17.25,0,0.0,0.0,False
WULF,2026-09-22T05:30:00-04:00,pre-market,17.25,17.5249,17.25,17.51,0,0.0,0.0,False
WULF,2026-09-22T06:00:00-04:00,pre-market,17.53,17.61,17.5,17.51,0,0.0,0.0,False
WULF,2026-09-22T06:30:00-04:00,pre-market,17.51,17.55,17.51,17.54,0,0.0,0.0,False
WULF,2026-09-22T07:00:00-04:00,pre-market,17.52,17.55,17.32,17.38,0,0.0,0.0,False
WULF,2026-09-22T07:30:00-04:00,pre-market,17.38,17.51,17.32,17.3292,0,0.0,0.0,False
WULF,2026-09-22T08:00:00-04:00,pre-market,17.33,17.6,17.28,17.3432,0,0.0,0.0,False
WULF,2026-09-22T08:30:00-04:00,pre-market,17.2968,17.44,17.23,17.2916,0,0.0,0.0,False
WULF,2026-09-22T09:00:00-04:00,pre-market,17.319,17.5,17.29,17.3201,0,0.0,0.0,False
WULF,2026-09-22T09:30:00-04:00,regular market,17.309999465942383,17.739999771118164,17.209999084472656,17.6299991607666,2632226,0.0,0.0,True
WULF,2026-09-22T10:00:00-04:00,regular market,17.614999771118164,17.93000030517578,17.530000686645508,17.770000457763672,2188387,0.0,0.0,True
WULF,2026-09-22T10:30:00-04:00,regular market,17.774999618530273,17.81839942932129,17.415000915527344,17.434999465942383,1640496,0.0,0.0,True
WULF,2026-09-22T11:00:00-04:00,regular market,17.440000534057617,17.520000457763672,17.309999465942383,17.399999618530273,1520492,0.0,0.0,True
WULF,2026-09-22T11:30:00-04:00,regular market,17.40679931640625,17.514999389648438,17.344999313354492,17.510000228881836,954139,0.0,0.0,True
WULF,2026-09-22T12:00:00-04:00,regular market,17.5,17.5049991607666,17.329999923706055,17.405000686645508,905978,0.0,0.0,True
WULF,2026-09-22T12:30:00-04:00,regular market,17.395000457763672,17.5,17.354999542236328,17.424999237060547,1104000,0.0,0.0,True
WULF,2026-09-22T13:00:00-04:00,regular market,17.420000076293945,17.485000610351562,17.415000915527344,17.478599548339844,1064022,0.0,0.0,True
WULF,2026-09-22T13:30:00-04:00,regular market,17.470199584960938,17.540000915527344,17.454999923706055,17.520000457763672,1438470,0.0,0.0,True
WULF,2026-09-22T14:00:00-04:00,regular market,17.524999618530273,17.579999923706055,17.440000534057617,17.524999618530273,797713,0.0,0.0,True
WULF,2026-09-22T14:30:00-04:00,regular market,17.520000457763672,17.549999237060547,17.42009925842285,17.475000381469727,756515,0.0,0.0,True
WULF,2026-09-22T15:00:00-04:00,regular market,17.469999313354492,17.530000686645508,17.329999923706055,17.334999084472656,1332149,0.0,0.0,True
WULF,2026-09-22T15:30:00-04:00,regular market,17.329999923706055,17.43000030517578,17.260000228881836,17.329999923706055,3646257,0.0,0.0,True
WULF,2026-09-22T16:00:00-04:00,after hours,17.33,17.34,17.26,17.3363,0,0.0,0.0,False
WULF,2026-09-22T16:30:00-04:00,after hours,17.3354,17.34,17.32,17.3295,0,0.0,0.0,False
WULF,2026-09-22T17:00:00-04:00,after hours,17.3226,17.38,17.32,17.35,0,0.0,0.0,False
WULF,2026-09-22T17:30:00-04:00,after hours,17.35,17.36,17.32,17.3551,0,0.0,0.0,False
WULF,2026-09-22T18:00:00-04:00,after hours,17.355,17.4,17.32,17.4,0,0.0,0.0,False
WULF,2026-09-22T18:30:00-04:00,after hours,17.4,17.4,17.32,17.36,0,0.0,0.0,False
WULF,2026-09-22T19:00:00-04:00,after hours,17.3433,17.4,17.34,17.37,0,0.0,0.0,False
WULF,2026-09-22T19:30:00-04:00,after hours,17.3738,17.38,17.32,17.3295,0,0.0,0.0,False
WULF,2026-09-23T04:00:00-04:00,pre-market,17.35,17.5369,17.35,17.51,0,0.0,0.0,False
WULF,2026-09-23T04:30:00-04:00,pre-market,17.52,17.52,17.4025,17.45,0,0.0,0.0,False
WULF,2026-09-23T05:00:00-04:00,pre-market,17.45,17.45,17.4035,17.42,0,0.0,0.0,False
WULF,2026-09-23T05:30:00-04:00,pre-market,17.42,17.49,17.42,17.45,0,0.0,0.0,False
WULF,2026-09-23T06:00:00-04:00,pre-market,17.43,17.4569,17.4,17.4,0,0.0,0.0,False
WULF,2026-09-23T06:30:00-04:00,pre-market,17.4,17.4465,17.37,17.41,0,0.0,0.0,False
WULF,2026-09-23T07:00:00-04:00,pre-market,17.42,17.45,17.2,17.21,0,0.0,0.0,False
WULF,2026-09-23T07:30:00-04:00,pre-market,17.22,17.35,17.07,17.2,0,0.0,0.0,False
WULF,2026-09-23T08:00:00-04:00,pre-market,17.24,17.24,17.06,17.1026,0,0.0,0.0,False
WULF,2026-09-23T08:30:00-04:00,pre-market,17.16,17.2983,17.16,17.2559,0,0.0,0.0,False
WULF,2026-09-23T09:00:00-04:00,pre-market,17.257,17.34,17.1,17.19,0,0.0,0.0,False
WULF,2026-09-23T09:30:00-04:00,regular market,17.139999389648438,17.489999771118164,17.010000228881836,17.160999298095703,2732279,0.0,0.0,True
WULF,2026-09-23T10:00:00-04:00,regular market,17.170000076293945,17.235000610351562,16.690000534057617,16.91320037841797,3106141,0.0,0.0,True
WULF,2026-09-23T10:30:00-04:00,regular market,16.90999984741211,17.290000915527344,16.870500564575195,17.280000686645508,1912530,0.0,0.0,True
WULF,2026-09-23T11:00:00-04:00,regular market,17.270000457763672,17.299999237060547,17.079999923706055,17.149999618530273,1114885,0.0,0.0,True
WULF,2026-09-23T11:30:00-04:00,regular market,17.149999618530273,17.21500015258789,16.895000457763672,17.030000686645508,909464,0.0,0.0,True
WULF,2026-09-23T12:00:00-04:00,regular market,17.030000686645508,17.112499237060547,16.854999542236328,17.020000457763672,950229,0.0,0.0,True
WULF,2026-09-23T12:30:00-04:00,regular market,17.020000457763672,17.040000915527344,16.764999389648438,16.815000534057617,1019809,0.0,0.0,True
WULF,2026-09-23T13:00:00-04:00,regular market,16.815000534057617,16.905000686645508,16.65999984741211,16.829999923706055,1797352,0.0,0.0,True
WULF,2026-09-23T13:30:00-04:00,regular market,16.81999969482422,16.860000610351562,16.764999389648438,16.825000762939453,1170116,0.0,0.0,True
WULF,2026-09-23T14:00:00-04:00,regular market,16.825000762939453,16.850000381469727,16.7549991607666,16.795000076293945,1309188,0.0,0.0,True
WULF,2026-09-23T14:30:00-04:00,regular market,16.795000076293945,16.795000076293945,16.670000076293945,16.700000762939453,1796983,0.0,0.0,True
WULF,2026-09-23T15:00:00-04:00,regular market,16.693500518798828,16.69499969482422,16.549999237060547,16.575000762939453,4140382,0.0,0.0,True
WULF,2026-09-23T15:30:00-04:00,regular market,16.575000762939453,16.59000015258789,16.290000915527344,16.354999542236328,6709134,0.0,0.0,True
WULF,2026-09-23T16:00:00-04:00,after hours,16.35,16.7116,16.28,16.35,0,0.0,0.0,False
WULF,2026-09-23T16:30:00-04:00,after hours,16.35,16.4,16.33,16.39,0,0.0,0.0,False
WULF,2026-09-23T17:00:00-04:00,after hours,16.3883,16.4,16.35,16.37,0,0.0,0.0,False
WULF,2026-09-23T17:30:00-04:00,after hours,16.35,16.36,16.35,16.36,0,0.0,0.0,False
WULF,2026-09-23T18:00:00-04:00,after hours,16.36,16.39,16.35,16.39,0,0.0,0.0,False
WULF,2026-09-23T18:30:00-04:00,after hours,16.39,16.39,16.37,16.3867,0,0.0,0.0,False
WULF,2026-09-23T19:00:00-04:00,after hours,16.39,16.39,16.35,16.3867,0,0.0,0.0,False
WULF,2026-09-23T19:30:00-04:00,after hours,16.37,16.39,16.33,16.37,0,0.0,0.0,False
WULF,2026-09-24T04:00:00-04:00,pre-market,16.199,16.4357,16.0236,16.0247,0,0.0,0.0,False
WULF,2026-09-24T04:30:00-04:00,pre-market,16.03,16.2685,15.94,16.0,0,0.0,0.0,False
WULF,2026-09-24T05:00:00-04:00,pre-market,16.0,16.0668,16.0,16.03,0,0.0,0.0,False
WULF,2026-09-24T05:30:00-04:00,pre-market,16.01,16.02,15.93,15.96,0,0.0,0.0,False
WULF,2026-09-24T06:00:00-04:00,pre-market,16.0,16.09,16.0,16.0,0,0.0,0.0,False
WULF,2026-09-24T06:30:00-04:00,pre-market,16.03,16.18,15.9643,16.13,0,0.0,0.0,False
WULF,2026-09-24T07:00:00-04:00,pre-market,16.14,16.23,16.05,16.1391,0,0.0,0.0,False
WULF,2026-09-24T07:30:00-04:00,pre-market,16.11,16.14,16.0161,16.0502,0,0.0,0.0,False
WULF,2026-09-24T08:00:00-04:00,pre-market,16.0594,16.1201,15.99,16.05,0,0.0,0.0,False
WULF,2026-09-24T08:30:00-04:00,pre-market,15.98,16.35,15.89,15.99,0,0.0,0.0,False
WULF,2026-09-24T09:00:00-04:00,pre-market,15.9712,16.16,15.9712,16.09,0,0.0,0.0,False
WULF,2026-09-24T09:30:00-04:00,regular market,16.030000686645508,16.81999969482422,15.880000114440918,16.3700008392334,2741179,0.0,0.0,True
